200	200
-3843 -756 -5831 3201 8066 3874 -3748 2565 -151 -5036 -7845 -3741 -8448 8277 2782 9543 4012 -4792 -4036 -7712 -8056 1717 -7069 1349 2573 -5895 -2326 9646 3210 300 -8130 -6099 5172 386 -2433 -7498 176 -5812 -3595 -5289 -8762 7348 1834 -3762 652 1175 7364 3737 -4009 -6244 9382 -199 -4404 -6895 -6113 -6114 5047 -2805 3620 5876 9401 684 6828 -8185 -257 -1089 -9205 2541 8779 8389 6063 4874 -2763 -9011 2806 -1499 -3023 -6741 -1839 -9246 -3726 -542 804 7881 -8964 5806 7531 8593 4612 5036 -9242 -9728 -9803 -5134 1032 4548 5931 -6040 -7392 6654 -5137 1497 5761 3223 -2791 -8569 7949 9205 -7580 -3398 -5139 -9549 -9262 7855 -3739 6960 3292 9555 987 -5217 697 -7003 -3791 5916 -916 -714 8906 -3768 2995 1977 -2577 -9511 -2985 -6818 -9703 3597 -311 -9467 2948 3468 -2555 8717 -7475 -5058 2302 8581 2230 -9264 -6580 3593 3364 5228 9702 -4379 9624 9444 -2671 -8707 -3602 -127 -2389 -2068 1086 -6187 -1027 -6063 -4500 -8284 6603 -1850 7734 -7685 -3191 9756 5867 -1760 -5444 7246 -4074 3751 -4355 -6449 -8295 5964 2747 2701 -3963 1049 2026 -2551 -9708 799 -6002 453 9790 -2548 9040 4598 2245 -1899
6122 -6844 8144 -6441 2727 8955 -7994 2161 9261 7617 9100 9439 4745 416 6672 5992 -253 -1876 4471 -7226 8741 3118 -431 -1760 -8243 5879 -4188 7491 9548 -2481 7034 9536 35 9185 5807 8538 -528 5957 -6906 -7106 5985 -6813 -3233 -6301 -4436 -3967 7207 -9138 -5215 -8771 -1379 -4312 4031 -1604 -1285 -4722 9901 -1196 2962 4942 207 1754 2319 5449 -2515 4547 7462 -4199 -8449 -3499 6134 2185 -7959 -1332 -4293 -8792 3402 6833 8376 -1190 -4185 8659 9971 -8097 9672 -5402 4443 6784 -4760 6279 8273 4140 4177 -504 3611 -5772 -6373 9996 4125 -1287 1916 4897 -3146 6548 1672 -8684 3089 -5374 -3360 6485 7157 1312 2917 4659 6991 -8436 -8938 -6303 6932 476 3700 -6475 3874 -5897 1020 5256 -3174 -7057 974 -9196 -4954 -2701 -400 3511 8732 -2818 9473 -1512 -3705 4083 -2924 -3244 -5755 -3156 5032 -7342 -62 5458 -9137 -3374 -3788 2492 8831 -4547 -4203 -5053 2702 -6566 6712 -7384 -4806 4792 -2388 -2331 -3729 3014 8626 -9932 8391 567 -2168 2513 2586 6952 -6749 -5921 -7726 -8469 5955 -6422 342 2443 7255 7094 -8935 -7300 -3203 -5543 -5315 -2391 7477 3610 128 8716 2511 1949 8949 4330 -2618 2204
-1771 2348 -2818 -9891 -9014 9179 -2031 -1651 -1736 -6259 -2800 -1364 4201 -8324 -4693 -5064 -5889 498 -7861 -1314 7770 -6059 9688 -6239 8327 -6752 8376 -1536 4486 -136 -7382 6795 -4530 9911 1245 -9617 -1927 6260 4734 -7870 3669 5679 7097 -9826 -3141 4639 8348 4496 -7752 5412 5349 849 -2103 2020 5404 7454 3810 -1172 4109 2242 -3311 -4207 9350 -4546 -3784 4218 -2212 5872 -3141 324 -6946 8866 -4788 6152 -9566 7882 -6621 6400 369 -8474 -3943 3163 2936 -5720 -6064 -2691 -5865 -9498 4894 -9736 -89 9867 -1616 2125 -3026 -1570 -254 -8304 503 5100 -3529 -7613 -321 -7768 3133 5411 7951 7743 -7705 -4118 -6440 -5874 5203 -6396 -1146 -1492 3247 -6447 -6445 -7770 -295 8640 2346 -9326 230 5302 5013 6882 -470 -1464 -1070 -2209 -1532 -8388 785 -625 2364 8474 189 2430 -6397 9868 -9672 -9162 -9324 -9734 -9309 6231 3828 8989 3234 -7817 -855 2191 -9889 5880 -4848 7221 3128 -4844 2245 5897 -7216 5696 9781 -3748 4404 8019 -9043 -2291 6368 2824 4149 -8066 3425 -4424 8566 9073 -5132 9535 -978 5293 -8003 -602 -876 -9962 295 5947 -7464 -3350 -8511 1008 1042 -9813 -3633 8781 -214 -5422 2133 5448
2382 9371 2428 8908 -967 8926 8740 -1941 1406 4093 2094 -270 -8692 769 1378 -3544 -211 9781 -506 9383 -5493 -2122 9 2389 -1523 4046 3954 7989 -4294 -4537 -6959 8145 7960 2368 5285 -4840 2865 3399 7935 7979 -130 5609 67 -5568 1694 7057 -1028 -3963 425 7970 3874 67 8178 5395 2138 -2608 8418 -9846 3320 2868 3019 9388 -7764 -2515 -9261 5450 -8186 4734 -3080 -6572 6334 7239 -2319 6827 -6054 -9088 9079 -6400 122 6126 -4372 6357 6161 -3593 7220 -2742 4777 -6508 -3691 2160 -5965 4692 -2309 -80 -1088 -8553 -2980 -4913 -9676 -5785 7258 5216 -1317 1914 2435 -5771 -7806 6720 6259 -2613 -6788 3872 4762 -1545 1968 917 9293 -3391 -5364 1671 -7067 -6245 8420 4788 -3334 8320 -6057 -1533 -9870 5708 2124 1374 -8933 -9145 5333 -6486 -2401 -6198 -3142 3090 -6914 3996 -4656 859 -3763 -5049 -7997 425 147 5085 4198 -2396 -265 -8033 -6352 5127 3087 3890 3666 -678 9154 -8304 5936 -8901 -6880 319 9062 3880 -6115 9539 -3500 2731 1643 -5229 -2422 3534 4455 -4110 5461 -8754 -7829 -9178 -4505 9109 -1584 7967 3939 9449 -4709 -7020 8919 -7644 6185 5953 2976 -7935 4786 5175 2577 -4094
-647 -9139 -8631 -8412 -8231 -8722 1799 -866 5993 4511 5869 -8320 4065 4233 -9763 7774 7479 9108 -4354 -9837 7543 -1150 274 4617 -6178 -2058 8290 -7931 527 2324 -3083 6076 -4193 -9730 -3852 6971 4462 -649 5399 -8677 -4452 -672 6502 -6914 -7506 8899 4050 3634 -2655 -4158 -1451 7196 1491 7092 5234 2380 6628 -6636 3989 -3554 -1261 -9795 410 -6196 -516 5533 -9262 -8017 -391 -7647 -4536 -7916 -274 3535 -2781 7692 9245 7133 6691 9125 6183 -9668 -5718 -6622 -9250 7354 -8320 -4314 -8392 -8820 3102 -5966 -9239 -4152 4630 -2896 -5077 -2353 -302 -6567 -981 4420 939 -4108 6000 -2651 -5622 8593 -6809 3237 -7105 -1523 3799 497 -8226 -6239 -6080 -1598 -7273 8038 9772 4040 -2990 9453 4692 2612 -1492 1035 9662 6390 2714 8257 5716 5965 1156 -6302 -6699 6244 2603 -9173 9619 -4591 -6415 -8114 -3258 5166 1695 -8543 3047 -1683 -594 -9612 2096 -8443 -6943 -6075 7147 6640 -8022 2506 4786 3267 -6684 -4942 -5637 9425 -2286 3714 -9224 -8689 -4966 -6358 7311 2178 5334 -9158 8076 851 -648 -6223 -7049 -4974 6655 3130 -7698 -6040 7447 -7413 5253 3183 -2799 8974 973 6619 7822 7793 -599 6075 1649 -9159
4033 -5597 -6904 -7542 5909 8112 4243 -6860 296 7486 -4308 6656 -5503 8529 1379 9632 8349 -6345 -9220 -4547 -5170 8665 -2737 -4511 -3453 -4145 6721 -9005 -3065 -4637 -322 -4651 -4016 -6563 -7852 6096 -9936 1939 6623 -3142 8380 -4831 9399 -9902 8887 8205 2138 5626 4285 7300 -971 3580 5290 9093 4673 -270 -9276 1815 6743 430 -4776 6261 -7604 1315 -1215 -8284 -7085 -8846 -8247 4638 8639 -1041 2305 -1911 7919 4467 -5885 -8269 6676 -5871 -1124 1393 6093 1223 6852 9648 -7663 8 7744 2451 -9655 9260 1543 2015 2697 5294 7998 3602 -222 -2519 611 6444 -8712 7447 -2929 3302 9734 7770 7643 2090 8636 5069 -9624 -6820 -2178 4972 -4953 -2212 5402 74 489 -5366 8792 9742 -6694 -7389 -8000 -9134 582 -6095 2221 6785 1758 -713 -5818 -7049 8332 -8105 -1238 -6031 8061 -5804 345 8770 -2893 4827 -1447 -6852 -2776 5731 1250 4378 2400 846 1874 -6461 7505 -4695 -4754 -8768 -6332 8223 -9418 1318 7679 -7338 8205 -2623 3264 -9242 8211 -5593 -6193 -7516 3083 178 -1171 -8261 6452 419 -9314 -9880 -9825 -3257 -3753 735 703 -6417 4015 6376 1059 -9755 -8356 -8049 3465 5109 -4065 -4752 -2136 -3384
7112 3167 -1462 625 -8147 1599 -2819 -9398 110 -4467 4471 9665 1681 7730 1587 2606 -3388 5228 8855 -7658 -4502 9948 -4045 6707 -9003 591 -2078 4591 -2451 2277 9843 5098 -7926 -6625 9412 -3505 4574 1371 -2533 -9187 -3846 3728 6491 6195 3434 -1945 8008 2098 -3923 -4652 395 4642 839 7694 2721 -4712 -2644 -2756 -3919 6248 5496 5385 2667 -2346 6815 -8114 8044 998 5361 3255 -1080 -7564 -842 1459 -3428 -2289 4224 1664 9334 6984 -9977 7740 -1694 -5723 -2957 -6244 3058 3860 -5643 -770 6817 9321 2531 -9860 -7003 -8244 -548 -3434 9678 5296 -8522 2366 -629 8342 -6726 4927 9443 7945 6929 -5659 1728 -2082 7243 9064 489 1058 -113 2889 9438 -5615 -9906 2838 -1006 8792 -2828 -9658 2386 -5903 -3019 -8966 3916 9964 2370 -329 9539 -9959 -6282 6825 -1464 -5652 4998 2706 9957 -1785 -7598 2861 927 -8533 -2404 3691 4103 1000 423 -6071 -8241 1002 691 -3630 -3895 8198 -5530 8507 4499 -8495 4498 7202 6092 6298 -9107 -8001 -4542 -4922 7803 -609 675 5618 8871 -7996 -3124 -92 671 -4701 5941 9718 -193 -8435 7300 8779 -639 -7148 -377 343 884 -5685 -8174 -1142 7542 -3507 -6325 9859
3629 2651 3276 8776 1782 -8338 1279 -5725 9943 7664 -2943 6450 3192 172 8109 2952 -3766 4372 -4148 7218 3033 3130 9361 -6334 5293 -3754 6952 -7411 1545 8373 -963 6026 -8595 -4070 7924 5088 -584 3112 8633 5057 9625 9593 -8844 -850 -9825 6645 -3966 7263 9977 -8400 7799 5633 -6864 -3556 -9603 8906 7215 5052 -5215 1819 -1822 3624 1612 1101 -2686 8543 9008 8097 -7971 -9055 9796 -5356 9576 -9575 -3517 -3645 2898 -5094 -4801 -8635 7778 -5229 708 -3676 -3319 1421 -7552 -5347 -4801 6163 -5904 -4047 8922 -287 -9433 5143 -3187 -8079 5626 8437 2903 2291 3317 -1323 -8136 3476 -5990 7575 1728 9488 -4998 9885 -3782 7810 1192 -8362 -9171 -61 -7099 9260 -6462 -8883 -375 7195 -1434 -9234 7882 -7031 3374 8826 -9221 -2248 3698 -8436 -7491 -5022 5122 4129 -9020 -6853 7113 -4875 -6332 1514 8900 -880 9276 5771 4630 3548 7477 -8102 -9443 -7838 -9934 -5215 7992 -489 -5388 -286 4724 -3644 -3246 4942 -6789 -2267 9607 1225 6815 9139 -8561 -7796 6887 1286 -643 5656 -4924 435 3709 -1514 -4507 -8896 5833 -7188 -3014 -2216 3991 6677 6831 -5048 7878 773 8294 1334 -1330 -2590 1989 4997 1991 -6169
-1203 -8797 -243 243 -92 -4715 -7208 6176 -9056 -8657 2674 -1192 -9973 7378 8767 -9163 -8194 -5538 -3123 -5067 -5454 411 -941 -4552 -1376 2775 -7196 -2139 3682 8216 -9820 -2446 -8091 7978 -5871 -2367 -6880 -224 3797 8436 -5411 -8984 -87 -6925 9013 -2737 -9154 -3731 7871 -9284 -7133 -2048 -3303 6657 5753 -4559 -8664 -3991 9803 2220 8769 96 -9543 -7974 5654 2421 -3348 4514 9318 2209 3233 4178 -1785 2111 4007 -4092 903 -795 6681 1345 7900 3719 -6463 2735 3196 -8870 4190 7917 -5530 -841 8961 -3476 7439 4217 6028 480 -5499 4764 2037 -9771 -4767 -9360 -9646 -2513 7976 795 -5041 5294 8662 4549 -5745 8699 4170 -3749 -4423 -708 409 5529 -9776 2518 -2936 -773 -6440 -4046 -6424 -7636 5188 9012 -5853 -8252 8195 -2092 -7384 8423 -6751 9944 -345 1641 -5271 6830 7694 4247 9650 -2512 9993 -1177 -4543 -8114 -5030 8545 -5036 5193 5424 -6133 -1114 4510 2912 -8850 -4347 4241 -2265 7725 -5057 -2513 -2409 325 1002 582 -2246 -4977 -8025 -1590 1355 9868 -1284 4114 3689 -7305 -7031 -8828 5368 9256 6447 4780 2194 1729 2208 500 -8614 9725 -5088 -8638 4598 -7937 -7627 -414 6784 1529 -7230 -8881
9557 -7503 6989 1587 8676 -8890 -8297 7731 6037 217 7575 -6360 -1995 6351 -7449 9469 4003 9051 4543 -7281 3587 1426 8740 3735 5313 8862 87 -7467 1025 -502 -3836 826 2931 7833 6230 8093 -3658 2843 2101 -8578 -2413 -8868 2125 -8067 -8198 -3464 1676 6213 -7840 8695 3038 5663 4312 -6397 8931 6009 -5187 3168 47 -5264 -1787 -5026 -8623 2929 428 4731 -1274 696 5082 6136 -1093 3629 937 5218 227 -762 -2772 -8887 -3083 -5236 -6278 -6842 9013 4833 1336 -7692 1242 721 8392 -8504 1989 9597 5254 -7582 4869 6701 -1586 1119 -387 -9382 -30 2134 6828 805 -6162 4093 -4335 1990 -8349 6022 -1432 6327 -5119 -9910 -1601 -2387 8417 -9685 -5489 7750 8676 -323 -573 5098 8525 1972 -2921 1736 8172 -5233 5934 8464 -244 4564 -7720 -1205 9119 -5610 -2056 4059 9472 6096 3946 -6372 -3905 -8811 2342 6556 2489 -9072 8037 -3845 -115 4897 4984 -950 6548 -9465 8234 -4011 8370 1410 3293 -7153 -5076 7768 -5980 9217 -9129 -8136 105 8116 5194 -8147 -5875 -1621 -4866 -7218 3944 -9065 4279 -129 8222 -1264 8518 1545 8598 -7649 -4632 3896 6411 5470 -2191 4116 -1364 -1799 -5341 -3248 5801 -9363
-1034 -9909 769 5714 7447 -6140 -8992 -7180 415 -6605 -2054 573 5869 -7071 -1919 -5217 5103 8199 -2100 -4785 8503 784 -6786 -3577 -8483 -5994 -1067 -9189 7584 -4878 3862 1944 872 9243 -4746 3179 -2031 -9973 3772 6014 6395 -949 3945 -1546 6467 6260 -6042 -552 9033 -8314 2298 5617 -8871 -2202 -9258 4206 7 -261 -4045 5165 -3756 5663 4954 5394 -7035 -3685 3906 1556 -7488 2852 -607 4829 -1094 -7729 -9694 -4588 4442 9005 -3610 -4677 -9446 2412 5797 9586 -9098 -5617 -7720 -3647 -5312 -4386 6069 1090 -1818 -9027 -6687 1045 2350 6997 8029 374 -4187 7784 585 9609 -3918 9083 -5286 9058 4245 9659 -6673 6162 5349 -2234 71 -1115 7614 348 8655 -584 -1703 -5132 -3831 7816 -7451 -5462 8080 -2613 9078 -4378 9102 -5841 -3937 8278 -2021 -4663 -298 3508 2847 1379 -1781 -2829 9985 7861 -278 -4939 -3719 8205 -8198 7098 8242 6296 -2969 391 694 659 -4333 4324 -6638 -9920 -3286 4645 -415 -406 -2476 1241 2328 4991 -7743 -1718 9818 8546 -9492 -5360 199 3441 -9483 -999 -6194 5228 -4958 3439 -6498 -411 1943 7640 3190 7158 4169 -644 5913 -5123 -5242 5057 9757 -7520 -3536 3636 -7903 -4630
-7208 -6715 -9947 9168 3079 -7966 -5974 6213 -3472 -1374 -4009 -8029 -4772 5681 -9595 6736 926 -4778 57 -8132 -1154 1816 -4670 -4502 4469 2313 -5189 -6201 -7604 -3216 -9731 5148 813 -6641 9464 9207 1524 -5089 -1942 3731 9254 2964 2816 9300 9839 -6788 -4654 4605 8423 7904 -5285 6235 -823 -6159 -6064 -9612 8100 -5289 -7600 7604 -6152 1620 -8141 -5790 -5732 -518 -8129 5685 -3664 -1970 -5908 -1473 3302 5293 -1439 9719 -4252 4562 -6280 -7997 -749 -8633 6342 7932 4834 5475 4191 -8121 -3690 3868 4468 -8441 9849 -7212 -9903 1515 1638 131 -6916 3892 2743 2274 -2341 1168 -3199 4402 8608 -7895 6518 -6946 8380 -4083 6944 -1695 -8984 1252 -4761 2739 -486 5891 -9370 -3491 -8091 -6480 -6941 -3935 -9114 -6604 -5446 -2200 -9459 3856 -2577 -7491 -484 -7743 1931 -7730 -6777 -5394 -2911 455 -1354 2848 -7363 2586 -2554 7815 7328 4825 -3124 9551 8023 -3988 7009 -8831 -4238 8309 7071 -1107 -7427 -4939 -864 5685 5091 -8663 563 -7395 441 9299 8565 2175 -1651 5872 7391 4801 -4185 -4340 3847 -2307 -144 -9493 8647 -9610 3371 -9547 8681 -7085 4812 599 -4418 -9521 9181 1023 -6257 7791 -7550 -1591 -8544 3576
6628 -273 9303 8577 2954 -5675 -88 4131 3689 -8094 -8831 -3041 2032 5991 168 2653 5936 -2742 -3341 -5321 -2951 2754 -9996 6075 -7148 -6462 709 6034 -4496 9755 -4585 -722 -2241 -6121 -3706 6104 -3129 4251 -2140 -7442 -9122 -979 3756 -2590 5416 357 -8688 -1467 8363 779 5420 8568 2302 -3453 -1445 -4805 -4584 5742 5017 5620 9682 -5521 -601 5561 8300 -6682 8402 2228 -9753 2791 1616 -8197 -8086 -1528 -7489 333 3596 1515 2352 -6287 -6600 -566 -6744 -6035 -1528 7315 -1900 -6997 -9932 1724 -3229 217 1635 4635 7760 5982 5270 -8471 8002 7772 -4897 -9579 1704 2650 -2228 1280 -5905 -9428 -3430 -8966 -1346 -4163 2382 -27 -692 -6423 9563 -4228 -8257 -7368 -5326 -59 5896 1269 4795 -9266 -3884 7099 -4849 179 -3689 -8329 4813 -1755 -7422 467 -6780 9318 -3861 -5347 8836 2882 9882 2008 2639 -9046 -9571 6230 -8289 -1992 465 -4271 8974 -9378 -2206 3284 6856 4278 4489 9889 -9266 1831 7662 4738 4775 2336 5659 4347 6236 2132 6171 -4597 -6983 2623 -3079 75 -2692 -7019 -5488 6161 624 -9694 6538 5532 -8527 -5905 -4424 -2392 -7377 5110 9451 -2088 7933 -4013 7916 -3766 -4717 5586 -4829 -9750
-2906 7617 3145 3871 -6821 1074 23 6798 8934 -3099 -8257 -633 2747 9835 -3835 2685 6381 9472 -3206 -1020 -2438 -8350 4163 3444 -1938 -3749 -2142 524 -5391 2802 334 -6177 -6664 -2622 3095 -8175 -2874 -4460 1334 272 -2567 5038 -9492 6914 3298 6306 302 5905 6694 -4346 -5485 -6781 -1940 -9323 -2108 -8034 7739 -3512 7720 -1638 7735 -2383 -9075 7916 5461 -8352 -2213 -2442 49 -2748 -8766 -5030 -593 9254 -1798 7846 -2884 -9122 -9768 -3206 -6816 221 -3700 5377 -9222 -2183 -9362 -3990 -1368 1241 8906 9726 5644 8021 5079 -4808 803 -2278 5834 -8719 -2168 2381 -3519 -9416 9944 6906 7769 424 -2258 -7998 -2588 -378 7135 2063 7010 2965 -6684 725 -3480 2977 -218 -3057 8313 1459 663 -9845 -2073 -6104 3796 -4059 4331 1551 6584 9750 7246 1193 4232 4862 -5745 3218 -9465 -787 -385 -6852 -5676 -4816 -3022 -7840 -5438 5379 -5215 -7806 2557 943 5873 371 -6713 -6936 556 5556 -281 -3903 -1703 4414 8254 -2810 -3033 9863 7011 9922 5947 9021 -7321 -9182 -3121 7608 7832 -7392 -5663 -9887 2479 -2327 -9856 6127 1252 -2620 -3780 -3325 -4377 -9165 -4708 4072 -9443 -7264 4619 2293 -2163 -8561 -8552 -6122
-4237 6939 -8585 9464 -9911 -9253 3900 9193 6036 -1423 -508 5937 -6281 -4055 7453 -5936 -2838 -9670 -913 8287 8242 -3080 -2689 5811 4203 -9309 895 -3746 -9249 -317 548 -5095 -5492 -5845 -8931 5632 7973 -9529 3333 -7112 4465 -9556 -647 50 6977 -9126 7286 -6387 8739 6739 -1113 -6304 1593 5353 7911 5905 -5395 4503 5513 7426 -4913 395 -4720 509 6604 5550 -5156 8999 6428 6608 8718 3171 -8365 2997 -4214 704 3390 -5247 4355 -6205 7343 -9847 9318 8153 2462 -7570 -1813 -9475 2329 2170 -8964 3112 9323 -1048 -2537 2916 -2097 5295 -3824 3869 255 4059 -7264 -2282 9407 1462 645 -5597 2301 -8646 -64 -9453 7585 -9503 7961 8006 -7572 -1569 2182 7132 -2745 9518 1929 -2900 3580 2992 -7699 3423 4766 -4884 -2848 -5150 553 -3008 -1000 -4422 -8279 -9252 -713 -6750 7094 -3568 -4672 -1259 981 -4497 -6256 1205 -7622 -2690 7290 -2145 -7761 4432 -7052 -9117 -4236 45 6495 -3178 3216 1398 2220 -409 -1763 687 -4448 -3154 6519 2722 -1790 -290 -491 -5598 4298 9771 -8408 -5652 6425 2456 -4597 4365 9285 -6745 6333 6760 7961 -2641 624 2984 -210 -2981 5338 7285 5818 -8657 9459 2520 2857 746
7010 1975 3429 -2583 -4274 -7318 4766 2032 6767 916 -7800 7010 -1471 6028 -7083 -8077 1797 7154 4291 -8471 3306 -8048 4861 -8591 -178 2320 4236 5705 -4644 3090 1606 -5233 7932 -4383 7208 -1520 1273 -3906 3528 5347 -4155 -8138 -5565 -18 -4251 5372 -1124 8322 4950 6337 -7122 -6612 -1124 999 -1333 -1670 4213 1739 -2651 -1918 5228 -7204 -1836 2653 -2953 -1480 4150 4981 -9066 -9530 -2643 9485 -4133 -8459 -7759 4025 -7111 7774 419 -2264 3823 -7971 1457 9570 -1036 -1706 -4058 8039 5099 -7313 3856 -5273 4203 -181 -8564 6745 4003 5012 327 9009 -4872 -6561 5627 -9609 -6930 3004 6673 -8043 -5575 1627 1975 7347 -9068 -6356 3225 -5190 -7153 8940 1645 -8156 755 2781 -5998 9358 9199 -6493 -6968 1421 3911 -6767 -6000 -4175 8748 -7652 1856 -4159 -8644 -3697 -4782 3332 -9245 -1736 935 -8300 530 1726 -1246 -4947 -8930 2209 -5300 -1121 1980 4966 -9240 -8313 -1394 9458 -7362 3474 829 -9176 -7716 9865 267 -7774 -3908 -2825 -3786 -1244 2809 -557 2119 357 7410 -3877 2072 5905 7296 9646 -1196 7784 4790 -1209 8065 7168 1591 520 388 -2981 -6319 -6973 -2045 -6299 8940 -3682 -1052 3002 -3829 -5022
-2952 -6877 1408 9849 -1244 7913 952 -6175 7145 -7317 3094 6919 3553 671 -8863 -3394 9547 9598 -1350 -8806 8517 -5270 -9158 6895 -9592 -61 3575 -9424 -4335 2099 -9115 -3527 -7635 -3825 -9659 -5611 -3241 -4948 7170 -1246 -3912 -3508 7536 2781 -8617 -773 -8418 2366 -6565 -5946 -6701 58 8670 -5882 -1590 -8843 2984 5381 -8820 4421 -9301 -7498 -1996 1119 5366 4016 -7599 -2284 1348 -3343 -8741 -2423 -9820 264 -3493 5295 3242 -6537 -755 3459 -490 -7802 1765 8214 -7979 6852 -8654 328 -2445 8439 -1691 -1226 -5562 -66 -7149 -2920 9899 545 1239 -9829 2284 -5276 6117 6862 5970 -9703 7038 -6996 2387 -9290 -9074 -3539 -2941 -7837 -4927 -6582 -4633 459 5620 8458 -4133 1667 -8077 3522 1085 9135 1603 5473 -9688 6733 -8307 -3182 8837 3608 -2203 -3506 -9133 -7167 449 -8603 2227 471 3177 8634 -3156 -9786 -3948 2814 -9661 9619 9084 -9241 3863 -5128 2663 9426 -3792 -8523 9759 6936 4749 -3293 8206 786 -1408 -3580 -3006 4919 738 -2978 7826 -25 8927 -1641 -3001 9648 256 8902 3702 5990 3985 982 -4607 -6079 -2578 444 5831 5245 -862 -7225 -3576 518 -8504 -142 -9468 9827 -3310 9757 -7624 -552
-2647 -4525 7836 -4332 6893 9362 1945 7844 4055 3624 -7844 2898 -4469 4650 -3296 157 4686 8592 -7871 -7594 -8026 -8077 3297 2963 1498 -8127 8932 155 -7473 5158 -7089 -8590 5190 5525 9892 1813 -6295 -8866 3354 -5344 4013 -9755 -5212 4832 7465 4705 8868 2362 -9470 9842 3112 -4285 -3171 3582 76 -9412 1087 5493 -9873 4633 -1530 6086 -4687 -9646 6582 3493 -3648 -2718 1595 -7893 2771 -1221 -2324 -331 -8059 -853 1364 538 6035 5820 -3259 813 7779 2700 -5636 -4613 5495 6461 -6376 5342 6374 8868 1117 -1253 8709 -4100 -2674 -5261 -4057 -2840 2224 -8212 1832 -5925 -4925 5987 291 8433 -9176 -696 -1772 4034 -3792 2293 -3029 -3673 -6785 -8922 2039 -172 -3985 3708 -3298 -6912 7565 -2212 -2069 6433 -3495 -4669 2134 -6005 -4395 -338 3189 -6750 -9373 -6423 8820 -6412 3699 -8716 -9542 6618 424 7970 -6466 6221 496 9577 9370 9342 2110 -1276 -573 3935 -9770 1309 -679 -9572 2560 -7648 8080 7829 8589 -722 7909 -9679 -8780 -2066 301 -8081 963 -3753 -3606 -4814 -7279 2436 3173 -1706 -9721 1953 2298 -353 835 -7717 -8214 5401 3782 -6705 1558 7715 -4593 -9765 1428 -939 -8624 -7563 9045 7436
4657 9114 -3379 -2588 -9062 -5353 -554 7685 4933 9762 -5442 -2148 -9977 4563 -292 -839 5741 3827 3781 -54 645 4743 -6687 -8449 2279 -2511 4382 5011 1809 2783 -4242 -1926 3759 -6198 7891 9758 -1148 -5268 4778 9350 9280 -5292 7592 1997 700 -4685 1927 -3686 2873 -5585 -743 -7189 789 462 4212 6969 -3750 -7592 4161 7983 2474 3249 7905 -1988 -7394 9897 1617 9558 1142 2669 -1219 -5662 1371 7535 -3553 -1163 6079 7468 -9553 -668 1984 -5211 3304 8528 -2850 6029 -6485 -2267 1733 7199 2446 6184 3991 7499 -5755 9715 6315 -4440 -4371 2894 1686 6185 -5304 258 -3250 -3203 -2471 495 -9740 8111 8861 -4084 5790 -2018 -9219 5833 -271 9356 -3877 7580 2951 7951 5161 9379 -4239 -7069 -8323 -4760 -4289 5782 4740 3954 5590 -8894 9119 -2654 788 -8743 -9727 -3617 -7956 -2403 7092 4014 2170 3054 8917 9533 1780 8140 -4951 6815 -7992 -1462 7729 -3259 -5191 -5002 -271 8723 1581 -4351 -2329 -976 -1230 5231 6334 3171 4225 6751 2159 -4663 2939 -3341 -2975 5067 -3163 3062 -8101 3686 1280 -6493 7590 6543 -7120 6483 4892 3891 2959 -9833 232 -3743 9784 -6273 7459 -637 6652 -7423 -4940 5925
-3298 398 1759 9047 122 4126 -357 2606 4481 -3455 4985 3206 2957 5441 571 -5421 -9036 2661 5270 -1745 -7936 -3315 6705 3217 5665 -2877 -4742 2617 -4501 8292 9091 -3115 8075 -7530 -5379 -4706 9016 1463 -7088 -2837 -463 -1566 8453 -9921 -8650 -7771 9493 -7844 -4354 -3357 -7383 -5640 -3489 7303 560 5772 -4645 4046 9701 -9117 -7077 -3406 9984 -2371 1997 3586 5311 7992 -644 -4760 6164 1702 580 -8581 4713 3675 -8624 -399 4747 2454 -2962 4822 1303 -3242 7652 6431 1406 2730 8864 -8166 5906 6655 1138 4571 -3533 8418 -4231 5634 -5473 4199 579 -4583 -4829 528 9182 -8993 7361 -8303 1094 -6170 -8919 3854 9257 8927 -8400 -1894 2306 -3259 -1123 -6771 4657 -7325 5193 1535 -6539 4458 -1406 9351 -6099 -9611 4712 7512 1632 -8492 3995 928 4706 -6944 8274 5453 -1812 -9036 -8868 -1080 -4172 5663 -4683 5012 -4650 -9262 -474 -9448 -3406 -1963 4480 -2878 5098 -8952 -3815 2235 6209 -4490 5611 -5066 -5995 -7655 756 6871 -2332 -9405 4389 -3407 8988 -414 -6878 -9611 -6750 -680 -7401 2056 656 -2164 59 9968 4369 7249 -5033 -6461 5197 2080 2946 2920 9763 8243 7917 -1420 832 472 -8463 -1430
-1852 1854 -9220 -9630 -6050 -6008 -8595 -7714 -1385 -2294 5548 5152 -6030 279 608 -7505 6031 -7565 4796 -8219 -7278 -468 8076 -963 -4612 8974 2129 -7739 -7503 6539 -3530 2022 9085 7315 -3481 1572 -1042 8519 -4389 -5776 8232 6191 7506 -3639 3145 -2960 -1056 5289 -5055 -8963 -7968 -4402 5425 -5109 5100 -994 -9752 9264 -9156 4409 -532 -1518 -6930 -8197 557 1614 2990 5337 3818 2514 4143 2922 8284 3363 -3625 -6971 -6334 -2951 -8246 -9404 4995 5406 -8317 -6898 3374 7204 -6629 -7590 -100 -1078 -1139 -4587 -901 -1295 4628 -3142 -7238 -2982 -5718 -650 -1900 -9552 -1139 -4413 8724 -7202 2064 7439 -2897 673 -90 -9706 8311 8715 5821 -3539 8895 -666 3564 -4392 454 -3390 4084 -6033 -8232 -222 555 -3587 1713 -5797 -5150 -9361 -4691 -4923 -6703 -1566 -3813 -727 3418 -6524 -9368 262 -5683 -4094 2893 -4853 -8674 4424 1133 -9659 2920 -5550 -2020 -8258 7624 -37 2665 -9023 2669 6873 -603 5527 -7084 -7752 -9182 4234 9307 -676 5487 -7843 -2347 -2648 -288 4787 -1854 7853 -7739 -4228 -9499 -6634 -5346 2528 -8496 1223 3023 -2648 -8776 5700 -2613 -3716 -1977 2707 1915 6951 -5795 -709 -9021 -1446 2456 -1874
6215 595 -3289 -4879 -7562 -5067 -2212 6618 -9873 -3061 -3181 6812 2493 3874 1274 351 6139 6702 -2593 9712 -7193 7109 8624 -3589 6097 1816 -3217 6878 -721 5228 -3680 -4689 8945 1650 5209 -1394 5307 -6446 -4624 6673 841 3572 7318 9258 2612 369 7751 204 -9167 -3114 -8255 7255 8524 936 -3110 -6840 2038 9585 -8633 4008 2045 -2225 -35 7952 9968 -4171 6032 -4445 9099 3592 -5515 8482 4547 -3073 -3338 -5129 -2933 -4580 2413 8356 -2141 5451 8410 3349 -1711 -8019 -9744 -5521 -2500 -9954 1481 -8563 3352 7216 -9301 -9711 -8178 -434 1398 8260 5747 -1987 -1749 1394 -8045 -1009 -7659 -7299 -1200 -9031 6022 4123 4984 1168 -1359 -3041 -8058 1638 688 6205 611 -2640 -5744 4959 -9315 6357 -208 -9666 -4950 -3286 9156 -7051 7890 -4339 2879 -693 3655 4228 2457 8534 -2655 9980 442 9866 303 5262 1242 -3778 -2668 7167 -6259 8442 9719 -3975 -6972 -3471 422 6758 389 1089 5169 -2335 -9264 9154 8778 -7031 -5258 -9322 7229 3882 1376 7138 -9403 6641 -1416 4172 6158 1200 3903 -7068 9946 -5404 6023 9711 -8507 124 -8171 9678 -3428 -3072 -9941 4691 8037 -2340 5104 661 6362 9419 1148 -8395
1675 4923 2675 -7580 7173 -7557 5016 -5291 3207 -326 9777 -6986 3941 -5504 1689 -4696 1491 -5873 -9554 2377 -4822 984 5613 -59 6014 -8000 -8741 -3520 -4287 -5482 -9745 -6698 -2033 -4983 7827 6545 -6674 -6629 -6070 -5603 -4555 -4054 7699 5667 4413 9852 -8670 -1274 -3124 -5114 -3486 -8778 3937 2351 -2255 -1142 -2851 1424 5433 9215 8726 -5596 9932 -7461 -2344 8387 -9244 -5181 6328 528 6350 -7440 6705 2674 4284 -1654 -3138 8110 -1666 -5095 -5091 3230 505 4397 -3944 9100 7804 -3603 3698 3374 7298 7539 -7795 -8399 -5683 -3136 965 7682 -4600 6277 -6770 -5913 7891 -9748 -7803 -7112 8376 2847 1303 1808 4014 -3260 -3642 -7005 2945 -1954 -2539 5729 -3254 4924 3351 6711 2557 -6390 3915 6721 -7332 -9485 6639 -2835 210 8341 -5940 -429 2231 -5486 -5936 -1134 -7954 -6758 568 -1662 9822 8455 6625 3810 155 -864 7112 1120 5908 2689 7995 -8997 -8126 3039 2026 -3162 -316 7824 -5915 7589 458 -3149 1742 3418 -8990 -7698 2100 2508 -9642 -4979 1046 2622 -9593 -3367 3975 42 422 -8051 -6805 -9746 -4954 -8454 9979 -8019 -6088 3485 3211 1388 -7749 7770 9960 -823 7056 -1695 9906 9522 6577 9541
-4737 -6403 1614 8009 -3966 -5538 973 -7639 4193 9878 -3738 5385 4978 1344 -6456 1648 1698 19 -5693 8823 -4718 1714 1330 322 -180 6903 2623 9724 -7195 -446 9534 -8789 -7416 2750 5929 -5370 4334 -3102 -5161 6147 -939 -4600 2263 -8785 6754 -1749 -3046 -4328 -9251 8630 7983 8178 1155 -6883 -4878 1142 -9158 4397 -4551 -8614 9953 -120 9135 -3283 3583 -3449 -1964 6734 2027 819 3024 -1376 4942 -3559 5985 6986 -3838 -5725 7426 5067 603 -8191 4203 3845 -7335 5496 -798 2271 -7111 -499 6816 -8120 -3447 2010 -5981 9187 -2432 3345 -5593 -3599 4301 -2793 -7404 8286 2713 -9276 4564 -6935 -3978 -5792 7557 -8158 3190 5939 -7457 8486 2274 6912 -7344 -8886 7661 7548 8068 6938 -344 9339 8025 -2779 5462 -3704 5859 4329 -8039 -4959 -5710 -3411 4846 -8701 -7657 2373 4491 -8992 -2067 4537 9899 822 8696 269 5217 -4330 -9273 -2012 502 -5527 -5710 -5538 -86 -4777 -4391 -1252 8273 9527 -6045 6306 1554 -711 1162 -6869 -101 -709 -4779 -6119 -4605 3982 9273 1338 3988 -9273 -1684 -9698 -2854 -6422 -2887 3685 -1098 -4479 -5369 236 7202 3749 -9391 949 7751 241 -8249 3924 4876 937 2061 2169
7453 9580 3300 -5514 7300 8553 5085 1017 9574 2888 -2057 9168 2745 7728 6803 9189 7330 -4150 -9602 9041 1612 5965 -8596 -769 -5115 691 -7089 3226 -8865 -7989 -561 7463 -6150 9936 -2245 7640 -1959 -1790 8245 1556 -7550 2669 1258 -1687 3455 1852 3864 8608 -9021 -8935 -306 4672 -6051 5126 -5024 1652 3642 -4828 1760 2636 -1667 1962 -815 -2138 -5562 -1570 6914 243 -8922 -2673 1923 -5523 1543 -9090 3951 -2486 -7063 -1646 8924 -6653 -7419 -8578 -2016 9824 -9212 -8202 7400 219 -8917 6104 -6127 -5959 4943 -8592 3269 -9098 -1981 -1477 -141 9478 5795 -5805 -7027 -9478 4644 2547 2864 -3928 8554 -3950 6449 9560 -8916 8273 -629 -2984 -2891 -4833 5678 8621 -9778 1077 -1813 821 8691 -1340 -1661 -4061 307 -8117 -3887 1054 3508 4288 -1034 -6719 4973 -7557 -8851 1733 -3210 -8186 -4379 1694 6789 -6839 7872 7743 -1557 2496 -4795 9780 -7036 -1242 -8318 -55 -5629 157 2000 5846 4342 6383 -1637 -2395 1635 -5915 928 -3941 8300 7279 -2026 7889 -3427 -7494 9649 5882 5879 3688 8507 6814 7925 -4604 -8304 -2544 328 3914 2162 -7494 113 8984 -3470 -4891 5935 -6046 -3197 8680 3061 -4320 -1623 9643
-9853 2537 -6395 -6687 5789 1 -7348 -2421 -4895 1561 -7371 -2189 8363 -4861 2391 -8286 -3171 4263 -7529 2102 906 -8017 8248 -4135 6002 -6847 6785 6169 -2784 177 -6064 -7849 5213 856 4216 2839 7766 9346 -4662 -534 -7934 3810 6450 3282 -4149 -3337 -4782 9268 -3906 3582 -7453 -2799 -7591 -9906 -7878 -715 8122 -8406 5517 -4412 6968 2448 -5896 3498 -8829 -3028 -4716 3824 -8907 -8231 9021 -8320 -5540 -6832 4457 5965 -5753 -5330 4726 -3516 3383 -3730 8203 -357 8624 -9283 8501 -9039 7965 -9370 -8944 8019 -4531 1612 -1107 2635 -1886 -3955 -9489 3247 -3106 8000 -6147 -9905 8394 6129 9481 8788 7018 7243 4183 -8198 817 -4254 -3692 4120 8080 222 1925 516 -5701 -3827 2974 -9770 -2679 -5344 -6114 1563 -8765 5583 -9896 -8939 3802 -4053 -5850 6764 -5329 5513 4903 8621 -2248 -7984 3699 -2033 -2914 -7126 -4317 -8316 2154 4690 -1698 4589 -3021 3807 3047 -2976 -5738 4509 -5338 -5631 5197 7801 -7858 -7009 5115 -3008 -1740 -1348 8793 1646 -7174 8107 1974 -2461 -7335 -2550 -2814 6046 492 9641 -9962 -7669 8882 -8723 -5530 4342 -5692 -8956 -4587 528 5675 9979 6732 2620 -5528 3164 9686 5480 2634 -4825
-7713 -7632 -9977 5388 2823 -3044 1890 8927 -6676 -9998 5729 8617 -3474 -3176 6525 -3577 -646 2779 -7853 -8102 -9452 1967 -1527 1573 -4100 3083 4831 2918 1592 6216 -2129 3464 -7237 6098 -706 -9661 -6077 2153 -6530 -2474 9181 1703 3020 -3401 5079 8479 -3657 1195 -7479 6971 -178 -6036 -5846 7337 -876 175 1633 2084 5405 -5692 5750 427 -1989 -8992 -9939 5511 -1937 7847 -3219 6468 -3733 7752 -6761 844 1634 6330 -3190 469 -2096 9504 247 376 -2575 1063 -8642 8603 -5185 -4936 9870 9426 -5612 1532 -7935 -3362 -3918 -6198 1215 -1115 -9942 2403 -9333 -5500 -5703 3899 -2771 2416 -8202 -232 -7855 117 -6711 5601 4300 -3372 -5007 852 -8441 8739 6730 -5764 3516 4317 8096 -3950 4823 -4508 -5922 5763 7487 -480 -1845 9106 -7052 495 786 -1970 -6201 -552 2146 6975 -3915 6719 -1074 486 8199 -68 -893 -167 -5752 1247 281 -5381 5890 -7082 -441 -4272 -8873 2736 -5707 -7700 -8263 -1579 -4253 1686 -3183 -7735 3300 -6001 5922 5029 -5846 -6572 9980 2461 -4632 -6243 9868 -6722 -7240 -3272 1990 -9408 5704 4258 -8461 -5225 -5686 6699 -2806 9954 3636 -3352 3400 -5617 -9514 9958 7119 -6864 -5275 5532
-2256 -3237 4088 3716 2629 -6670 8096 6242 338 9486 -9041 9151 -1959 -5564 -5702 6189 6501 -3988 6009 -6899 -3473 7186 7773 -1500 6054 8404 -5576 -1406 -8676 -42 3384 -2288 1693 6301 -33 1926 -3649 4830 -7775 5689 1218 -6312 385 -4378 -1359 7904 -2213 -2821 1375 9299 2729 5494 6025 -9317 -3082 4699 -4197 7095 9666 -4547 -5309 -9415 6353 6707 -1032 -387 -30 6178 -1188 7512 8342 -4767 6276 3773 -3350 -4079 8469 4336 2237 -6328 1350 -9850 5079 -6383 5574 3918 -2246 1034 7973 -8219 -4838 3158 4902 -4687 5367 7086 -7399 -2577 -7595 1446 -6888 -9867 -1537 7645 -9287 -9570 -3725 2626 -3181 -6019 -8745 5652 -3508 -4715 -5748 6661 8770 -3336 -4678 -2888 -2622 6789 -448 -7335 -2382 -1164 4966 -4279 -1609 -4404 -3798 -5800 4563 4336 9737 -766 7100 165 -2991 -2469 -3422 8190 -3050 -9625 4707 8780 -324 -298 -2330 -2714 -9205 -4519 1656 -1816 -8284 2503 -7417 3932 -487 3420 -5019 -5624 -2347 -9147 -8970 9594 -2552 9958 -2228 -4778 7154 8521 2799 6612 -6922 -1440 -3364 -8224 486 1122 7823 -6825 9590 5181 -8103 -4949 -5254 -8790 2755 -3680 7906 9984 7438 6335 2772 -4821 -7686 7656 -9143 7977
9744 -8631 3940 -7316 -9319 -6222 -8618 1751 -3985 -5305 -6205 4798 -3400 3861 3399 9419 -4600 -4941 9955 3635 -6052 -4149 7402 7978 3625 -3661 -8357 7907 853 7437 9471 -4924 -3093 -9736 -2810 -8514 -9865 3576 4680 9669 6191 -5277 -3157 -3756 2716 4917 -3261 -1894 -7033 5891 -276 9317 -3852 -7692 -6705 5066 -4304 -9742 1345 6830 -3824 -2006 834 2557 9977 -4885 7306 1602 -7985 -3031 1961 6512 -9385 756 7148 1341 1713 -7833 1371 -679 4312 -6712 6719 -6548 -4643 -9015 1744 255 -8374 5255 8665 2212 2543 5821 8669 9953 9831 -5578 -3106 -4765 2744 9023 -7941 -3307 -3759 -6437 -4152 -5675 9640 6243 -2296 -5992 432 -4198 -8327 4474 -7641 -2168 -6960 4545 -239 3860 1722 -8677 1916 -3335 926 1456 9024 -4300 769 2888 6866 5463 -3594 -4513 2650 -5498 -6277 -1750 6432 3214 8914 8803 -9239 8176 4735 -5492 -32 -1158 -6249 -2430 1916 -7345 8596 -7977 -2896 -1085 -6892 7507 3191 1697 9441 5947 5960 2398 -6967 -190 -4931 -9234 -2001 6441 599 2868 -973 -6582 -6 -5598 -4229 -9940 5702 6186 3864 -4632 2659 5525 -8407 -5624 4795 -7994 -4026 7898 -1727 9226 -9834 4799 -9611 -8503 -7957 -2650
2413 -1913 8416 -2065 2492 -1419 -9520 -9016 2617 7035 -8251 -5012 5270 -6768 7595 -5256 1197 -8834 4306 -7758 -4119 -8106 4912 -7318 4844 -7386 4967 6254 -1888 5855 6258 -9414 8001 2873 -7093 8525 -9322 7841 4909 -966 -8786 -9813 -1343 3629 -7610 9313 -594 -73 -7088 -5784 7459 2967 -7230 6515 -9876 -4826 8530 -7603 286 -7548 7105 -2315 -3381 -2919 -7595 -7572 -9992 8597 7950 -5065 738 124 6714 6818 -1606 -9177 -7 -7074 1167 7485 4768 -4183 -9249 9421 2065 -3314 6165 1417 615 2969 2471 -724 -9731 8916 6614 7578 -533 -6967 9082 -2669 4163 5914 8931 7033 -8665 -4684 2858 8380 -525 -6679 -73 -3612 1503 2599 2611 1130 -6902 -8229 -9444 -1901 -5234 -4607 -5949 2186 5457 -684 -3754 -1844 -4970 -2182 8097 -4147 809 2011 7661 3819 4924 -1001 3797 -7074 2112 -828 -3823 -5978 7840 457 -5672 -747 3257 9283 5991 -7324 -4979 -6276 -8040 -3895 -4573 -2729 3269 5437 -5915 -9606 6989 -4017 3275 -5522 -7244 90 -7198 -8857 7541 -5955 7974 -3883 6889 -1255 -8821 857 9073 1638 5679 1911 8597 -1801 -2653 7397 -9374 8383 3203 8240 3481 -1795 527 -1054 -3701 -8676 2656 3692 1069 -9681
-5773 -2409 6786 -1377 7549 7412 7384 4967 984 4708 -123 -5307 3263 1467 -3777 853 2236 9610 -6046 698 -1272 -3864 -6071 9998 -9969 8138 646 -1201 193 -8211 8284 620 -5424 -8545 5633 7813 6106 -7849 -3396 33 7024 -709 5108 -9881 2447 -3592 -5692 -4403 -4292 2761 131 9948 -4166 7614 -9568 -8820 -5444 -120 1113 -8578 4556 -9381 8158 7755 -2881 -8324 -3913 7446 5513 -7582 8977 -4474 -203 -6367 8789 -2398 6573 8971 9970 -4271 -5681 -6237 -3244 -4889 -486 -8071 -6421 -4096 -2872 4520 7625 -5253 -386 -6232 -4632 6630 9572 -1010 8696 -1263 5169 6602 -4831 -1444 5425 -3237 9098 86 -1320 -5872 3854 -4024 6392 5667 9207 8534 -6381 4751 -3964 -7102 -9733 -5252 -4052 -249 8964 7268 5525 9090 -2720 -1291 9329 7742 1087 -6006 -8380 -6356 6763 4363 414 862 6192 801 8926 1767 -4011 5172 -6318 8840 2597 -6161 7328 -2587 9684 -4911 5879 -4673 3918 -1242 913 9149 6495 48 -5049 -2715 -2179 -3697 -7523 -3856 -6654 -9471 2370 8650 -6655 1946 777 6645 4382 1439 -7633 -264 -2945 -940 -5783 1854 -4221 -9957 -2008 -8819 3594 162 -1513 -6021 3985 9477 7314 6483 2660 6583 -5901 -3974
-5606 9741 1822 9241 -5498 -4963 -5517 -6925 -2116 5337 -5207 9829 6976 -7615 3645 5935 1067 4030 2352 4195 401 2611 5327 7329 -4194 210 -8309 -5828 -928 -8969 8203 -3262 -2968 455 8939 2585 -2219 -8597 -7842 -7281 4580 9853 -613 515 -2685 6957 -2030 -3981 -7960 3586 9474 1346 -8940 5860 3894 2887 5532 6597 1743 -8893 8201 -3335 -5731 -5481 2379 -5840 5343 7815 -3443 1324 6724 7937 -5958 4655 -8891 -7512 -6891 -385 -6657 -7793 -5334 -7203 -5338 7788 9062 3884 2451 -5834 6063 -768 6423 5169 -3130 -755 6975 7183 8603 3564 -6152 -2230 51 -8410 -4919 -1943 166 -4937 2759 2139 -2365 -2130 7801 7882 -306 -9819 7595 -1018 -9352 -7171 1151 7757 -6626 -1446 188 -6522 -5020 -465 6281 6782 2605 7589 -7504 1393 -7561 5358 4620 4290 -9045 2370 -9989 -7691 2003 8492 5232 -8039 -2384 7298 8427 5379 -7339 -4621 -3929 6900 -6964 -8548 -9373 -5144 6182 1944 5809 8569 -56 -915 1658 9953 -1119 7858 -1616 4101 2234 9456 4020 -3464 -2177 -9809 5831 5269 8607 3657 -1284 -6051 5748 5976 -967 7550 4034 -5876 8776 -7945 -1105 -8565 2731 2730 -2168 -5420 7253 -9884 -9965 -5224 -2022 -3285
-6529 1658 -2110 -8986 2176 -4728 3625 -1387 9410 7713 2759 1390 -4557 4467 -3086 5363 -6669 -4317 -706 -6173 2686 -5984 -5520 7058 -2031 8364 -1777 7780 8411 2044 3763 -1270 -4611 -5651 8234 -6522 9945 4389 5197 7094 5663 -5998 -5439 8845 4009 -9810 -4299 -9946 -1074 7492 -4924 7745 -1631 2532 -4708 -5005 5432 -1502 -4272 -9739 236 -8881 88 -7555 5939 -7764 3856 -8491 4807 471 -8392 -1746 1848 7245 5201 7770 2178 5604 9360 3717 -771 -2855 -63 9864 -5258 1810 -9076 7951 -8806 5005 -1010 -4727 -2670 -379 -6225 5914 1424 -3175 823 -9584 5349 6794 -1332 9458 -6978 683 -3437 -6775 1900 -9374 -7339 917 9481 -9110 -4646 -880 -3937 7537 3496 6746 -2533 516 -4875 845 -9206 -8617 -5260 6200 7129 -3662 1999 -4156 8629 9959 -462 7099 2231 9527 -4681 -7129 -6845 -8798 1864 8138 -4520 7472 -8195 -220 266 9219 6806 4851 -1585 -7631 3656 -9227 -9224 338 1181 1588 8623 2303 -1376 3811 3437 2939 -4625 1942 6315 5832 4137 -3478 -8738 254 -3396 -7314 -4030 141 9921 -9233 -6328 -9550 -8222 1461 -1111 6388 -1357 1801 2903 -8213 8749 2705 2613 9102 -3224 1870 -2728 7755 8945 -9305
1048 -9669 -3238 8562 8602 -9564 6318 5989 7870 1352 -4764 4995 3674 -5584 4270 -5520 -1730 -7854 2180 8217 9100 7105 9174 7610 9514 5509 4082 7113 947 -134 -7561 877 -177 -317 3808 6064 -4528 3067 -7488 -7970 6941 1040 -4490 4051 1129 5262 -5450 1626 -129 -4618 9426 -7961 -4005 5364 -1967 8555 -7896 -1677 1446 8617 -627 -160 -1815 7647 4510 -9259 4023 -741 -5444 -4945 -34 -1330 4178 3451 -633 5304 8886 -6455 1084 -5121 1869 5156 -700 -6958 8777 -7976 -6470 1590 983 2709 -3912 -7489 -5946 1901 3362 -7001 -5232 -960 7983 -2977 2702 5563 6595 7868 -9478 -9513 4622 -4041 9666 -2666 1506 -8701 8 9482 9023 34 6256 1585 5302 -8335 -7447 3600 -4688 3076 -8513 -866 -7293 -181 -3964 9758 2743 1063 1395 5485 -6117 7575 3538 -2774 -862 -8146 -1951 5639 9825 6928 -6687 -3222 4094 7188 -9279 1343 6186 3917 -8864 8977 -2135 -1122 -2564 6725 -6346 -4639 -9496 -9901 2011 -4748 2477 3251 -4260 -8412 5796 1131 5263 6762 1526 3582 6211 -36 3006 7618 -6409 -7848 387 -3454 -2571 4152 -21 6778 7703 -3274 -1681 -2837 -7422 6301 8786 2672 -5755 -2620 -3655 523 -3359 8050
8815 -8893 9084 2412 -5149 -8085 -4743 5721 5440 4481 -6258 7803 -1366 -5500 -558 -378 7784 1193 7695 -8710 -5398 8795 -9017 5961 -3638 -3529 9495 -3365 -4164 -5162 4923 -4422 2115 -5728 2208 -6480 -8054 8651 -810 1548 -8381 -2016 2529 -3969 -9990 -3961 6031 -3029 8402 -6231 1812 3297 -1996 2296 -6102 8668 4531 4646 -2939 7755 4069 5757 6254 4883 3118 9670 6852 6488 -1998 4485 1516 6321 -6789 4406 -212 -9093 -1429 4575 3167 -24 2562 8186 -9650 -5839 -7094 3266 -5270 -3977 -4485 -3675 4795 3404 -2966 -4202 2835 4846 562 -6606 597 7598 8638 5470 3415 -8283 6468 -5217 -7967 -5787 -7028 -3677 -2945 1168 3126 -1875 -2007 -2770 1859 -2755 -9851 3536 8851 4734 6397 -53 9085 -6901 9880 -8953 7738 2133 -6582 3934 -9292 -7415 4293 3877 -6713 9492 -9628 -2372 -6271 585 -587 -3526 3678 4695 547 -2708 8626 5863 3786 -3009 -997 -5666 3434 6755 -5826 -2787 7998 -8945 -3572 -5755 5880 -6123 -3584 3411 5098 2918 -3086 7962 4594 -691 -639 8850 5505 1490 -8657 -1655 5138 3491 7700 -4786 -9490 3272 4255 -8425 -4827 -7786 6900 -5228 3629 1893 -3682 2516 2684 -5972 9442 -3022 3387 5901
-5143 -1489 -355 -4816 -2203 8901 3354 -5715 -9195 -6159 -8170 -4544 -2473 3052 1805 7110 -3226 -5777 2582 6844 1859 -7575 565 -3132 -8798 -848 2374 -8407 -1825 -8415 -4977 -6362 -3554 -3390 6276 -755 -9644 -9319 -8406 6208 -5379 2862 -8566 -260 4498 9986 -2704 -6910 2074 -7199 6415 -4981 -2800 9908 -2333 -7336 5881 -4389 3126 -6973 -128 -4078 9212 8014 9338 -7138 3952 -3420 -6205 -6944 -2652 -8514 -1637 -5646 4575 -6515 5283 -8624 7870 -3893 -225 -5490 890 4774 -1236 4762 -5442 -5470 8008 9140 1861 -8088 5430 -90 -1985 -8914 -3461 2024 3326 -8965 -9966 -9560 -7923 -192 1651 4719 4775 9452 -3694 -7723 -904 4927 1618 4530 -9516 -1882 -1651 860 -9321 463 1615 -9722 1447 2982 745 5677 -9222 -7434 954 -8471 1778 4241 5160 -6608 -9656 8178 -5622 -3865 -7624 -706 9428 -6348 3696 6968 -544 6649 -4136 869 2766 2012 -1059 -1498 6967 -6813 -1719 6804 -5194 -5603 -998 -320 -3941 -1075 -4449 441 1271 3033 3322 8793 -5690 1183 -9203 -151 4008 8776 -4133 5290 6675 -2261 7970 -1792 9768 4246 9275 -9144 5037 6595 618 7808 -6214 4629 8675 6896 2710 -2694 -4669 -2571 6381 -5767 -4874 -3507
7733 -5556 8465 -9098 -2248 -9437 9082 2131 5630 -2511 2475 9858 6683 7217 -7185 -1448 -5896 1880 -1065 -2022 -3072 -6673 -7744 2796 3474 -3404 -5795 8730 -7124 -7985 2475 -3613 -588 4468 -4204 7045 -8882 9260 -343 -1469 2374 -6064 -1071 8976 -5325 -9695 -6945 -9696 -1716 -3337 3193 -255 -361 33 -6377 -7182 9900 -8906 592 2337 -3055 5496 6483 -5832 -9981 -7232 9720 -530 -7344 -6256 -6974 -9028 -405 1861 -8399 -7237 7826 3107 -1755 -4627 5113 7080 -988 -7225 814 8956 -8861 9102 1266 5987 4813 -473 -2703 -6313 -8060 -7309 -1463 9848 9852 -1048 6257 -8623 7637 6664 -6323 8007 1835 5204 6731 7713 5709 3330 4753 -9901 -7609 8447 3076 -8560 -9812 2145 -5496 -4820 7720 -4498 5981 8650 -2955 3215 -8952 -7994 4233 5312 -2979 4022 4991 6511 2282 -9181 3327 -4484 6692 9996 -229 -1629 3273 -5763 -1697 6291 4647 -1032 -5674 -4683 -811 5495 6107 9796 4516 6410 -7719 -4738 2727 -4820 -9927 6925 2159 2456 3888 -3779 2737 -7174 -4834 9758 -1902 2074 -9071 -7078 -5779 6899 -8044 -5386 9577 8640 8552 -1881 -72 5314 -6789 3629 8537 -6765 -2894 -6293 -5406 5810 -9537 2522 -7154 9277 -5406 2753
6826 -2660 713 -4714 9308 -8830 2174 -1625 -3568 1713 7356 6107 -7078 -8384 -7333 -4187 2043 3617 9120 6881 4819 1798 4435 8165 -8830 7356 4759 -7266 -3101 93 9951 42 4982 -475 8681 4785 9875 -5249 3798 8457 -4566 -5086 7872 4252 -2950 -9685 7703 -2489 8695 -2075 -6965 -1272 7933 -9865 -775 -9825 2389 -5187 -2281 4644 4704 4468 -5959 3172 -2489 9219 -4693 3442 8403 -472 -1324 3295 5693 3103 4206 -8367 -4159 1094 -2972 1780 3594 -6845 6981 1095 9231 -5614 -8516 -346 2893 2869 -1216 473 995 6667 -7271 -5654 -4053 -7696 519 -567 -9350 -9269 -5201 -8881 -1173 -8144 5000 -2214 -9296 -4218 8145 -407 -5172 444 627 1524 309 -9570 3122 2232 -7655 -3179 -5160 -5074 9775 5702 -7701 1878 7429 6366 -1152 1253 -984 -373 9210 -3565 -1712 7002 2116 6585 4525 -2489 -5582 2767 -8031 6438 -6435 4670 -5272 -3369 -6328 -6207 -1018 -4340 -7473 -6005 9481 -8225 -7356 -6871 2629 -9427 2847 279 233 6134 -755 7166 7420 4240 1207 -8698 6203 5579 -7383 -2087 9181 4960 -7630 3013 -2028 -9715 1617 7031 7578 -8857 -5668 -5576 6090 -8220 -8460 -5101 -9803 -6817 1607 -186 8700 6618 -952 8600
-4306 -9552 -7217 191 2194 -5013 4921 1943 -6637 -8961 4285 -6732 1193 6363 2860 6203 6339 776 9623 -8421 8761 5528 -7249 -9522 4527 5351 4064 -2809 -7605 7637 6631 -1555 -5022 2343 -702 8865 4693 -1216 8542 4042 -2966 -6344 -6345 -6489 4202 1930 -8829 6519 -7336 -2581 -3458 713 -244 4096 -5556 922 -9189 -4997 9855 -4370 5786 5495 3122 5955 5538 -2439 3684 9914 87 -1770 -5624 -4258 -596 -8087 -4714 -23 9703 -6365 2616 -9477 -6005 2335 -2249 4834 -8256 5328 -876 -3634 -273 3015 -1288 -7843 8894 1590 8293 -3240 1116 1326 3629 780 5709 8432 2144 1706 -3746 -1355 3396 -1298 -796 8524 1703 2903 -2804 9574 8458 -4061 5456 -2582 -209 6404 -9467 3626 5825 120 -48 -6064 1457 -4874 -6472 -8887 -343 -1543 6729 3856 3428 -5266 6664 -6026 -3568 -3839 3346 9383 9003 -5544 -4838 -7347 8035 -9971 9390 2360 4734 6226 6813 4810 4549 -1216 7293 2659 793 783 -9453 -6591 1283 965 9309 -4541 -4770 -8925 9025 -141 -266 -1970 2014 6967 -6942 -3764 3103 -5468 -6389 3280 -5707 -5835 6627 107 -171 -4773 -2570 8705 -7904 2932 9671 -1627 -296 -7912 -2915 9142 -7403 -8613 -8016 -5432
-4105 -5007 -2474 -6280 -5950 -6300 -4949 -7517 5313 -5132 -3602 9402 -4061 7612 -785 -2307 -7375 -2562 6716 8807 -6611 -7930 -7224 3185 -6602 3141 -86 489 9480 -5468 2120 2754 -8392 -8737 1142 3139 5141 -7216 -2449 8551 8006 -1544 -4848 -1256 5599 9867 -776 205 -183 7786 -3499 3310 2583 3328 7416 -1268 -2905 -2777 -290 7883 1361 235 -801 -2722 -7517 2432 -9502 8874 -2334 3701 -4684 7823 4772 -9679 4169 -1314 -8809 3439 2511 2393 1714 8965 7613 -9690 3362 -3239 -2229 5511 -2359 -2213 -3684 3165 9846 6609 538 9666 8118 1189 -9113 4705 2664 -9764 1882 9759 -1905 -2596 -5072 3583 -4013 -1718 3443 3231 -9753 -4407 -6083 -3223 -372 4958 1184 -1024 4292 9105 -4434 1764 3482 -6697 2186 9994 8818 -5888 2237 -8025 9542 1349 -9036 5125 367 9978 -5928 -5224 2071 6987 -8564 -184 -5707 -4269 5917 7521 7020 1370 5134 2508 4468 345 8171 1918 -9052 9283 8940 134 -9543 5089 -667 -5008 3 -9152 3068 -5910 3765 1450 -6198 4661 1337 3826 4003 929 4385 6811 -504 6758 -6018 5171 -1118 7156 9641 -8518 -7287 -1385 4480 -71 2659 -2511 8669 9278 -1729 4052 7904 -9102 64 3091
-1695 -8615 6861 5164 -7175 2960 6845 7742 -4610 -1704 4653 -5258 -1869 8042 -3364 -7638 -6557 7968 6477 291 -92 749 2021 -9585 -7135 1762 -363 8906 2835 722 7320 -3228 6684 8235 9146 -1323 9225 7181 2461 -4635 -5262 -5358 -1530 -7776 -3889 -2311 6369 8977 -5753 383 5440 6439 -5504 -1630 -8890 1508 -1602 -3536 5800 6401 1912 -3801 8153 3911 -7234 7217 6909 8025 -9662 -2633 856 -2985 -7784 1432 -7837 739 149 -6455 4632 -1522 8620 8860 -3952 9362 -6628 4050 8294 -9023 -8093 -428 -6485 1423 -5 -8509 -5015 9941 -8539 3733 9800 5491 1486 -9624 9659 2314 -6366 9419 8242 -483 4065 -8344 -1402 4642 -2340 -5423 -4201 -7445 5066 5554 3706 4349 6714 -7098 -853 -1207 -3200 -3580 724 2031 -7236 -9350 1355 -9712 -5815 8575 753 5894 -6394 7091 128 -8226 3446 -3965 -3953 9875 -136 228 5473 674 2848 6740 -5619 6713 1994 -3697 2117 -6955 8949 7082 -8769 -6634 9759 -5738 2944 1795 -1261 -3668 6815 -2008 -7460 -9714 -5442 -6377 2893 -1258 5424 -9983 1643 -1736 -7609 9731 2855 4701 -9671 9897 -5892 -1072 9448 -8945 8602 3870 -3677 7808 9725 8802 -196 -2746 4386 -917 1810 7013
1261 5012 8634 -6063 8751 -8136 7384 -9441 -4686 9428 -2739 5671 8587 -4330 7888 1129 -2667 -2559 -2708 4895 -2952 -4889 5927 960 8247 4098 2317 -3352 -1870 4965 2875 5718 -5539 1365 7125 2246 -1732 6876 -3402 1263 8308 -5459 4523 -1972 -3332 7313 -3282 5561 5338 89 -4618 6937 6852 8606 -3485 5444 -5018 6501 -9619 -7761 -3344 2598 2989 735 923 -2424 4471 -6281 -4022 8424 2028 -8790 -5265 7319 164 9741 5560 9456 4611 -3988 1129 -1001 4698 -186 474 5025 -8407 -6495 -272 8374 -745 1196 -4040 -5204 -9315 6435 -2477 -2755 8887 -2291 8278 6821 -5412 -2781 -4638 4291 -6333 7869 -2745 -3576 6872 1555 -1891 2877 1251 209 -2160 854 -4117 -9421 2689 7228 6600 6900 -1655 -2872 1614 -5737 735 -7857 -3269 -4934 8987 -8640 -6347 -3817 -1870 8188 238 -1700 -7202 7053 8292 8372 215 5493 3436 -1711 9924 -859 1476 -6717 3868 -4400 -7504 4220 6790 -654 7050 -7043 1590 650 9834 -1500 -4226 3235 -5729 -7589 -5789 -4201 4082 -5401 -8830 236 5759 -9103 -1608 -4605 -7684 3731 -5055 -884 -6514 4380 873 3065 -5952 1686 -2647 -7554 8698 636 -6093 2913 -108 9297 -1582 -3689 -7393 3960
8916 9387 2318 8068 3710 -2340 -8082 -262 -971 -7076 1943 7237 -3554 2256 -9906 -3979 -1750 4938 9426 -8296 1744 -7539 9111 2596 -1648 -5656 -3022 5453 -1855 2150 5059 -7701 -9359 -3568 -3436 -4003 8210 5409 9000 2396 -4903 7526 1528 -6681 -865 6570 5398 -7138 -4515 -534 3776 6777 6145 -5487 6793 752 -4914 7556 6800 8429 -5421 -2531 -1452 806 -431 -5321 -1131 -5293 6677 -2157 -2875 1569 -413 924 -999 -9733 -1203 -744 -7887 4689 -7705 -5541 -6738 -351 -405 9581 -1835 2195 1826 7174 -7891 1953 -8948 3100 2581 -5302 -913 2704 -9917 -6589 2201 1662 577 -9113 -8808 1359 -2501 -3995 -3987 -4295 8075 8454 -4377 -7526 -7212 -6913 -5924 7701 -1246 -5272 -9802 -7642 2684 -3999 6210 9184 -8066 1914 1618 -2368 8019 1490 -2450 -3247 7261 -5267 -6798 2168 5715 -8072 -6352 -613 372 3014 8066 7672 1960 2632 3782 -8629 4602 2332 -5368 -8261 4541 -3946 -5827 -3025 1595 1950 4424 -6834 -3868 -3102 7193 3243 -4352 5431 -7621 4687 9905 -6881 -9055 -143 -8061 1178 866 8629 5007 844 216 -1730 -3978 9291 901 -3914 -3240 -9024 -874 6334 -1018 -5852 4421 67 -1734 -5348 -6818 3326 8663 -1033
831 -4005 6337 -6618 -9564 -1167 -3267 7642 9806 6140 1907 -422 7368 -8251 8403 3460 -336 -9693 9264 8522 -4879 -5749 6777 -2609 -1134 -3375 3580 -7009 -1821 -4805 -7254 3457 6058 -7108 -2679 549 -6937 -2512 1067 -5318 5177 3529 -4089 8718 -503 1808 -9239 21 3433 9355 -4077 -7788 9395 2900 -2453 -8091 9175 -4538 -4906 -6078 7825 6386 8947 3663 3084 3554 1415 4779 -2893 -9727 -3237 -6976 3869 3515 8820 7089 6024 -8259 8578 -9269 5560 7058 5419 -2278 3826 5769 5083 4434 6317 4496 -5284 -7159 9934 -5239 -526 -1471 5501 -5612 -647 -2554 6766 -2855 1813 -8270 4335 5634 -8317 -681 -6777 -1053 -8423 -2927 6822 32 2958 5092 7634 -6669 6235 8261 6130 -1817 2704 7439 1976 6097 -1884 -4398 1201 311 -8344 -9547 5931 7486 -4033 -485 -9209 3925 2376 8276 2422 -2111 2416 3401 -463 586 -1939 7063 -3432 -2907 5710 3235 -5299 -3750 -9701 4440 -9718 9516 -1380 2765 8534 -218 -6402 3925 372 -4483 6444 267 539 -7960 -9072 -2852 915 4681 406 -8652 -5680 -3533 6460 1391 5375 837 2774 135 5848 -5642 769 7574 -5816 -2469 -7343 -8195 -5830 -6034 7260 9671 1750 9274 -9672 4098
-7824 7161 -9582 -7875 -8837 7883 9555 -1553 -6394 7240 4483 -6241 279 -801 -910 329 1309 -4347 -3680 1550 9615 -2541 -2256 2798 147 3213 7933 9525 -2459 -5339 1591 -7738 -5601 -718 -3644 -8350 3541 3807 5919 -3556 7459 1471 1693 5104 -1351 2522 -6277 1771 2995 -4353 -1977 -8980 880 5809 -2566 -9846 -2303 7989 -5739 -6975 2714 -9838 -7822 -8681 6508 -3537 -4164 -8271 -7413 -1907 -8702 -7835 2089 -7835 -3151 8248 6897 2523 -7759 1708 -5585 -2666 7875 181 6565 7050 -8918 2351 2127 -6921 -5302 -3425 -9187 -7046 -3401 40 1313 5600 -5304 -5287 3355 3784 8261 -9765 6887 5270 2905 -5262 3405 8670 4219 -6335 -7018 9155 -895 -2217 -5731 8236 -8605 -578 -6591 1427 3513 -192 -8511 -7986 -7597 5694 9749 -3030 9187 -3349 -8146 -5715 -3358 416 -8052 -5042 -6094 -7499 2716 -3552 -3876 2103 8312 5931 -5477 9861 8155 6273 -6160 -2724 1681 9747 -1951 5152 -7977 -6452 7402 830 -6195 4260 9460 -5114 9895 -9264 3388 -449 9536 4211 1468 4995 -2559 -8269 -3042 4323 7852 449 -4074 -812 -9143 -5688 -2717 -4988 349 -2967 -8866 9599 -7000 25 3824 8938 6342 -8944 -3711 -3945 8047 -2162 2439 -5556
-1840 -7192 -5122 1475 -8883 7249 -6102 574 187 1890 -2025 745 8230 2538 6588 -6554 6157 -5046 -1322 3530 -8916 1314 -9382 3128 -3895 -3730 -5420 -9687 -7549 9861 -3864 -5883 -7173 6963 2457 9533 3166 5729 -9560 -9978 4575 -8697 5555 6760 -2271 9061 7136 9492 -6093 4696 -1671 1532 5472 -6208 -1890 -8180 9546 1794 3662 -1026 -645 5334 -315 809 -6180 -4797 -3519 -5533 9467 -4403 7000 -9109 5565 -9614 -3029 -4856 7570 5935 -515 -8013 4254 -2332 -3147 -1799 -7956 3190 -8703 -3320 2838 9650 1935 -511 -9772 9834 4533 -7577 -450 -8074 -8209 6448 -4069 -8835 -2057 -8457 8490 -4655 -2577 7192 -2212 -7549 8320 5075 8934 -2018 5497 -556 9010 511 -4766 -4799 43 1215 -4707 3401 -8272 9137 -4271 3207 9303 -1709 -2428 -9561 -1277 -5277 5675 -3520 2977 -6238 2298 7567 -903 3343 4602 8747 -9380 6025 3978 2833 -5522 2201 -7256 -4543 9866 -4762 -7339 -4952 31 -4219 -129 -9815 -8609 -9972 6912 -6806 -5783 7593 9878 -159 6330 -6593 -3801 1423 6002 7359 1154 -6679 2635 -2824 -9467 4239 -578 7882 3534 -3274 -5681 1934 5755 -8450 8809 -3314 4639 -4486 -7046 4793 -5702 -9484 8697 -2039 -1836 -9788
521 5614 -9227 4722 4292 2855 1427 2914 1193 -2277 -587 8710 1039 1275 8977 544 -5230 9943 9549 -4441 -7327 -7319 5884 6406 -7423 4006 -7388 8335 -8970 6661 -3270 9193 2481 -873 8810 -7206 8970 -7185 -8139 -8926 -4921 2826 -1670 227 -5546 -3288 -7393 -5606 -2706 -8543 6233 -3010 6522 -8146 -5108 -6784 -4339 8529 -8796 1508 -3065 -2521 1479 -9965 -7906 9488 -3505 -3725 -6976 -1548 7789 3830 -6541 1733 470 -3618 -5576 -7047 -2482 -6538 2073 6811 7881 4221 -8556 8381 -2312 950 9850 7343 2395 -8481 -7420 -5294 8392 -3144 58 9335 -4575 1023 -9394 2890 -7142 -1940 -3382 1630 1968 2895 -2469 6969 -3459 5716 7540 8926 -5140 4670 9379 -2437 3764 694 1682 -7977 2574 1163 1371 1991 -2709 4830 -7811 5106 6946 517 -7733 3466 -9769 -7121 -7167 5430 8747 3032 3211 -5824 -1231 -3535 -8870 2182 7958 3949 -979 8405 -3129 8799 1762 5304 -9142 6897 -3141 -181 7239 743 9594 5667 -7613 8523 7334 -7669 -1211 6000 -7533 7640 -4206 9493 -8269 9791 -8406 -6276 1347 -1172 -370 4357 -4945 2920 -950 3690 672 -3602 -5306 4898 -6000 2456 9919 -226 8749 9368 -519 -4197 7129 8914 7825 -5710
9434 -7574 8401 -3936 5933 7599 624 -6426 -4712 -1127 523 5595 7555 1053 2410 8766 8773 -7817 2692 -9581 523 -9893 5962 710 4401 -3237 892 -9811 1426 3092 -4396 8206 -8838 -3556 -8137 4075 4535 3484 4379 -5353 1885 878 -987 648 -6023 -5891 -5571 -7183 2508 -4076 3845 3715 4348 9423 2575 -8225 1088 3429 -4358 -3636 -2787 6615 865 -2644 -8339 -8989 -4117 -1094 4200 4587 -1414 -3291 -7898 -2952 9382 8495 6864 -9787 -4027 4686 9300 -9327 -3623 3913 -8202 -8289 5369 -1259 1034 9696 4474 2177 -4926 5127 -3003 -8258 -8445 -1749 -1769 8766 -3810 -859 900 -598 5132 -2438 -3005 -1701 8947 3828 4089 8232 1735 7957 7815 5042 -7290 2639 -8971 -8805 -4399 -7512 8362 4556 3496 -8816 -5117 -5137 -6268 8518 2549 -9226 5105 7461 -5351 1700 4206 2057 7895 -6981 5563 -3883 716 -3069 1098 5610 7978 -3596 5993 1643 -6704 -1810 -6520 -2376 -464 -7284 3858 1017 -487 -5054 -3682 7224 2810 1778 -8548 -2679 4992 -8821 4951 9204 9700 -1440 5784 -5949 -7667 2880 7159 7367 -7628 -1355 -6863 -7382 -9817 9818 -2981 4875 -4347 5298 -367 3479 2465 4343 3898 -6644 -9683 -3720 2217 -4339 -6421 5157
8440 -6936 5118 -6843 658 -3604 145 -2116 1891 -7165 3302 -9809 4029 7407 9488 5850 -1334 2547 2148 1350 3641 -4668 8697 -2572 -7477 3484 -5075 491 -4842 2063 -3824 2923 -7937 -6172 2289 7880 -346 -7076 2801 4370 2019 6246 5432 -5547 -1032 4769 -7568 -2932 -6324 3174 5412 1811 3853 5785 -7790 906 720 5037 -1090 7046 6734 -3232 -2285 7082 -5315 1895 5419 5444 3634 9645 -5474 6136 -2282 4714 5677 -7892 -5953 3833 8060 744 6317 -8723 8762 7219 -9075 -5934 1184 -6720 -4913 6170 6252 5145 7422 -4998 -5644 -5674 2007 5172 9573 5559 8793 1153 1031 -5860 -3115 -1364 -3394 3051 637 57 1394 8433 -6455 8380 3802 3565 8399 -8605 -5073 7965 -457 1370 1119 2144 463 -1026 -7275 -6817 116 2603 -3626 -5376 4482 -3752 4837 -7678 78 -4545 -5860 -8608 5795 3243 -3710 3586 2394 -8858 -4468 -5032 -2007 -4959 -6353 8004 3799 3497 3219 -8071 -2266 -3056 -8495 8154 9880 4227 -3633 -3465 2163 -8579 -8895 4786 -193 1586 -2025 2121 -7447 9698 9816 -2309 2908 2823 1954 -6488 5278 6550 4884 -4036 -7781 6837 5409 7084 -6119 -1276 142 -6483 -4588 8502 1444 5792 9553 -3068 8882 -7666
900 2236 6530 -2159 -453 -3343 8871 -7932 2240 1908 -3656 -8898 4658 -2496 9674 6696 -3925 1433 -4312 -4110 -7097 -158 8658 -8948 1165 -9796 -687 -5441 1444 5854 -1407 385 -3899 -9284 -4828 -8834 -6105 1931 -3351 -9776 3039 -835 150 6440 -430 7221 7115 1174 3261 -4419 -5646 -5941 -848 -4167 3229 -3002 -2102 -504 5395 -8948 8782 9948 8354 -646 6374 -5836 -8617 -5792 384 -8695 3419 -6443 -1393 -8498 5196 896 5408 3068 6075 -9730 7698 -8650 5958 -1868 5932 -8551 8865 -9903 7256 -8881 -1777 56 -6169 -6233 242 -737 -4128 -4627 -155 6018 -6903 -6399 -652 5948 6397 3099 9474 -4610 -629 -3545 3871 -8056 -606 -672 -7336 -5929 8664 -229 1254 6314 8098 -1588 -2655 -8677 -5142 4542 9973 -5242 -8322 3809 -6236 5704 -2831 -1985 2341 -345 6891 1873 1254 9553 1229 5887 -8793 953 5591 -548 3210 6878 4639 -1774 7119 2063 8347 5040 -6139 -9726 -1626 245 1666 -4177 -7332 1341 -2029 -5042 -1386 -4340 6211 7652 5041 9912 -1894 8904 -3130 753 -3691 -2404 -8213 886 8856 -2611 9596 -48 2536 9630 -2857 8283 8258 -8178 -9799 126 6067 -1933 3644 3955 2736 -3043 -2850 9236 6803 9611
-3783 -6477 -9343 -8957 6390 4270 3405 -749 -8170 -3111 6118 5723 -1220 8121 6319 3923 -5151 -5455 6353 5629 4308 617 774 8535 8610 -2694 -5629 1497 -7747 -3484 6896 -7641 -192 -8795 -3760 2932 -2747 -1387 138 926 6049 -9680 -7325 -8711 7476 3481 -8109 4241 4833 7700 -2293 5355 2298 6497 -9682 8075 8622 -3849 -4701 -1135 -8061 1612 3916 985 -2858 -329 8592 1481 -8908 4379 -7405 7794 -1603 -5651 -827 -4733 -6020 -4586 6235 3783 580 4360 2390 -6905 -9083 -8801 -5699 2357 1702 2404 -6067 -5868 -944 -3202 -3731 -5365 4060 -2336 2275 -5476 -2720 -1741 -7112 -2542 -2739 2110 -6997 1079 3028 -5667 2741 -5177 -7208 7361 3522 2229 8792 -2907 8011 -9335 6792 8009 6871 6056 6556 4232 9008 -599 3815 -7388 -5442 1157 -1047 2060 2660 6022 8591 1922 -9873 5329 -1193 -8736 8314 5985 1454 -4423 -3068 2713 9640 1703 -592 -1701 5606 3642 -2967 4241 6506 -5823 4645 6058 -1765 7325 -6548 -9694 -5275 683 6704 -3392 -1789 -5012 -7851 -9905 7426 523 -2543 4884 -2664 178 -1983 -1862 -4564 -6886 2383 3511 6166 1602 9897 7213 2031 7654 6047 -7196 373 9424 -9016 7090 9374 -5454 -5665 1204
-2469 4836 -3178 -9205 -1750 -5691 9640 2188 -9479 -4804 -3402 -8915 -4683 -2576 -3383 8897 -2007 -7322 -4540 -7055 4914 5828 7220 5036 6873 4955 5034 89 -2646 8633 -4155 3336 1481 -8837 -6361 2613 -4878 -8190 3346 1565 9652 2890 516 -9987 -2179 1104 9639 9386 7844 9424 -3220 1782 -9862 -4134 3279 2992 2371 8982 7634 -113 -8849 254 -7437 4358 -1548 -9806 9379 -3726 -6693 6336 -1900 -7610 9279 -6282 -3132 3586 9581 8731 -2164 -4115 9719 2963 5476 283 -4814 2181 617 4752 1569 566 3288 1585 -8603 6592 4490 7996 7781 -156 -3125 -6959 3194 1980 9634 3329 -8311 66 1266 5281 9862 5037 -8675 7054 5457 -7044 -2935 -4736 -2469 3625 -9950 1065 -2672 1282 4691 -4228 795 632 6333 9623 4500 -5472 -5803 4742 -8105 5839 -3792 5710 -9727 9597 8261 -9065 879 -6419 -7367 2551 -4021 1876 1280 -4645 -1536 -9446 8471 -8144 -9687 -2289 8891 -2124 3727 -4388 -6172 1883 -2530 -6373 7539 -4874 -7800 -3624 7495 -7909 6005 -1038 2382 9481 -1727 -3569 -6441 -7263 -2925 9998 -5703 -6398 -3821 -1820 2460 1736 -4435 -726 -3964 -1838 -2897 5972 -2136 -1935 -5457 -5713 6805 9536 1553 4815 -5990 -7813
-68 87 1488 -7332 -8661 1474 1847 2929 -9561 -8416 8058 -8877 -3260 4466 -5483 1328 -1170 9206 329 -5880 -8400 -8729 -1487 -1886 679 -6179 3949 7866 6241 -4087 -8554 -9623 -7363 -4761 940 3932 4195 -3354 7121 3448 4408 -5977 7510 9153 -7326 6698 1683 -9266 -5268 -789 -7776 -8440 -301 3437 1551 6939 -898 914 4817 5902 3890 2473 -5304 381 2538 -5769 -4854 -5802 -4102 -3690 -7001 -9952 -7357 4451 -4451 2726 -3741 1908 3611 -2451 2107 4574 -7362 7498 4181 618 9790 8863 -3851 6132 7630 -9549 -8925 -5227 3495 -6975 8341 9497 569 9377 -2605 -696 -1284 -9719 7508 1587 -3782 -6243 -9384 7128 -5041 7807 -2965 3851 1883 -2157 -2847 6205 1051 -7079 -5060 8381 6985 3995 -4079 -622 9592 7549 -5973 -2303 1892 4905 6411 445 -8313 4918 7595 7405 8862 9989 -3421 -818 -5286 2506 -3318 -8031 7205 5591 -3725 8133 743 -7913 -426 -6935 -1944 9686 -5647 2868 6545 -9471 6317 8023 3774 -1865 -4560 6957 -5646 -2097 319 -367 -7828 -4267 3993 -5864 9119 7730 2703 -1291 6414 -6974 6733 -2213 779 -456 -5782 -5252 7181 -378 7238 303 -8158 3345 -6032 5138 7662 -6209 6833 8357 -1341 7021
-4164 1093 -1754 8873 -5025 -5508 -3176 -3935 -1200 5103 -8186 1157 -8881 6475 8131 1835 -8806 7293 7564 5693 9092 -5778 5491 -4549 -5407 -7620 1434 -2769 5521 -8702 2873 -5571 -5735 6202 -4399 352 1320 -9594 -8250 1196 -1902 -4649 -781 -8918 5908 4725 -1215 3783 -2601 7990 1003 -9106 -563 -2365 -4397 3531 -6837 -7244 -8832 7337 -2896 -5804 -6033 2093 -1539 -4638 -7107 9826 2752 -7123 -3270 9426 8533 -3316 1413 -7436 4968 5976 8628 -2665 -5565 -8158 6378 -3581 -6509 4495 -2453 -1701 7040 7575 1279 -6645 -1064 -5474 -3849 -8300 61 -6585 -7454 1335 37 -9802 -6420 8188 -583 -4082 5423 -2717 8660 2543 6687 5773 6265 9219 4995 -4702 2500 7082 -4458 8653 -3017 -4952 4090 2574 -9886 -8236 7132 315 4614 -9044 4512 -8866 5934 -9337 -5298 5220 8462 -2752 3542 -8969 -8320 -110 -2169 3942 5931 1962 2661 -2286 9137 -6083 -2506 -5181 6244 -1930 -3022 1153 9823 -2089 54 -4925 -3706 1862 3100 7121 -6194 1320 -3922 -7829 5561 -9730 -7091 -9790 9406 4231 -6987 -3821 -6350 -7150 4927 1546 -8292 -3010 -4926 1229 -8842 -2651 4029 -8907 -5983 -5211 -4469 4561 6901 -1077 -7982 6411 -936 -6748 9764 6026
5418 1187 -9456 -527 -7482 -8069 8707 -4573 -5155 -7700 6281 -9955 4727 3349 9934 -8263 -6719 -3884 -6026 8622 2482 5622 7186 -5884 -8978 5135 -1210 -9820 -4962 23 -4146 1232 9336 -6460 4649 8945 -4899 -2317 6595 -6337 9938 -9196 7231 3719 1715 8446 -7703 -8500 6330 -9276 7170 -3649 -3837 11 7343 3426 4857 -6446 4965 2763 -7108 1738 -4845 7746 -1458 8467 -4638 -4534 8362 -9413 -6768 -859 7427 2638 -7046 -1873 -6988 -8098 -6971 6418 4325 7114 -5910 9454 -4312 -6059 9579 8580 3643 -5244 -9190 7672 3731 -2408 3516 1366 3748 968 -8574 2077 -7036 6997 -9163 -918 -7630 7858 -4125 1377 -2452 -5636 9977 -7689 -3563 -1340 -7089 -7017 -1826 3538 8449 -7675 3824 7735 -1549 -774 -2782 5301 3487 141 -9989 2910 -8471 5705 1159 -2974 1396 7234 3983 3213 -8190 -8166 -1104 2276 5977 -5696 -3966 3070 708 -5269 915 -4360 -3801 -7725 2686 9192 6465 -8658 -8036 -2362 1846 -9597 3294 -312 -2230 -3640 9402 -6086 6146 -6037 -3737 -3396 -8924 2252 6858 9853 -8498 8590 552 -1750 -1537 -2169 3319 -6970 -9672 7002 5286 -630 6129 1713 -5361 -4392 -3191 1125 -1342 -3305 -4942 -4159 6706 772 9637 -8571
-870 5809 -3405 -1441 -5232 -2567 7142 -6469 -7740 5234 3126 8957 7322 150 -7694 9284 2639 3140 7378 5896 6000 2892 -8126 7079 -5458 5662 1769 6760 7609 -6415 4993 8387 -3144 1366 9006 -3753 1296 9394 -6268 -3111 8783 -9958 -5730 -9203 5173 -9115 -9413 8708 -7409 3526 -3624 -5789 -8464 -3236 9031 8789 5880 8260 -3476 8148 6773 -2624 3458 8303 5721 6145 -1207 8779 3312 -5072 -2259 -8205 9580 -2503 2937 -6086 -4995 2241 4833 -4151 2272 8631 -3832 -6463 -5284 -9092 -8818 -8774 -6185 662 7063 842 -262 -363 -4027 -9647 -7437 6968 -5436 4349 4863 2549 -7974 3727 6741 458 -8608 -6640 -7088 -8252 -1647 1948 6333 9405 9755 4185 4532 4907 -6358 -4749 7499 8152 2299 9018 -6923 -2973 6763 6109 -2417 7147 -3409 5196 -4927 -5359 -2961 -4500 7308 4363 8717 6238 -2162 -5142 -2264 -9265 3523 -2108 5562 7824 3500 136 1683 -6296 8813 -8997 -6912 898 5723 -6229 5013 2659 -7827 4263 4117 6439 1325 4591 -447 6617 -1392 -5233 -4359 -6742 8606 3342 -7951 -6455 7078 8595 -9950 -5058 3291 3729 4469 -8506 1273 -4774 -6172 -7499 341 -7095 -4207 8097 -3622 7396 1583 -3530 -4672 -8588 -4157 -9238
-3690 -3361 1903 1633 3653 4739 -859 -3289 3773 -7189 9686 -224 9504 -24 3738 9491 -9453 6090 -7505 3870 -6389 8888 -3454 5652 7685 8686 -8767 4389 -1167 -6569 1938 3228 -2790 -1432 -2812 7467 -3608 4033 1044 7282 -571 -443 -6534 -1602 -5545 6941 -3944 -5137 9913 -3773 4021 4553 -1735 4283 7476 -5506 8124 5129 4408 -9921 8741 1964 3463 2007 1479 -6893 6313 3109 -6897 8097 -5598 9610 5663 3725 9587 4032 500 5372 -1075 -3621 873 -1840 -9245 -4198 988 6572 5371 5646 -6452 5616 -1908 9236 -4949 -3603 7098 1892 -7278 -5236 -1544 2361 4834 -5122 -371 954 4238 3868 -662 5861 -4492 -6134 9974 7337 7561 -6972 -9326 3085 -1891 1943 -4799 607 -3737 9970 9915 2373 4671 4159 -6636 -9643 1956 6205 -7250 1033 -3330 7923 454 -4595 -9937 7029 -6729 -9218 -8633 -3059 2004 -1270 3640 8471 -8345 2159 -4593 215 7877 -6031 4641 8993 -1676 -3592 6427 5287 -8073 -4027 9943 8522 -441 -3941 -2967 2137 6682 -2789 2738 2622 6210 7016 1187 2244 -6817 -8876 7705 -2072 847 2888 -5070 -8075 2867 2094 7582 -8806 51 -1092 -4398 2659 3444 -4897 5285 -4769 -6437 1070 -3154 1773 3252 2639
-8394 5831 3510 -5244 2722 -6998 -6040 -9812 7372 9651 -4990 9116 -3190 -5732 -7401 -5667 9592 -1802 -4659 3795 8416 9445 -6330 -5572 -5147 5244 5193 -4324 2152 6451 -5897 -6157 -5826 7395 579 -8244 -5224 4595 7883 3638 -6933 -9972 6645 4247 9042 984 4282 9570 947 -7808 -4641 6191 -3134 5680 5792 -4571 -8019 6738 -9540 7829 -2759 -6635 1431 -2606 -3573 -5953 -3941 1123 -3361 -7930 -495 -3390 -8751 -2958 -6049 -462 8332 -7592 -3955 -2247 -3716 -601 -3673 9129 5740 1016 -2409 -9984 7806 3046 5328 -4425 6125 6703 -9208 8527 8580 -8394 -9113 -4613 -8477 1322 -3044 -4377 -3486 2624 -3093 4341 3845 -5103 -2149 1423 7090 -2825 9828 -447 826 1161 -243 -1586 9274 6421 -1167 8077 6647 -2172 7202 -4953 1617 -2593 3836 6525 2302 -6416 -1335 2858 -1731 -3244 -8881 -1243 8350 2625 9398 -7504 1680 8214 1211 -8585 -335 243 9979 -2783 -8647 6632 3998 8607 4314 -403 7259 -3866 -7139 199 8947 -4874 -2384 -2652 -9300 -6776 8454 9742 -5881 -1582 -1964 7592 672 2088 5409 24 2830 -3425 3478 2140 -8202 4633 1949 -7468 -8511 3140 6492 -5153 -7074 -8570 -7587 -2853 -4932 5165 -9388 -8022 -8018 -1732
8983 -913 -9131 -7918 -198 9376 8412 -6603 -9643 -8273 -8574 -6218 -2576 -812 5915 4979 2926 -9425 -3832 5412 -8354 -9143 -7930 -6872 -41 4692 7969 -3715 2232 6922 2971 1463 9114 -5107 7814 -6143 -5381 -457 -8127 -5991 -5460 2557 1398 9528 283 -774 9082 -7754 1390 -995 -7077 5726 -4931 7761 4874 379 5148 3800 3432 7442 7359 8227 -8429 -5018 7768 -6769 -4802 4175 -7257 1690 690 8280 -6622 4820 5350 -4074 6778 -7356 -2563 6215 -9568 -80 1217 6991 7505 -5443 7719 5814 7034 8979 -6460 -2258 -1303 3396 5271 9986 -2026 -1266 -3082 -1736 6768 -153 9954 -9401 -7530 -1708 8559 -6408 -4275 7827 -1608 1178 8084 7025 -5700 369 9733 667 602 -6121 -7819 1579 -7351 7416 -7625 5616 -1976 4601 -9047 9817 528 7297 -7291 5950 -2590 4692 8138 -729 6612 -8732 -4858 -5679 -7966 -8696 -8150 3960 -2783 5526 2422 9306 -7225 -5273 8063 -8654 6193 6145 4948 8639 -2776 6488 -7453 9739 -9107 -8941 259 194 509 -9980 -5251 3405 5002 -1725 -6187 -5756 -8280 -65 3819 -5334 2276 599 -902 -4792 3363 -7811 9172 -1101 -448 -8267 -7865 3957 5243 -799 860 4601 -3686 -7279 4222 1147 2755 -4533
8183 8396 -4210 -212 1668 -3897 9124 5657 -8271 -2264 3807 4320 7626 996 -8709 9420 -5978 2245 7007 -8366 1585 566 -5035 -9960 -9632 -5263 -7713 -150 -2049 8941 3998 304 -8621 -8019 -9560 -8477 8519 5768 -7447 358 -5942 2688 3171 -9781 4089 7325 -6423 9737 1954 -5347 -6563 6439 7320 -9768 -6006 -3755 -5290 7009 2690 -1854 2658 -9108 -6654 9603 1898 -3539 4169 7728 -4613 7431 5697 -2776 -6447 -7024 -9792 -5150 -8920 -9500 8890 -5252 4417 -1123 3148 -9948 7180 -1291 -1147 3954 7450 -3330 6529 5299 4285 7521 3499 -9656 685 -9214 8852 -9348 6577 -5788 2698 7467 786 -559 7098 5823 -8167 -634 9222 8350 -5015 8752 9597 1617 7107 4818 7648 5370 2171 -255 -4241 -9297 -8087 -4346 9128 1409 4741 1949 8615 5066 5808 5296 8194 -2708 -9907 -6046 7706 -6610 -5673 7730 9122 -4362 2033 4609 -5777 3768 -3586 6128 9883 -577 7130 -4934 -3405 9076 5066 -897 -3573 7917 3232 1664 -5416 -6577 2310 1495 2328 -3705 -649 -3889 -1702 -1995 -2858 5578 -1100 4324 -7414 7466 6746 5300 2386 1476 -6570 -5199 -126 -6144 -4463 -6975 8098 -9653 9301 -606 -3915 8515 -35 -3153 -4343 -5362 -9835 5790
-6183 3160 -2647 6294 -2456 705 3007 4315 2455 -1602 -9169 9951 -395 1454 -3732 3427 -8749 9347 -8051 9734 3320 -6946 -8359 4705 -6797 7310 -606 1600 -388 5521 -6530 -813 6322 -3253 -6510 6918 -6087 -2621 -999 -4788 5082 2901 3058 316 -6481 2120 8262 4210 9229 -9882 -9962 -2321 9133 -4284 4170 -2505 -3961 8491 5739 -4293 6308 -8134 5838 -3558 -4631 6027 -1771 208 9184 -6150 -7164 6732 8744 -1097 3345 6719 -4177 1158 -9210 -1829 -7147 -4852 -5189 -1380 2140 -2867 9529 -6673 5522 -2624 7198 3379 -1096 4933 -669 2265 -883 -5299 1546 8717 -7734 -8381 3079 -5534 982 -5759 1874 7002 5443 1591 -6961 6341 9738 -9975 1353 -69 -1253 -241 551 9539 8615 3282 -2981 8591 8571 -50 2057 -1284 -36 5535 -9409 -6536 -8049 -7964 8824 1147 1545 -6199 -6877 7948 -4012 -7705 -2636 618 -9514 4554 -8325 5598 -4823 -9904 9401 3194 -4102 2420 8532 435 -9172 8832 9584 6468 7750 -473 -9570 5304 -8988 7429 1004 2536 -640 -8814 -1977 4484 27 6561 -952 8941 -4191 -6896 4472 9753 -8073 8801 -2962 863 750 -7305 4390 6199 -1828 -7433 7802 -882 6321 9743 -1983 -6456 459 4602 -9981 1005
-1584 -1055 -4394 5880 -657 9306 -6263 -6694 1389 851 -5568 5901 5370 -9274 -2119 -7361 -1950 -3975 1581 -1282 182 885 1476 -8305 1426 -3621 -5291 4576 4046 -7356 -514 -7260 9519 -1137 -3490 -4174 -2720 1732 7178 -7599 6355 -4313 -1825 -8981 -6140 -4847 -4615 -3999 8166 6652 -2488 9268 -369 8249 7961 -9999 4268 -3703 4851 3154 -9547 -2978 -2421 -4959 -7601 -6847 5261 9393 -9092 9670 -5210 8800 -2833 -7693 2663 -5645 3096 -634 -6041 233 -4817 7499 8502 3934 -8565 9004 9939 1350 -3279 7584 -8382 -7162 1732 1763 -980 -556 -4516 -4554 -9705 5858 -9389 -5530 -9768 728 5479 -8285 1268 -256 1511 567 8720 -9523 -2274 4227 7800 3109 5434 7186 -2930 3531 -2580 -9386 3591 -6228 61 4519 -521 -8025 7580 -7790 -7706 5613 -1738 -2087 -655 9679 8209 -5958 -5051 8330 -150 -1548 -9345 5210 -6953 -688 5005 -405 -4733 -8943 -7493 -7568 -9837 -4168 -3650 3077 -262 -1340 4572 -1803 -3282 -2701 3893 2854 4104 5547 511 -9214 -1337 8460 8563 19 -3075 6318 -887 -3020 -2489 -312 3959 4042 -1043 1000 -7124 -842 1889 -63 -206 1635 1447 6823 7851 1498 -1452 1906 -3174 -827 2256 -7914 864 7795
8558 7077 8150 3670 -7035 4780 4145 1354 9032 9829 -8507 -746 -8010 8698 6518 4081 -4908 -6977 -6515 -6525 6966 9560 -7148 4937 2405 -6981 -8344 -3132 6083 2902 7129 -7556 -9911 306 -7528 -3476 2005 -2699 9052 -3691 9541 -2375 3455 -7834 9140 -6776 3078 -9892 6600 -4903 -3525 1736 -3633 -318 -1749 -2826 -9915 -1417 9137 3312 -3133 -7085 -7127 -3025 -7050 8398 5291 -7326 -550 8579 4957 6464 -362 1966 -6049 -3695 2836 1250 3159 3950 8627 -1404 7141 -4790 -3057 -2880 -8862 -2905 -1949 -8212 5443 -5866 -5941 -3881 -7802 -5289 -8089 -5184 -5806 -5913 7249 -8886 -1213 -2077 4457 1644 -8369 928 5366 9116 2804 -8127 -5630 -220 5170 1461 6418 -3956 7863 4715 -321 9611 -1783 -7802 7916 5545 -2871 9918 954 4854 3951 7810 9383 324 -9562 -6375 7506 5620 -681 -4907 6919 -9244 6818 5148 -8855 2001 -6798 -2280 2655 8969 9252 -6013 -9895 -9159 -953 -795 -3451 -702 -6623 3951 2056 4483 -7990 -5840 -959 2099 -3280 8097 -5226 -2965 1553 8885 7459 -4346 4224 629 6989 -6411 975 4591 -3575 9293 -613 -1412 1022 -660 -2565 -6817 6028 1387 -2303 -3047 -4400 9901 -3072 7898 -6033 9904 -881 1982
1039 4524 -1528 9999 -3154 -501 3722 3270 1554 -7434 9538 -7413 9612 -6765 -7132 -8879 -3949 2821 -6657 1897 8178 9553 -1112 -3856 4720 -3222 -6719 6771 -1374 -7823 -1200 804 2938 -1659 -4363 -2502 6521 4315 2550 8247 -6237 -8563 -6748 -2448 -1451 -8644 -8981 628 -8716 -6369 3598 6051 -6026 3246 -9897 1832 -1653 -761 4594 -6605 -9253 -7936 -9794 -259 869 -8725 5835 -5778 4859 8371 4344 -3728 9819 2224 9699 -452 2421 -9470 -8577 8654 -6381 -7892 -7129 7970 -7396 -5545 -3207 -1934 9156 -2588 2189 -4565 -3588 -1381 511 2013 877 -2643 9443 -106 2137 -3148 -4473 1729 -87 8887 4689 3593 -9057 -4295 4627 -7252 -7488 -966 -3717 -3743 -3082 -4725 5801 7946 -537 -4150 -7150 3879 3470 761 2659 2152 5606 -7947 -8470 -7120 -318 1287 6879 -7748 4479 8891 -9796 -2297 752 2927 8704 -5054 6118 5057 -4359 3760 -2440 -3371 -7217 -7509 2352 -5001 4653 6006 916 6915 1994 6589 9119 6074 -3628 -765 4272 8857 -6929 -9315 4047 -9289 9295 9380 3565 -8503 -8966 5198 9577 8749 8805 -4975 9406 -7926 -7335 635 -3740 -6289 -5989 8356 6725 -3581 9622 571 8090 -6094 -1444 -3842 -6843 3952 1067 6276
-3678 6335 -5380 -5826 -377 -6592 5921 -4408 7807 3144 -139 4909 -9219 -3676 -5302 -6682 5231 -6778 5338 1843 -3362 8704 -3561 -2936 -3862 3911 -8183 9840 -2685 2762 1842 -266 -4115 -7047 -8494 3541 2933 -5420 -7481 -7750 -8553 -2468 -31 7487 7667 8489 -355 -7763 -7257 7728 2589 7818 -9316 -5420 4620 6001 6606 -9161 -3775 -3035 -3220 -2029 4313 -7533 3397 3225 3370 -886 3527 6541 -6791 3986 3927 -6490 5310 -5884 -194 -9282 -17 187 -3063 2409 2622 1525 2239 -1024 -3167 7031 -5111 4985 -3061 3021 -848 229 -196 708 -3647 -3383 -8460 3763 1091 9353 7304 5024 924 1219 -4138 -9687 -8675 -5322 3182 -7098 -7504 5555 206 -1498 4748 6963 -3990 4891 -8790 87 -7848 5765 3876 9071 3723 -1506 2800 -7947 -1106 -3427 3136 9985 5446 4692 4092 -4839 4985 5558 9053 -652 -6486 -2995 -9572 43 -883 2599 6969 -6686 2044 -4175 -6798 1123 -1343 3657 5609 -2116 -250 2790 5797 -5577 5050 -7791 3385 5942 8331 5505 5354 9300 6585 -6200 8312 6856 6930 -4965 657 -7381 -4136 2874 9211 -7994 8794 5350 5962 -8789 2414 9087 4507 -5262 6686 5379 3244 -7644 -3287 -3751 5856 -4869 -3052 1915
-9796 -2924 9899 -6522 -8597 1513 -7657 -8301 -2505 8010 -2582 -9301 4943 -9098 -8142 -9328 8448 -5641 -8183 3222 5145 -1532 4046 2021 4941 3046 5970 4214 -424 9707 2741 -3848 -1187 9687 646 -9667 3219 5491 -6508 7824 7493 1765 5208 -3937 610 7886 -2652 5468 4742 -1150 -2762 1996 4619 804 -9376 -8534 -3341 5006 6571 5199 3346 -8584 7504 -9718 374 6725 -529 9787 -3515 9278 8360 -9594 -1285 6109 4894 -6202 8534 8558 -8517 5657 -1076 6228 3151 -4502 -136 2151 1472 2255 9240 9275 -6176 8104 5768 4103 6068 4538 173 -1514 4116 -5996 8749 -2170 9685 3353 -8356 -7826 -1921 7118 -1568 -1460 -3393 3848 5343 4313 -2129 -7501 -6371 8211 9091 8275 -3250 8042 -9579 1880 -8220 9445 -489 7084 -5677 -3752 -2377 2039 -3163 -7078 -5109 5786 -1051 3741 -568 -1857 561 -7109 5104 -158 7425 -2075 3712 9229 -8079 -7271 -812 3418 -6568 9683 -6501 -8431 653 9879 1136 -926 3854 5519 -5402 -2260 -9802 -4425 -6938 3325 -9940 -9794 -8428 405 4486 -5558 388 7046 8351 8476 1595 -6713 -5191 219 5898 -8028 -6106 -2998 -9692 4513 -4393 6151 98 -8660 4852 2984 6117 -8061 9533 4375 -3436 8244
6827 -7305 -4113 -7656 -8322 -414 -3024 -1458 6451 -4189 4903 -3709 -6546 -5514 9876 -3449 9914 8492 -2195 -8053 3054 -7960 -5792 7431 455 -166 4217 3185 -6887 2004 -705 -593 1098 -480 -4852 -3452 536 -6356 3046 -768 -4153 -6356 5954 5108 8375 359 6705 -6698 -2926 -2766 -2815 -5764 -5394 4939 6713 1358 1694 7019 -7703 -1364 -1658 1410 6047 -2404 5328 8591 6468 3911 -3286 -6163 4528 -5222 -4347 -8142 -1047 -1074 -9417 -626 479 -272 -5086 -5068 -8202 -2042 1355 4385 3625 -3509 3125 7632 -7374 -5927 -2009 -2117 5097 1792 -6497 9590 1635 -2045 3618 5059 -1644 7987 8639 -6451 5437 -7725 9484 -1091 -9244 -5220 -2750 -5035 -5939 4363 9563 1722 6040 -3036 -9981 2665 -9438 -7112 1611 -5005 -9265 -6585 2849 9696 8992 -1836 2372 9978 -8018 -984 4164 8279 4399 3095 5058 -3495 1442 2203 -8603 9082 5058 -7461 1291 6519 781 2268 -1043 4930 -7727 -9983 8684 -2063 -8913 -4467 -7388 -9163 -7204 1821 -714 740 6661 2274 -2633 1140 8105 3521 -3069 2683 -9701 -6505 -3848 213 6468 -2608 -7542 2922 7826 -2005 -5072 1824 -8879 7583 8791 -7144 4993 1521 -6712 4639 -4314 -700 9415 -3556 -6636 -3796
-9442 7299 -739 -3989 -8680 -5873 8584 7700 2796 5308 2891 -8525 4857 -9356 6670 9917 2353 6943 453 -8907 8436 -9937 -2344 -7101 9226 3826 -5618 9902 614 4363 7593 -9105 4111 9993 -9164 128 -5584 5871 2857 -7634 3533 -7285 -8211 3827 -8205 4412 -5712 -9873 -4242 -660 3361 -2476 -5845 5368 1942 -7508 9498 -6387 -9269 4046 3622 3431 -8691 5294 -9449 -8420 -1598 5695 -6809 -3820 -1584 90 5395 -7809 6520 -464 96 -1091 8990 2764 8714 -3428 497 560 3362 -7547 2657 2123 -2871 -9236 8347 4861 9136 -293 -5282 -4899 7862 4043 1595 -8723 -8844 -2849 6216 -6444 1009 -7875 1139 651 7161 6982 -7909 -1302 -6065 -5829 8522 -1217 -9321 -9817 -3931 5427 8025 -4284 -9349 5960 1694 -3946 3626 3820 -9453 5168 9006 -8918 -5382 7954 -4775 2134 -5616 -7003 3389 -7774 -3458 2842 -7363 3205 5131 3728 -2812 1607 -5168 839 -3822 8331 8872 -126 3927 -8297 9081 -6703 -1107 7357 -4164 4509 -5569 7073 9542 5712 9291 -9503 8213 7988 7648 -7917 -9961 -3815 7403 4115 -2597 7169 -2807 -2812 -4744 328 9128 2239 -6972 1169 6490 4657 -8462 -7621 7556 8451 -7760 -346 -4809 -4891 -9773 5355 6935 8707
6789 1614 -5922 -6900 -8657 8092 -5606 9077 6397 -6588 1928 462 1856 -6485 9881 9653 -4610 -1566 4839 -4398 7648 -7816 -4348 -3572 -5084 1662 2587 8518 5610 -2579 -11 -9352 6372 9254 8238 -7177 8328 7568 -767 -2101 4452 -5303 -5662 -8990 -9721 -2008 -8858 -3066 2570 -4655 -5462 5364 -6675 -5199 -2116 2904 3589 -2529 9515 -9509 -9253 4124 -6786 8228 1218 -9088 -3606 -437 9649 5288 -2143 6009 -9451 -133 4887 2630 -5540 -8911 7487 8646 -6404 9684 -2521 8714 -2563 -1791 1344 -9552 -4593 7865 -9098 -8058 10000 -2523 656 6297 7687 -9443 -8304 -8140 -8548 -8727 -2221 -5605 -1627 -3865 -6693 6571 1443 -5755 3305 -4482 9319 369 -274 3642 -3868 -594 926 -7327 8539 -4516 5459 485 -8968 2106 565 -6566 1323 9916 -8340 3562 9406 2224 3853 9896 9176 7136 7399 -7810 -548 -7424 -4731 8417 -1736 589 -2029 8009 -7428 -9979 2248 4578 -993 -141 -3893 5357 7362 -5650 1953 -9247 -1501 5302 8497 1025 6821 5822 -7850 4281 -7735 -9348 3369 -2591 7932 2371 -5483 8639 5500 -5570 -8019 8944 5794 -6988 -3379 7698 -5534 6908 220 8580 5357 3895 -7892 -9635 9582 2754 8063 8031 3135 7372 -7180 7184
5642 -2755 3834 -9875 -328 -6386 9560 -1514 7013 -5127 -6221 7412 -7383 -6180 1495 -6902 -331 -252 -2372 6224 2450 6516 3544 5986 -5431 -1720 -7972 -2388 -3055 -2922 6986 -1205 508 9576 9221 -3934 9761 5963 6724 3039 7161 2061 3355 -6205 -6610 138 4866 -9660 3916 -4779 -8756 5959 -5562 1231 -5573 1512 6601 8209 -4936 9607 -8145 1554 4211 -8043 4424 -2866 -7950 7823 -2843 6587 5474 5662 -5971 -3529 -2467 4684 6259 -4923 7289 9038 8972 193 7174 1940 5485 3069 2232 -671 -540 -8743 160 -2340 -4397 9691 4178 9925 -8129 -8693 2660 801 1636 3286 3503 -1154 -8730 -7944 -9457 -2461 -9028 -8888 -425 4582 2955 9607 9074 8567 2690 -1168 -6185 -7678 -9308 -928 -4299 1049 -867 9138 1137 -8492 -2283 -8917 3262 5076 6781 -6940 -1987 9054 -5320 8033 -4485 -4275 6432 5817 -7509 -541 4854 9696 4346 2047 9115 5840 -2827 -5929 5939 6860 -4261 5724 -2715 1562 1810 1455 -2649 -4134 -4134 -5170 8733 -9398 3146 2211 3771 -3047 -4479 -5243 7207 -6248 -8144 -267 -8927 -5720 1982 9867 9545 -3000 -3887 -1979 -6107 -1827 -466 -6603 2440 7071 -6689 -6015 -6302 9109 8646 362 1710 1915 -351 6651
7698 351 -5565 -9186 6106 4513 2787 -8442 -1608 1763 9538 8182 -3975 9793 6815 1414 9710 -9944 -8857 -2207 5637 -7307 -7890 -5737 3365 -5366 8754 209 8227 -1509 7573 1347 4754 -8189 4486 3339 1032 -3496 -6061 -9850 1364 -8067 7099 -1259 2841 -5173 4983 766 -3171 -2354 1199 7196 8512 4904 -4866 -6314 9986 -76 -9101 2085 -3950 5603 -8399 -5246 1945 -7484 -9753 -9617 5214 -6511 -3292 -5789 -5934 7415 -5569 4491 -7798 -1275 -8427 6300 4738 -7390 -8193 8602 -4236 7222 6717 -4543 -3937 -4816 -4601 -3108 596 532 1728 7965 -5198 -3351 -9573 848 9498 -3126 3893 8088 -915 1272 4875 7634 1532 -588 6989 -9404 -4109 -2891 1739 -6590 4435 1165 7498 8433 8318 8103 -8706 -5152 1699 86 -679 7310 7833 -5925 -3023 6698 1588 6209 8692 -429 7830 -7540 -8757 -6631 7291 -6788 1424 -4038 7780 -3430 -8970 -4275 -4674 -8334 698 3899 2383 2420 5305 -708 -9963 -5239 6147 209 7931 -8255 2668 -5951 6204 -8986 3329 -9212 2469 2798 -4141 -8878 437 6687 -5739 1246 -2806 6143 6159 5442 9192 -3642 659 9793 -5199 1074 9676 -697 -6966 7394 2235 -3274 -6834 -4018 -1941 8558 -6580 -9924 2611 8567
9360 7779 1443 1438 -8564 -8899 222 -4910 6798 -1689 -9260 -963 860 -95 3757 -3580 5723 -6837 -1983 -7943 -122 7209 -2895 -7027 8827 8744 -4343 -4036 -6873 9093 3102 5897 -8101 5483 -1898 5660 9447 5755 -9421 -1081 5581 -7624 1145 3382 9702 -6369 -204 -5288 -7757 271 -6148 7380 -7602 -8225 -3043 8012 -9526 2839 2434 -3976 -5378 2415 5458 -5409 6230 -1984 -2640 2186 -5861 7601 -4899 3297 -6019 -9989 4102 2782 -954 8707 -478 1560 -874 -8372 9389 -3112 414 -2725 -4391 -4726 -8276 1112 4982 -3367 6858 -4960 -3346 9999 685 -5239 -2949 7004 -8116 7341 -5402 -5827 -5712 -1280 8041 3011 5524 -4805 6660 8763 -2861 3444 -6729 2534 2698 -5276 -3622 -7224 706 -8096 -893 -762 -5509 -3089 -8966 -4512 75 -8009 6335 -7729 7407 5911 1318 -8561 -2608 567 4915 5085 9127 -4634 -3533 4343 6177 6695 -2270 -2539 -1010 -2466 -9594 -4890 8186 5288 -990 2593 6961 -7979 -7660 859 -5723 5049 -9827 -7950 2980 8034 447 7136 2661 -5502 9805 -4495 5844 9022 7256 4699 4608 7101 -6907 1613 -5571 -2782 -9752 3624 -3397 2983 4370 -8504 -4489 78 7077 -8997 5076 -237 -411 -9276 5025 352 385 2626
2413 7089 -9979 9685 -7097 3427 757 1691 286 2312 285 7947 1966 7058 399 -6807 -3880 6295 -6358 3014 -193 -8146 -8346 7563 -3381 -258 9686 -4559 6495 3767 -9076 4979 -5585 -6900 -318 -4287 8574 -4290 -2899 -7528 7476 1966 -8972 -8610 -1708 -6834 8294 -2290 7114 3297 9546 -5732 -4734 7636 1385 -4821 -9581 1558 -935 9524 -8803 632 -1543 7012 -9752 2033 8847 -4773 -2518 -893 2237 1954 -7724 -716 8155 -9912 2942 -2074 2765 6136 8992 778 -132 5575 8265 2843 7758 1635 -3646 -3644 4121 4760 5978 8073 -2112 -4054 7390 3804 -7629 4019 7088 -5497 -3787 -5478 -784 1272 -9688 -5818 -9610 5863 -5211 -3440 -1760 6301 9828 2984 9044 -9581 530 -746 -4919 495 5586 9820 -1356 9417 8843 1595 6581 -5151 9807 5030 -7279 -2499 -2239 -6454 -345 1044 -8339 -9298 8654 448 8912 -9578 5424 -2061 -7006 9310 8924 5758 -3119 9321 2072 -8853 1689 -1651 -7648 7612 3181 -3607 416 -7394 -9995 -9284 5557 -2622 6181 -8624 -4015 -5707 5374 -8714 -6845 -7516 4545 -4346 -3633 -3991 -4811 2822 -9249 6697 -7449 4851 7553 -9789 -6177 5418 -8136 7438 9306 5223 2080 -1110 -5920 -3998 5132 93 -772 -1683
-7857 -514 6936 5292 3457 -3681 -4677 -9205 -7739 -5955 9468 -3315 3674 5208 -8076 2782 -1383 1847 -1744 -1423 8169 -3512 5391 -5717 -5731 9150 -9464 6890 -568 -892 8784 9377 1529 -9208 -792 -8218 4597 -6280 -300 2848 -5905 8245 463 -383 -6546 -1470 -1948 5293 -4083 -5158 -6813 -1998 -501 9070 -2169 5534 6576 1991 8243 7521 -3156 -5019 9429 -4922 -1385 -7344 -6516 4181 -3805 -3618 1397 -5369 7727 -7764 -1194 -3623 8941 7175 -3988 422 7878 9080 1820 6061 6552 9110 -4734 8007 -4776 -9567 -1993 -9416 -2709 6620 -2497 5727 -9842 -9091 -1090 3326 -1853 -7898 -7799 7949 6580 1070 2849 -2917 8036 -2187 -1219 -7829 7299 3228 1527 5591 6325 -9131 4760 -8870 -8738 7028 -7026 -5827 8199 -8653 6796 -5800 7441 1382 -9591 8578 6475 -1531 3759 8397 3813 3075 -4465 -7754 -3576 -20 3903 -7977 -6817 -4754 -9925 -4787 3839 3725 846 -7053 5553 -4713 -106 5742 -7313 -7369 1691 2993 5762 5122 6637 -2087 -3254 -60 -592 -2853 1822 9150 -2554 9927 -7416 -7053 6124 -377 3764 -7631 -2034 8511 840 -903 -9405 9360 -5315 2191 8048 -1134 -9385 7518 1449 -6167 734 8296 4777 -5461 -6505 -9655 447 -5487
5101 -6397 -8717 -3010 8286 4699 4665 -9113 -5979 -1402 6014 9382 9866 -2536 -189 2800 5676 914 -1593 -1717 6321 -180 -2915 870 8536 -7815 4452 -3518 -1530 6788 -5672 -204 -1991 4690 -3898 -7023 8623 -6404 -5384 -6839 -1400 8399 5995 -8524 -5975 -544 -7269 -5121 -1466 -4327 8542 -8348 -6229 -6512 2880 4112 5496 -9630 -2982 -8453 5957 -8065 -6367 6551 1481 -1580 -5775 -2761 -1117 -3023 -894 -9330 9054 -3350 9888 -1790 9563 2474 -9074 -5693 6500 -6884 7032 7326 1898 -8263 6153 -8859 4408 -8990 -4658 -9391 -2737 -8776 9702 -6638 8821 -6347 -9503 -2674 -5189 7828 4703 -124 -6235 5448 -2426 -3059 1444 4180 2853 9705 3159 -6393 8928 3518 5713 -6521 -7974 8580 -6119 7847 -9818 -1475 2032 6279 -7669 -1776 -4284 6718 6364 -3636 -2614 -5131 3322 3817 -6316 -3055 -3 122 -4799 -2477 -9070 -5844 940 -4646 -8350 2136 -7303 -2650 5319 4121 3054 -8072 392 -4301 -7646 -7494 5427 8451 6837 8609 -9432 -1267 -9569 -3910 1397 3835 -7275 9470 -2311 6975 -9894 -2403 -4089 -926 -8078 -6161 -1410 7686 -6154 6349 9355 3826 -9501 -9081 -2502 -3236 -3619 7747 4835 5813 4478 6482 9346 6068 -2153 9898 1418 -6571
-9072 -9837 1272 -1420 3338 6438 -6014 -7016 3087 -5219 -5390 8724 -6816 7308 -5660 9603 9662 -5034 4546 9988 149 6942 -8885 5014 9783 4832 -2093 9800 -6434 -8605 9658 2566 1485 3686 -7689 7320 2194 -2853 8693 8421 -1556 -7848 8570 -2542 -4551 -783 3614 -3415 -8941 7929 5953 884 5854 8446 2144 4876 -8687 -8954 -9611 2215 4338 20 8279 3597 7890 2791 5754 9528 1969 8684 7 4022 1231 -1110 6288 -7646 -6835 -175 1831 -4439 9847 2769 -4912 8591 -3172 -9740 -913 1532 9108 -4214 8008 9750 8506 -1497 -7984 5969 -5845 1119 -2130 8727 -7730 -6632 6790 4932 -3825 6383 8040 2144 3173 5243 6233 -7746 -8789 -7648 2639 -2447 7333 6730 1700 7261 8673 -8349 -4127 161 -1736 -6882 -317 5077 8019 -4082 -868 -2241 -4084 -7771 -9704 -255 -6506 -179 2648 -6183 -1280 -1942 -1529 9668 -6997 -4447 -1268 6585 3425 6819 9597 -1109 2661 1207 -6905 5986 8523 -9399 1081 2866 -6758 6272 2155 -7646 4161 4211 -3766 627 2848 8943 3733 1457 -5293 6667 -488 3631 2293 6245 9121 -5525 -9389 4922 3997 6332 2495 -1929 2775 -4689 -9235 -6952 4529 961 9758 5044 629 -9058 9788 -5719 -2701 -6197
-6279 975 6229 1586 -1011 5775 -9212 3865 -3870 801 7272 5057 -3592 5827 -8706 4536 7645 -8227 -1414 2548 -7143 5391 7838 -4214 4608 -608 -9640 -3180 2243 -7692 -6412 4648 9910 -1847 2272 7034 588 -7549 -2655 -7384 -507 -1352 -7531 4940 7608 713 3811 -5501 -3903 -2440 -8814 -5885 -5610 9984 -7409 -6392 -3435 -1637 -2709 -4585 -6063 6255 -3332 -95 -5852 8119 -8561 1738 -5351 555 -9864 -1838 -1500 8785 -951 8724 -8356 -579 2230 904 1136 5323 2906 986 5460 -3840 424 1335 9663 -883 -4390 9892 -8415 -1024 -257 -7392 6674 1664 5582 -854 5844 9013 -3364 893 -7271 6097 332 -7519 3525 7702 1486 -3226 -7021 -3258 -361 -8878 496 -3928 -6606 -8934 4907 -3409 -8281 -6188 1249 -7599 6703 -6599 937 -5154 9121 -8842 -1185 3460 -1971 -4379 3943 -1891 645 6547 3828 5703 -7968 7113 -5395 1133 -4484 491 -2893 4122 -3139 -8018 -7544 2972 1173 7721 -6849 -6816 9554 -648 -3059 -2847 1836 1656 9227 -4255 -2731 -2911 1925 -7367 -938 5689 -4719 -1249 8589 2191 5301 1939 -7961 8158 4929 2095 -8921 9195 -9894 9537 4018 -5212 -2180 -7475 5832 -684 1838 -336 -1827 -5201 8096 -1832 -7036 -1467
-3276 4690 9559 5425 3410 -9234 5793 1056 -9668 3024 -5680 1822 -541 -3816 9113 -9127 -7781 -2835 1650 -618 -6391 7710 -849 8171 -4168 5763 926 -5353 696 -6728 3913 -533 -258 -6390 -3080 8416 -6228 -1203 -8530 -2897 -743 9800 -3049 -5540 7354 -9239 5302 145 -487 5219 7410 6361 -2834 1960 -6647 -5027 -4320 -5611 -1180 8954 4469 6850 -6121 -4952 -2890 -2943 220 1214 -2942 7868 -1541 -7917 751 9442 1147 5720 -5443 3077 -9042 6644 9283 -4651 -5093 -4022 -5782 5251 5974 -610 -4256 6788 7131 -142 -6022 8476 -3851 3949 -7463 3341 5816 1622 3489 -8876 -23 -8098 -7794 -6048 4062 -9385 -1339 -2388 -5766 -7474 6805 9135 -3755 -529 9728 5358 754 -6336 6831 3815 -5803 5464 -5504 -2130 2312 3967 9836 5587 1437 -2678 4434 565 -9116 6450 -9873 -2849 -3903 -3407 824 -5027 -8771 -2133 -7810 -3297 1079 8981 6554 6497 -1828 5917 -6223 1732 -362 -4659 2743 -1506 -9297 -4949 6702 5293 -8961 -2264 577 5197 6875 6057 -9790 -1217 -281 -1774 9447 3471 5073 -5362 -8356 -6564 3611 -1890 -3745 -6776 3601 9816 3747 -4446 -2214 1147 6356 5115 3529 632 6940 8174 -5744 -4137 9476 8070 1925 3271
8474 1450 -9204 8368 -867 4807 -1009 8769 -8346 6336 8101 -8709 8138 2880 -3686 -5693 3629 -6310 2484 402 -583 -5286 6033 638 -4956 1162 745 3766 -3887 -8074 9945 -6139 -7771 9448 -1966 -4991 -559 -389 6054 -6292 -4782 8122 -5387 8876 -6338 9449 -1234 -4014 -6441 -2301 2096 6747 6812 9762 1632 9950 -4609 -4827 -4939 9530 1827 -3140 -520 4014 1109 -4495 5490 3875 4806 5503 8602 -4308 4002 -7889 -5406 5795 1003 3171 20 -3393 -6514 -712 9686 8334 -9690 -3216 -5206 -2635 -397 8509 -9051 1701 -3466 -7869 1935 -4761 4750 3603 -6686 -4 6830 -8153 -658 3986 -8374 -8973 -8203 7381 7459 -1569 3702 98 6213 8772 2794 -4977 9397 3221 511 1963 -1223 8118 -9965 -6696 -7241 9362 -2999 -59 -8820 -9019 -2103 2673 1297 7192 1721 -1787 -6646 3880 8028 -4948 7202 -9819 5018 -4197 -6997 7144 -6926 -9272 9723 -6222 525 8127 489 6846 -6819 -4047 -8939 9232 7083 5404 -4230 9741 5227 -4651 3569 7531 9688 2831 6710 4313 -6789 9398 -3187 -9260 -957 6826 3428 3658 832 -5536 -5357 -2860 -375 -5144 -6047 5911 2924 6239 -2861 4319 6600 9890 -8461 5653 -4231 -9728 6760 -485 -3555 -2765
8338 -9934 -795 -1642 -2994 8834 9739 -6802 5683 -1986 9257 -7293 -6634 -2037 5758 3620 238 -6739 -1191 3606 -7682 -3378 -3896 6170 1679 -9952 -9839 4655 -8834 71 -8743 2350 8859 -230 -925 -2482 2899 -2144 -4207 8170 -3467 9946 3515 -8078 840 5508 5393 1184 8384 8185 -4597 -332 -7537 2362 -3502 -391 9616 -5292 -5419 1371 -2690 9943 5869 -1279 8723 2604 -7004 -8054 -2934 5991 -7884 -8130 -1467 1235 -7514 -8728 -1987 -1156 8605 -6225 5819 9670 5179 3388 -2063 -1152 -1819 -2929 -7592 1162 349 -3524 8821 -5047 7288 154 2972 3586 -2220 4663 -9824 -8768 -1949 -4131 -4640 7778 -7982 3649 996 7739 -3262 8015 9112 -7737 3445 -5937 -8219 -6184 -75 8425 -3337 -8745 482 -17 2357 -2287 395 3548 9005 -5847 6234 1365 1501 -933 4650 5231 -9505 9521 7640 4460 -6873 -1662 -426 -3010 -6620 1236 -4912 -9054 -1755 2820 9655 -2153 5132 3725 -9160 -2116 -139 -2971 -7955 -271 7436 -3501 4279 -9263 -2630 1472 -9478 994 -7610 -8203 296 1562 -5766 1218 -4055 -7768 9752 -8227 -9107 -6911 8604 -1926 6330 -8104 3812 -7274 -2530 -4101 5792 -6628 9689 -8357 -1203 4 6472 -9964 8311 9260 -5923 -1399
-4301 9011 -7284 -4260 -3070 -1073 -9947 5563 -9512 -2065 1399 4914 3506 1545 9159 3850 7468 8974 -220 5799 -6959 -6650 8015 -585 3809 1257 1395 -7824 -1959 5834 -2614 3712 -9513 -8307 2466 -1201 -5175 -9368 7477 6291 -1676 5333 -5844 7925 5753 8129 4501 1173 -5880 -6231 7437 9913 -3294 9461 -3622 6404 472 1024 -9029 -6280 -1875 50 -6197 5584 2073 7671 -2517 1972 7139 -8341 7176 -2742 -4268 2647 8865 -5971 6402 -7943 5232 9948 8531 1098 3079 1055 -722 -6408 -2733 5291 6581 -9074 8508 -3792 -5838 -4251 2048 3187 8948 -3457 190 -8327 6197 -2207 9271 -1589 8207 -2359 757 4500 -7443 -4907 3158 9944 612 2716 -6004 -479 2944 3549 3653 4541 -844 -5676 -6421 -2966 266 4209 2968 -4945 6916 8103 -1500 5417 7747 -2522 -6780 -5382 -4899 -7230 2753 2364 -1940 -8242 -7556 5089 -2078 9711 5830 6482 -239 -9305 -9516 -6700 -366 -281 -2676 -744 9025 750 -3522 622 -3165 8224 5323 -2378 -7935 -8048 2329 3691 858 6228 -6535 9623 5264 -4963 6062 4332 -5448 7966 -6967 5831 7470 -7299 -2486 518 912 -706 -6370 3707 297 -1882 -419 3102 -7156 5843 7751 -2945 4595 1763 502 -1177
-349 -8636 -867 9666 4660 9920 -8634 6202 5266 -6063 -7059 1804 -4563 8384 -5518 -3309 -5327 5462 -9598 6416 6607 -1563 -6393 -5346 -749 -3235 5659 -6689 4581 6113 9424 6110 3080 5859 -7395 9005 -2258 3142 -7389 -1009 -6776 -6532 -6166 -9964 8264 3648 6362 5126 8189 1073 9335 8391 5463 -8506 7254 2010 -3119 -8169 -8172 -7753 -9486 -1109 -1280 -3061 9466 -4164 7919 -1024 -5916 -5839 8659 1637 -3291 -5272 7938 -230 7686 -393 -746 -3905 -1176 6891 4596 5543 -6265 6712 -6452 -2716 6078 -8930 -9060 4334 503 1661 -5798 -6312 9006 6034 -5505 757 -6254 -9758 3475 -9300 -1161 -8040 -5835 9732 2014 -7334 7795 2307 7636 -9213 6249 -1781 -714 -6883 3225 5360 -1516 -6326 -8466 -7389 6003 -1528 5979 -9981 5173 4920 -8934 7508 4600 4209 -6766 -4594 -1021 4085 8844 4727 6647 -6574 2164 -3353 -1375 9564 -7569 4431 9025 -8840 7988 1002 3703 -225 -7977 8151 7225 -4964 -9403 8953 -3969 -9085 238 9126 7249 -8705 -7481 626 2180 5971 -3964 9584 -2467 -3851 -9064 -4049 -7692 3365 2545 726 3811 4217 -7218 9911 229 -7621 1351 4204 8706 -6432 -2252 8702 -7903 2957 1225 8273 8659 -7998 2934 4553
3729 -4391 -4538 8719 -3149 5434 5830 -8643 -1320 2025 5823 3916 2834 4191 -4256 6190 -7843 8000 5420 -849 -5329 3307 2228 -7261 -2288 9768 -4733 -1616 1250 9742 5871 9538 -2725 479 -2290 3351 -8083 -2368 -861 -3459 2837 -2562 -3233 7984 8753 -8420 6003 4183 6622 -2696 -2233 241 -4233 8024 -3707 5553 -7131 5855 -3087 -7717 7290 -6077 -3901 7982 -6835 -5699 5645 -8578 7877 1671 -4653 -7073 -5263 3022 650 6904 9008 742 153 1269 -2170 9456 -5699 -1294 7169 -9756 -4036 -5391 -168 3696 5521 -8336 -3010 681 1738 -5705 8034 9809 -4593 5166 -2723 -7140 8486 -8081 9412 -5949 1504 9739 -7606 339 4339 -4489 -3076 3273 4582 8923 -9628 2540 -5149 -3020 7996 3526 27 -3325 -242 -8871 -4451 8001 -2504 8258 -3162 6214 -4740 4038 2953 1420 7645 9716 -9337 -5181 -4534 5510 -7203 -3127 7974 -4537 7645 8841 -1419 -1344 6352 5354 8883 -5700 9710 6279 -4822 6017 -6510 -9041 -3664 1448 5038 2124 -4070 -8790 -2327 3964 -8237 6829 -1304 -1521 723 -4717 6619 8665 -659 4601 2833 -4908 -1283 204 -2032 -3269 -7952 -5150 3133 -9768 8489 -9132 3672 5760 8617 -7509 -21 -7772 9168 -4836 -922 -7981
-3534 -2604 -6198 -8448 9104 2390 1433 -9399 9533 4730 7179 8976 3067 7931 3959 1342 9722 -6396 2133 4020 -85 8 -256 6091 4032 -4089 -4552 8864 8323 4729 9104 8254 -1284 3969 6885 -5373 7064 -2162 4505 -8018 -1470 -2417 8851 8384 6263 2014 7921 8494 -6969 -91 -7519 1096 -3202 -2495 1063 -4572 5727 7041 -3791 8141 -4437 8807 -4412 -8628 -3991 -9065 4622 -8883 6145 7663 4033 2780 -2926 11 -7620 5717 8325 -944 -1436 4645 4684 2479 7758 -4653 4441 -385 1602 -1503 -7040 4845 -4412 -4943 -1055 -1472 7420 4779 5474 3498 1068 -4660 -1931 2386 -759 -1738 -4695 -3643 -2534 525 -556 7813 8288 5824 4101 -6565 8582 -5783 8274 8516 -2240 -9986 4276 -8161 -3593 -1886 8958 8706 8292 -7928 -8908 -9063 -5689 -176 -8691 -7869 -2964 -5721 -1953 -4672 -1874 -1487 2819 -7405 1688 1443 9844 4191 1957 1001 -5980 9545 -9205 3763 -7364 3432 9127 -8589 -5763 266 4905 -8651 -823 6986 8765 -326 7333 4116 7288 -9938 -2845 3565 6522 -577 9046 2617 -8188 8380 -4623 9715 5997 -4514 6121 -2762 9460 -593 4776 2881 -9332 -6705 5094 -2449 3436 -9486 8408 6339 8842 -486 -9840 3012 -1799 8619
-3267 962 7891 1458 7259 7999 -9820 -4059 4889 5428 -7239 1674 7968 -3918 -5091 6531 7034 -9378 3014 -8910 5862 -9940 2511 9421 1902 -9351 1807 4295 -5583 9802 5861 7733 9068 -9864 8434 -6908 -1578 -3355 -2913 3106 -60 -1527 -9565 -8332 3624 266 8348 4341 -4752 -8686 9733 5620 8551 -2690 6644 5685 -1403 5097 8341 3109 7481 2766 -157 -6414 8392 -4204 -2682 -3786 4407 4064 4373 9257 -8753 -3481 -5035 210 2902 -1902 6112 405 -702 5826 3104 6739 2273 -3199 -8500 1285 -8733 -6219 3699 4616 -8067 6637 -1590 -724 -1742 -8689 3672 147 -4058 -6736 8215 -3643 575 -5913 -5806 2629 -5011 -3965 8766 -411 -4455 -4919 4957 1134 5701 1640 -2350 -2418 2418 1364 -9595 8351 6367 -3424 5954 7391 5615 -8289 7548 3542 -1572 8765 -9845 4519 -8217 -7726 619 7069 2843 5433 853 -7637 -9239 1008 -5034 -3628 4598 -8529 8921 -4683 1650 -3524 -4210 -4612 -9419 2048 -8593 -5720 7794 8481 3603 3604 -4067 5150 -7434 -1243 -4317 4681 4346 -1421 -8256 7465 -398 857 -5576 883 8099 2190 1515 -3633 -5735 1992 1965 7233 -3624 -8470 9929 -1283 608 5008 4172 9345 2790 -6140 2965 9119 -4509 4355
1111 2416 2259 8118 -398 -6086 9460 5803 -3248 -3374 1101 4208 9184 7715 6355 -2334 -9332 -4802 -8508 -2814 6424 3887 6494 -7175 -4911 -5050 -1203 -1153 7142 5920 -6755 -8705 -2694 -8768 -1564 6385 5156 5084 -7641 2018 5288 -1923 5442 5518 -8235 8809 1153 1356 3234 -531 2454 -2373 1256 9118 -218 -6131 -6304 4499 8889 -414 -8780 -3811 -4302 -7546 168 8616 6978 9209 -21 2238 -7929 3647 -4906 6104 -4555 2623 -4341 -8030 9973 -2568 -4126 2270 4147 -2622 5395 -2954 9919 -1555 -1282 8462 -7852 -2699 -1304 -2263 -490 -3810 7213 2401 4129 -9279 6596 5484 212 -1058 -107 9965 3602 5058 -1396 -1675 -5395 -9750 5505 -4546 66 -6678 -3064 7640 6295 2870 -9195 -2847 4914 -7296 -5537 3448 3139 9047 -7185 -6377 -3467 7327 4113 8470 -3033 9302 -854 -3490 6195 714 656 8561 -9772 3400 -3057 -9672 -2102 9142 -3486 8268 -5433 4676 960 5484 -5500 -4970 -2995 2749 6193 -7460 6975 6017 -4345 -4237 -4387 5372 6481 -9175 3510 3072 -5340 6488 -127 7027 -6613 -9369 -8594 -4987 4167 -9922 4298 -5656 -2842 -2018 5548 894 7420 4668 1958 6735 -7014 4805 -3725 2753 2438 -6019 1317 -7590 4772 -965
4696 -1371 1512 2333 7030 6936 2684 1909 5609 -2099 -9897 -8378 2875 -3070 8116 -7086 -607 4706 8473 -5167 -8755 8411 9506 -9400 8734 7083 8616 -7933 -5033 -6771 9632 -1012 -5353 1565 -1049 5224 5629 5917 8389 1567 5131 -5847 371 -3983 1059 6996 -2395 2836 -2585 4383 -6399 1962 -9161 1947 -1897 378 -7888 8191 -6732 1677 3853 -4092 4784 -5666 -8539 9989 8052 832 -4146 2190 9494 -2809 -1669 972 9585 -7123 -7478 -8618 3229 -1316 -3193 1194 -7308 -6962 3703 -6364 7793 793 -7152 7362 526 -9652 -8136 -760 2778 6595 -8704 -7222 -3010 -4382 312 6800 -2166 -2317 -8662 -7054 -3122 -876 4933 9226 2370 -1029 1114 -9538 -3894 4344 2529 -1959 2247 4209 374 -1927 -2097 8639 2312 -8279 -3232 433 -8589 -5807 -9826 -3341 3792 -7853 -5910 3199 3294 3213 -6777 670 5485 4115 6464 -1746 -5034 1022 -570 -5154 5288 -6704 2001 -9242 -5760 -8806 -5669 6814 4365 -5492 -5206 9933 5900 1398 1666 -6091 4532 5147 3164 9884 9914 -5567 3171 -9660 1647 168 -3491 -3160 9326 5877 -1862 7531 -36 9812 9425 -1212 3481 -7118 7914 -740 -4812 -1534 2033 1918 9853 4379 7107 -2743 1054 -5108 -3259 8172
6541 -2647 -5799 3834 -1244 6181 9452 5340 4285 1234 5220 -5668 -1331 6298 5274 9289 7332 -2709 6761 -2745 9261 3913 270 -5099 -2944 9400 3179 -5375 -2575 -3628 5750 6409 -8363 8718 -6958 -393 -1203 3769 -2253 -3928 2696 600 -6639 -2838 9392 8020 934 -6240 5477 -2073 8629 -9974 -7763 -1286 9836 3302 -7252 -6445 -5896 -3989 -6697 -3724 988 -4815 -2000 2710 6769 4397 -4125 5708 1814 6685 8070 4951 769 6205 -5448 -1100 9836 -1088 -1973 9767 457 2459 9467 7753 -3805 -53 -5105 8703 881 418 -3690 6696 6257 -3850 7041 8661 7581 9091 -4066 2887 8563 1789 -5308 -8110 2743 2598 -3266 7255 9147 -995 -156 -6937 6946 3129 4006 -4397 7746 -6439 -491 5890 -8423 5839 4156 -9101 3044 2829 2010 -9132 -6463 -5888 -2730 8873 -2034 6768 -7192 -2087 -4877 -8989 8463 -1039 -3107 1570 -5142 -7359 9612 -8806 5642 3167 -1927 -1817 9147 -7619 -5737 -9565 -4140 -4143 3762 5899 -5512 3843 6263 -2716 -9742 -6297 -6137 8298 2785 -5150 -6876 5754 -3612 -1619 4784 3023 4575 -1561 3044 -9138 4715 -2033 -392 -8153 -8404 2369 -320 1675 6338 9719 7505 4693 9937 9017 -9174 -8662 6059 4277 5406 -3697
8585 9238 -5633 -4449 3678 6259 6544 -4632 -3980 -356 4533 1803 -84 -9813 392 -5201 -7070 -9078 9310 -565 861 -6012 -8166 -3612 6054 1540 8411 -4196 4364 6805 8418 4997 -1606 -8617 6457 7042 4386 -1553 -43 -6777 8703 1556 6405 4997 5561 -3997 8089 5208 3436 7805 -7670 9575 -3492 -6093 -9276 513 9178 2894 9770 5085 9315 2755 -9046 -1315 534 -5766 -670 8178 -7471 434 -2032 -5918 -1043 368 -6307 -1666 -3653 -3807 7376 1180 4867 -3115 -8506 4606 -7205 -6975 -8737 7408 771 -2389 453 -3031 -6693 4785 -8839 -5413 -2497 3016 -9226 -1963 1526 5096 -3283 8497 -5072 2685 -8228 94 8716 -9425 6034 -9784 9514 -1161 -9223 -7774 5158 4498 -5118 8381 6176 2114 -8402 5401 1743 3982 5822 -758 -3828 2689 -4940 -9745 8898 -6799 -6264 -1832 -15 -1514 -9737 5745 -7069 -5285 6144 1222 5710 8015 8647 7838 8273 2560 7882 9533 -7128 -6214 -2697 -7762 -6198 -4394 559 5439 8375 2748 7666 -5398 6383 -356 1921 7563 -5370 -3657 1106 7300 -2512 9727 -3243 -3097 2819 -5535 8929 -1188 6247 7208 2549 -6013 -1052 7924 238 -7215 -7183 -6575 -2185 1637 -8554 1517 7374 7671 2719 3682 9650 7889
6431 4104 -646 6551 3544 2675 6606 -1578 -2705 -7873 3208 -3029 1203 -5855 7401 -5445 5717 3805 9261 -5992 8271 -224 -4954 4634 9131 -2450 -1869 -2998 2026 -279 6539 -6575 -9709 -8055 -5462 4466 6022 -4380 1790 3461 6357 -1849 1790 -6041 7483 7880 -6632 -8896 3310 -6086 -7383 -49 -9827 7906 6373 -3602 -9122 -3648 2501 5472 9674 -4339 665 7459 9880 207 5641 7109 -2574 135 6540 -9179 -8949 4344 -4564 6397 -930 -740 -4543 2098 -9211 2355 -774 4686 -1401 -3558 3075 -3544 6866 -7251 11 1204 -8815 4822 -4835 2385 5564 4048 77 -2691 -9305 -2135 -2361 -9667 2721 -3335 -7850 5841 -8352 3237 9588 8871 1664 -7099 -6673 5455 5621 -5375 763 6473 7765 -1684 9758 9167 -2409 -8224 -2265 1425 -4795 -8622 -3316 6871 -7470 1263 3928 -3962 7052 -6485 -6859 5627 518 -9565 -6089 -3976 9505 6998 3954 -9830 9645 530 -355 5781 178 8376 -8124 -4846 2523 7180 6866 5237 6521 7253 4434 4226 -603 7568 -2660 -3247 -3428 9980 6455 -6828 6869 -5206 -7375 8501 4304 9629 -308 738 4306 -6839 -1924 2135 -807 -9174 -4289 -5030 -2429 6619 -2877 -3988 1971 9611 9814 1148 3305 -6761 419 2199
-3919 -4783 -7398 8472 2099 -8261 8086 362 1939 4334 -4393 6579 -3170 7432 4039 8329 8920 3205 1972 7176 -4889 -7905 -500 -4606 4548 -6997 -6998 -6303 -2141 -4971 385 359 -8425 6511 296 -7133 -4439 -3388 4557 -112 7793 -2035 8577 4289 -5553 3630 -6263 -618 3763 -9375 -8353 2516 -564 3580 362 9995 -8705 1409 -8111 1918 -2471 -519 8648 -1076 -550 3583 3672 -1913 -4969 275 -9394 -5930 -7411 8306 3178 9379 -4322 6819 -4249 8044 -8293 6991 -1653 -5894 -639 -2675 -8005 -6486 -3509 2627 872 -2364 -7625 -9803 -6425 -5531 -1241 -6443 1089 7496 5497 3870 -5287 -9652 -3451 -2672 -7603 -9631 2606 -4320 437 -2704 -9369 -7801 -1000 -6781 8768 -3568 1675 5418 -1621 9533 3290 8517 -7428 -2717 9651 -9250 1658 -9107 -7407 -9674 7945 8677 -6800 -7345 -870 -2577 -2308 -778 7054 7233 8071 7097 6067 8401 1855 -9627 -9762 -8922 3186 -6466 8227 -2061 -4722 1108 -1949 660 -8053 -4024 6493 -1890 6906 -4150 6311 6828 8670 -7948 -2101 -6946 -5375 -3835 1508 3648 -1638 -6170 -613 -3960 -286 759 6609 -8331 -1646 7249 1923 79 -720 4764 6830 9169 -3628 3104 191 5020 -9408 2891 6767 -2566 9754 8316
-5623 6519 506 -4177 8008 6396 -3537 -302 2562 -4859 -8783 -704 7330 -384 5329 -1432 6100 9566 8598 1358 -2482 -7606 7246 5710 -8478 -6876 3920 993 -7417 -20 9933 -5001 -8272 7927 3958 5067 7290 -4240 -6402 5361 -6891 -6476 4504 -7232 562 644 3678 1989 9003 2875 -7391 -5197 -4700 6278 -566 -3445 -5727 7460 -575 5041 -3540 -3807 8100 -6718 497 3367 4094 1287 873 6413 294 -6591 -6436 -7535 329 -5864 -3385 -3524 -5276 -520 7002 -7146 9042 -2799 2418 3847 9386 8063 -656 -605 2698 -9260 9471 -2553 353 -1977 9687 6117 3864 2058 -8308 8555 6301 1511 5786 -1774 2130 6396 -5671 8059 4933 2251 -7954 9711 -286 6598 3716 -7932 338 2019 -9217 3934 -7438 -8160 7798 -9676 5915 8621 -9312 -9547 3469 4081 -2465 2238 -8224 8403 -4263 -9531 1429 6049 4937 -1580 -85 -3859 -3870 7063 -1555 -3367 21 7230 7180 -1466 4830 5170 -9289 1561 8410 -8792 6425 -9891 1835 -6768 -8805 -7236 8342 1822 -5545 -3186 -5960 -2544 9057 -4435 -5641 2916 -7493 -8029 6524 7659 -1773 8100 -1396 -7190 260 9869 -4873 -6904 -4919 -6697 9570 5697 5811 -7803 -5888 -9575 7602 5329 -8724 -8474 -2102 -1723
2706 -4916 6854 1463 -5030 6951 -3738 6076 6743 3247 6315 -6486 1194 1512 8050 -1192 -6187 -3548 6034 3761 -2522 -9474 -5667 -5813 9599 -9831 2898 5435 421 4622 -5647 -2416 -2967 -6037 4921 1623 773 8220 -2008 -4094 -9007 -525 8886 -984 -335 72 -4529 6959 3064 2084 -4941 -9113 4144 5842 -912 -1807 5782 -7599 -259 7478 162 -8580 7352 -9027 1389 4668 3183 9657 -6378 5414 5599 5217 -720 -5869 449 -5084 7004 9864 -3119 7126 -5633 4059 -2011 1206 -6853 -2125 7916 -9060 3163 -836 -6252 9006 7769 -4779 2008 5727 5206 -5767 1780 2063 6080 -4211 -7619 734 -4484 6638 -517 -7459 7183 7626 2421 -753 -9719 4506 -8536 352 -7851 -5605 499 -8963 -3291 -8703 -6490 -6410 -9906 8653 -3415 -212 -7477 3919 3507 -9536 -2446 -7580 -5766 -4538 -4228 -4405 -51 2597 -5741 2952 -9573 4261 9799 -2533 -7951 -2309 -8038 -5503 8419 -3068 9759 8095 -2578 3136 -8000 5380 9506 5582 8375 -4240 -6484 -6814 -9491 3591 -8989 5448 -7437 -3381 -219 372 -1834 -8249 5014 3861 -2287 510 -4510 -8822 -1299 -9645 6905 668 -1785 -8868 2691 9622 4900 -235 1180 -3903 3197 9252 -4077 251 -5732 6068 8040 4714
4318 1169 8486 722 -2624 -3719 -830 -5766 3584 -5685 -9297 1973 4272 -7948 7099 -7037 1771 3537 988 501 -1594 -770 -6797 -5822 7056 9662 -2507 7776 8029 -6516 -4823 -276 6631 -9709 3273 -4063 -8875 -9434 -6583 6795 -4606 5249 -6282 -4577 8274 3126 7707 3923 2192 7799 7036 -3977 2408 -9295 7816 5157 -3284 102 -7425 -3590 3777 -7037 9517 -3282 6060 -1829 -1223 5736 -4726 7597 -6366 -2520 -7397 -6857 9728 1953 -8237 4438 3506 2169 1538 -9885 6344 -3780 -7359 9227 -8162 -3401 949 9814 4613 7268 -6983 -57 7520 -1943 -8482 1552 -6404 -2914 986 2399 6160 -3884 271 7499 5373 5014 -7444 -8391 4879 -5298 -4675 8537 588 6630 -3904 9728 -1887 -6347 9304 9305 -7646 -1637 -4080 2722 5197 3198 -522 6137 -9084 -8107 8332 -3194 5106 2433 7764 5878 4018 -1607 -828 6152 9439 -4892 -9715 -8807 3390 -6737 3658 5049 3990 -335 -5614 162 9829 1893 -1737 -8844 8844 -7558 5843 2917 -2004 -2923 3557 -2662 5115 5234 1363 4368 3761 1864 1859 -6269 -9176 3208 4616 -3757 -5644 3393 -9368 3654 2228 -8146 -1119 -9956 7196 5413 7114 -4987 -5342 2091 294 -1597 -6983 -2739 6747 9919 -9794 -6826
-1720 4093 -4869 4712 -8582 7606 1698 -6104 2705 193 2583 -6462 -2764 8563 -3811 4461 2515 -7130 -1424 -5555 -4222 5765 -7273 91 -9939 2285 -355 -6703 6206 -4823 9641 304 1567 -4196 -9212 -1441 8877 -653 -2806 -1306 -9280 -7518 2186 7934 7753 -7239 -9434 -2046 3168 5914 -3903 2055 2591 6726 696 6505 1593 2536 363 -562 2226 -1493 -3124 2322 -241 -8697 -6215 -5139 -932 4973 -8795 -9290 3725 8810 3512 7298 1275 -7832 7324 2796 7341 3783 3417 1482 5999 6751 -1452 -9132 7564 -5755 1415 1471 -4753 5460 4969 -2326 -2599 -1361 -2314 -8129 3614 2434 4919 7298 4832 -2422 -712 6102 -1810 2029 -8951 -3112 -49 -114 -9122 8482 1632 -6372 8549 9423 -9749 -9369 -151 8433 -8992 3669 -9363 -9864 9067 4568 -8947 7310 -7334 -308 -5185 5990 -4629 -5159 3773 7626 5414 -1242 2169 -5849 9347 -492 -2728 -9038 -6597 -2379 -3830 -3687 -1727 -9274 -3598 2121 9752 -3516 982 3071 1657 -9754 9203 178 -4112 -7489 -4588 6080 1806 -5568 887 -2915 -5145 5958 -47 -9747 -1706 2853 -2534 -3880 -4790 -2086 9120 -7247 -4566 4540 -9241 7017 -4442 8271 -9479 -5805 1238 9355 -4314 -2698 -8396 -4700 4670 1898
3351 9011 8441 4900 -7100 8792 5483 -4651 -8826 -3506 -7806 7978 -1807 -4085 -1339 -7759 -2776 -5685 -379 5127 6761 6255 -9626 1787 7501 -5098 1335 -7305 446 9605 1207 6191 5037 -6120 -4260 -9371 8 -7443 -935 8246 8607 7608 3531 8647 2142 -5154 1823 -6827 -5267 9579 -3683 9621 8096 7329 7999 6916 -4203 6523 -2094 -7226 5592 -5721 -2059 5409 -2780 -8162 9340 3985 9081 -5298 6795 5616 9813 4231 -5579 9776 -1677 1960 -9400 -7300 6273 -5491 8744 9402 -7023 -7290 5543 9337 -7373 80 -3257 7139 9268 3375 5216 2936 154 9876 -472 2540 -1326 5116 3174 -5891 -5897 9006 -8459 -2587 -9970 2928 1192 9120 4545 -7680 -7887 -6922 8533 2288 690 3196 5255 -2295 5657 9268 750 -4345 7739 7873 9657 5004 -849 1506 3709 8870 7707 -7697 5065 -5651 4499 4743 -9663 6814 6526 -3921 4715 -2212 -1600 5554 5781 -673 -7944 -3583 -4240 -4814 3119 -5812 9267 6736 4807 -3902 -5536 4058 -9721 -3743 9240 264 25 -9398 -5704 -3001 3657 -2023 -6373 -7845 -1158 -5614 -1686 -2477 5140 4086 -1058 3675 -3405 2797 7502 -897 -6680 8446 7528 -6551 2841 2866 6188 3288 -1789 7548 9789 6882 -9533 1836
9643 -6539 7114 4625 8297 -9200 -3124 4066 1002 6952 -5796 -7976 6856 -7304 5210 1156 -7250 7559 -3316 2919 8241 6380 5495 -6764 -9183 -5462 -7009 -2998 -5265 8373 -2355 2314 3820 9434 -5448 1610 -2271 29 2747 2494 1340 -5392 4305 -4992 9930 7103 2723 -6415 -8661 4080 3313 7515 -8491 -4902 -1922 -9436 -2559 -5457 -6167 2265 3341 9907 -5073 -3355 4247 2127 7459 1336 -4369 1553 -9980 -9214 5113 514 3430 -8730 -5979 2915 -7535 -8630 -2760 -2336 3236 -5620 -2781 -9409 6931 -4985 544 -178 -3063 -706 -9269 5169 -6545 7607 9604 84 -6450 -9875 -7561 -8941 -7238 859 3267 -8323 -8768 4523 9753 -585 4216 471 -178 58 4391 -5883 -5904 7449 -1149 9546 2140 1282 3529 -5623 1330 -5850 -1616 7349 4329 -518 1910 -8131 -1261 -6952 5162 -1035 3567 -288 6270 2376 -9303 8585 69 5660 -9108 -54 3012 -3158 -5217 7771 2551 2359 -3678 -6308 3852 -6496 8066 5974 -2005 5132 8001 5695 9481 -6022 6698 -6945 5234 7608 -3393 -9090 -8262 4691 -4941 8689 -2179 1293 -719 150 8463 -5068 -6419 1335 -152 5381 -5732 -8758 -6256 -6706 4662 2782 -3299 -2676 -4545 8227 2101 -3356 8108 -4017 -1448 1838
-2612 -3639 -2555 -1075 7660 9152 5883 3613 8722 -169 160 815 -368 -1852 3750 -6401 5742 6126 8548 -9115 2775 -3881 3639 -427 8870 -8917 -1705 -1087 -4015 -3211 1131 -9043 1505 3235 -6923 -9064 1052 -9457 2205 -6914 3356 -4906 -9999 6328 -1252 -1160 9363 -173 -4517 4479 -6835 3418 -7111 -8704 684 -6466 870 3694 -2503 2874 5738 1946 956 -9450 -3630 4428 -912 7930 6495 -4816 -8800 7981 3049 -7807 7094 -6920 -4358 -5111 -4389 -3958 1893 -301 4412 -5456 9274 -4111 8618 -9893 -5499 -594 5838 3443 6783 -4297 -2651 4591 9681 -5376 -1334 8760 -7593 -321 2570 -4452 -6311 5467 621 -8521 -6091 -170 -160 -1741 7145 111 4522 -4618 -7882 4751 906 975 -9910 4825 9893 -1379 -2715 -9420 5141 2047 -912 6652 8604 6627 69 -7742 1090 -1132 -4609 -3249 8041 -2681 -2558 -2272 4872 8813 9083 -3780 9304 3227 -2586 8887 -4376 -4256 3053 1487 -5974 2248 1564 -8221 -2901 4658 -8881 283 3890 -4791 6850 6275 -1761 -1704 -3289 -7762 -2200 3053 8863 8275 -2448 -5216 1007 5308 -665 8614 -5376 6720 -3120 2375 674 -8491 -439 -4003 3159 -1995 9096 -6069 -610 7591 6001 -9146 -4368 -28 3201 2153
-3834 512 3668 -4127 -5885 7752 -5531 -533 9486 -774 288 -7964 2035 -189 828 -8753 -4411 7753 3872 7855 2278 -1780 9784 230 6813 1593 -9712 1827 -755 -5032 -9184 -9585 -4240 9496 -1984 -5483 7644 2655 -9677 -7747 -5362 9234 -9735 -3662 5085 6558 7253 1952 -9195 -1401 -7466 4909 -4745 7004 8314 813 -7428 -6670 -7382 967 -9998 6473 8635 6001 7032 -7504 -455 -5257 -3961 4015 3318 -3180 -4426 7361 -7741 2076 9967 4375 -4544 8215 2597 -3014 -6129 4463 -1075 -5859 -5549 952 4547 433 889 -6626 -6371 7149 9444 -6531 -2837 1010 5345 -2727 -5150 -4372 -1589 -7408 -7413 -5392 -2038 -3372 -7849 5378 2026 813 232 -1964 -983 -4853 5721 5744 -4171 -8926 -7994 -1594 5519 9850 -2336 -8987 8951 -339 -9610 -3536 -9386 -8374 9195 3727 -7479 210 -2529 2442 8200 -2933 4844 -8101 5426 6219 -4109 -8956 3294 -2223 9438 2006 -6050 7053 -5028 7301 -1175 -9124 -6521 -7504 -9343 8656 2411 392 4360 6606 -3876 -8832 1244 5946 -3298 5914 -9719 -4549 9057 9197 -4922 7302 -6152 1259 -7450 2721 -3758 -1609 5197 3719 745 777 -241 -5200 2002 9985 -5786 -7131 -7491 -4276 4185 -6750 -7621 461 5993 -2191
5526 3150 2880 7709 9027 2955 4940 -2738 -6561 -9114 -5789 -5089 -8324 -1004 -5394 -7346 9085 7869 -3006 733 -7103 -6143 8974 -9205 -4227 9714 -7146 4792 -7040 9468 -820 380 -1125 -3137 7353 770 8812 -155 2034 -1430 2573 7604 -1310 1773 2459 -9626 8622 -2176 233 -5721 1292 -4847 -2113 3558 6092 6672 6595 8951 -3361 7911 -157 -7365 -288 -8865 -5535 5570 -9390 3086 3065 1374 5258 -938 -2261 129 -4330 6457 6437 3922 1174 9142 3675 -456 7954 3631 4910 4671 -9096 874 9975 3219 -4519 4935 -8125 -8494 -7442 2612 9684 -3019 6306 -3215 5607 -5553 -3130 2743 -7097 -3016 -1292 6037 -1594 384 1489 9896 -6887 8040 9746 -9041 -1888 6255 -7678 5027 7121 9644 4965 7176 6570 -9230 -4090 -9115 -4788 -6139 1707 1863 -5714 -3227 -9598 8814 -6636 5258 -5276 -6897 -9931 4391 -6972 1687 1289 796 6106 -4164 -6248 1359 -9388 -127 -228 284 -4989 -9626 -4260 -9651 -3785 -5507 1049 -6320 617 -2495 6041 -9399 8826 -4297 -9461 -806 2860 -4329 8349 -5093 5427 4579 2444 4878 -285 741 -2481 4106 5768 -5181 -4665 1499 2048 8240 7360 -6411 6956 -1701 -1323 5080 7922 -2752 -9547 3916 604 -4398
-716 3359 -4338 -9799 9007 -4919 2842 -4473 3685 -1266 9938 2129 3514 3532 -6605 9086 2667 9664 -4339 5666 -2999 9380 2892 2248 -4989 -9230 -3351 4939 -6370 -9154 2284 -7372 1107 -5613 544 -3402 2258 -4976 -1355 7009 -9664 6676 8948 -6086 2965 2691 -8942 -8172 992 -2020 1305 -7396 182 2547 6147 -9932 5020 -7323 1670 2740 5923 2768 6505 7101 -252 -1858 7332 6437 8473 9911 9740 -1735 8692 -8370 -3025 9175 -638 -5972 -3811 3797 4586 -8769 7583 7909 -966 -6061 6599 -2551 7176 5931 2645 6481 8883 -1346 9806 8889 5557 1903 -4093 8897 -8070 9910 2376 -6394 -1275 -3414 -1280 2801 -5295 985 -1304 -4832 1956 -717 -926 -7301 7012 -925 -2294 -6967 -827 9026 7672 -3620 -2045 -1897 1830 5292 8799 -9340 -6366 851 -6229 956 4784 2079 -8946 2561 222 -1768 -7835 8754 -6034 -6469 8333 -8955 5682 3655 -7743 594 4913 -2237 7004 -1355 -6826 9976 -4874 3297 -187 3317 9844 2360 7185 -7762 9687 -990 5552 5624 -4137 8239 6550 -6782 -2679 6271 -4848 -2805 9155 5318 1863 -5100 2263 5258 -228 7545 -4048 -7755 -1862 5765 6352 -6481 9985 -6641 -5035 -3256 -6726 -6041 -2026 8610 3595 -956
-2243 -7458 5869 -2753 3655 -6066 5858 -3539 -5731 1458 -4740 8270 -4330 -3746 -5475 -6432 -3690 9548 -2360 -1636 -803 6617 -6402 3578 -1005 -8539 5251 -8871 -5455 2690 -6472 -884 -1140 -4892 -2530 8930 5017 9258 -6247 4251 -7261 8983 5665 2737 -7236 1458 2700 5807 711 4662 -3101 -4901 -5975 7007 -8984 -7670 -3485 -7334 5459 -8892 7907 969 -2179 6837 5093 -7069 3156 -5906 200 1186 3738 -9622 -7362 -3165 7703 2616 -6782 9386 2573 4780 1902 7035 -1993 -2300 8311 -131 -1642 -6710 -4606 1363 4435 437 5969 -2648 607 2123 -6398 -3675 -8012 3015 1356 9128 2997 998 6181 6433 -8030 7955 -5168 -2817 9475 -350 9435 -6657 6941 1570 8711 9214 -3643 3845 8050 -2354 -8613 -3201 6878 4563 2445 9234 -7044 -5646 -9140 2633 5629 7311 3938 -9426 3828 -1503 4986 -9299 640 6572 -426 -7719 -9123 -3866 -9383 941 9140 -6551 6970 -3636 5324 -7920 -610 -7764 7624 5239 6970 2938 -3742 493 -326 -9173 -9293 6103 -2499 8037 2594 -531 -4196 7119 -4972 4067 5266 1331 -9060 -6147 7821 3897 9087 4510 -3737 -1044 -2876 8457 3647 7749 3982 -7503 543 -8107 -7589 -6140 8255 -4647 -6908 -1150 -6056 4246
-3919 -6475 -3965 8626 -3557 5150 -1867 -394 1288 3565 3533 9987 8157 9046 -386 -2023 -9401 -827 1682 -7349 -9113 5858 -323 -740 1612 3406 1709 9852 3556 3110 3413 -6790 5271 5715 5948 7085 -176 -2874 8780 2176 -2350 -2158 -7309 -4017 7712 -664 -2032 1064 7855 4752 -2627 7591 -2041 -33 4011 279 5064 9696 -9166 -2776 3579 -4010 -4523 9328 -9272 6840 3448 -6814 -8871 -6198 4547 -5126 4390 -224 4367 3701 6621 2599 2932 -3010 -2928 8929 6679 1280 -5901 4741 -515 4793 -7129 -7163 94 -5755 2485 4530 -6122 7271 9364 6104 -5378 -1847 3282 -2204 -4597 -8897 -9929 3853 -9537 -8782 3770 -2864 4462 -6385 -5611 -7273 -3069 -2934 -5573 -6633 -2116 -3879 9293 -461 9399 5752 -6 3798 8356 5001 -3511 -9170 -8320 -5648 -9201 -4232 3611 -8234 -9564 8011 -9327 3558 8672 -7876 -251 5280 7774 -5225 -8628 9759 -9277 3571 5356 2748 1294 -8917 2113 -1613 -9767 -1038 4868 -2378 -891 -5777 -612 -8992 -4037 -9543 -6356 8210 -2052 7541 -5046 -2176 1986 -3490 -2858 -3070 -8666 -2583 -4204 -5064 3469 -6057 3176 6789 5549 6769 -665 -5448 -6756 -4571 -1339 -9828 -8696 1853 -270 6840 -3592 2194 476 9579
7367 8646 6494 -4163 -6100 -9826 4657 -5501 -685 7830 -7462 6418 -2867 5318 6488 439 -7865 7219 789 6270 -5280 6075 1600 6533 -1510 7916 -7310 -1881 -4819 7956 -8367 4509 5540 1256 3370 4537 5066 -1541 3107 -4937 1279 -1149 5966 9119 -5858 86 8653 8561 -8782 6170 -5155 8380 1464 2073 -1237 1404 9529 7733 4204 1815 -176 3375 1451 -1953 -9130 1560 -5528 6475 5844 -7486 -8737 5022 -4149 -8833 8904 -8775 1705 2478 -921 5009 -9542 9410 -1398 8697 -2788 -6498 4365 -3790 -2253 -6138 4451 -1218 9855 -2187 -6195 -9459 4382 436 -685 814 -1361 5534 2294 7251 -9905 551 3204 5702 -3803 -5983 -8955 -6599 -1050 2129 7960 -4880 -8887 3198 -2612 1918 -376 -7491 -26 -1105 -2693 -1585 9369 2809 1835 -238 7172 4831 5128 -9481 -9243 -2327 4466 5826 -6175 -6372 -204 4288 -645 5220 3451 -3139 -5289 -9921 8969 -8785 7069 -6205 3034 -1088 -5360 121 3244 -3405 -8228 -7182 -5717 6492 7046 3573 -3757 9630 9634 5452 -4122 -30 -7966 6938 -8794 -8010 2787 -2733 3964 6758 -4906 1043 -2679 -2540 556 -1385 -856 -1378 878 -3269 6892 5197 -6965 -7607 8734 -5421 -4336 6180 1656 -8993 -4045 6932
7863 -7292 8184 615 2802 1162 4925 -859 6614 7308 -880 -5493 2841 -5319 -3028 -5451 7349 3456 -6612 -6083 -1415 -801 1034 -6499 721 -7716 -1098 7450 9961 -5129 3340 6813 2269 -211 3596 -9105 -8765 -822 -7240 -4507 -7236 -5287 -9201 7705 5292 -5625 6534 8567 -5611 3939 -5415 5641 -1660 -2077 -6716 -6741 -9059 -5897 771 2719 -6018 -2383 2794 -907 247 8980 8697 2465 -2884 2013 -3063 -2327 3484 2737 -5453 1668 -6395 9036 -2542 261 2406 8643 -3590 -3468 3101 -7668 8441 6412 -9818 1066 -5499 5558 571 8978 8027 1421 -704 3250 -4769 -5796 -1004 5539 7155 7241 -2309 -5581 8904 4052 -8718 8985 9204 -7826 5855 -2615 -7820 -5703 6162 8525 -7637 -9525 -7365 1369 5522 5849 3915 2174 -2913 2822 329 -4708 8186 1655 7741 3969 6470 6486 4863 6159 -9953 5903 -2097 8060 -8736 1369 -5204 -1156 340 5965 1254 3580 -9372 -1550 -4244 -7909 -1595 3774 -5318 8040 4257 2502 1988 6942 7987 2290 -1725 -8561 7878 6918 4001 -5861 2317 3720 781 -7287 -8013 6403 6020 -8065 -9247 -8793 7592 1017 9544 -3904 -6484 3632 310 7984 5177 -7573 2532 4216 -5563 5880 -1126 -8250 6179 5933 -5121 -2274
-1582 -9858 -9604 -4670 -4087 -6162 9315 3267 7936 4656 2830 7748 -1201 -7512 7448 -6763 3368 -5208 -5940 4834 -3267 -3476 6139 961 4480 -1760 1941 9497 -1329 -5646 3922 7695 6572 4230 249 4350 -8650 5613 8519 3791 4647 -4404 6971 2662 6399 -1383 5031 -5644 4423 -9772 -7954 4663 -5043 -7984 1802 6900 7328 -4768 9130 -2296 4439 3804 -5849 -957 -8172 -8499 2751 -7590 3429 -5648 -6125 -1568 9511 -769 -2951 -5556 1866 2305 7243 2747 1971 8690 -6296 3158 3839 -4291 7685 684 2266 1655 -7746 -2130 -1468 -5501 -1117 2722 -7585 415 137 3702 -96 -9772 -6109 -4934 -3100 6728 -1729 359 25 4830 -8453 -4727 3143 -6213 1259 -1807 6848 7843 -8274 -3928 -9768 5576 7247 130 -4364 2958 -7712 -9150 8482 -9855 3068 2287 -1546 3708 2041 4925 -5268 -2841 -6734 7460 9396 -4783 -5798 1194 -1068 1138 -2055 5361 3604 -7405 8532 -8438 458 -2975 -3289 2242 429 3800 -7417 -1736 6765 7918 -9996 2931 -9599 -7025 -1308 7065 -4747 6112 1389 -335 -4765 -6901 3737 5483 1999 -2905 8449 9128 4022 -228 -2585 6617 -338 6104 7398 -7314 567 -9108 -630 6967 -6191 2800 5966 -3055 3973 -4961 3044 6887
2877 5172 -8917 36 -4003 -4755 -4996 -449 -5789 -4376 8640 -5847 6153 -7686 -2805 1629 -2898 1417 4889 -4425 8148 -3351 3083 637 -8872 -7685 -7483 5618 8155 8748 -8594 9960 18 -6633 7275 -8138 9343 5466 7891 5071 7257 -7861 2211 4288 -2218 9806 -7348 6042 -1587 -7515 -6457 2182 -3037 2433 779 2827 2962 3250 -4511 -2601 -5732 -9040 3233 -6941 5745 7036 5658 -1118 -8015 1019 9530 -9586 1692 3058 -3783 9848 -1223 -471 3225 -6949 7646 -8235 8274 -3231 -845 7923 8911 6337 -3245 8413 -1086 -8708 6012 9566 8923 3149 -5121 -8262 7649 -5653 8152 -8079 -7099 9748 1936 -448 9540 5823 -9158 2740 7976 2554 -7189 -791 1307 -700 8594 2100 9054 5671 -2051 1560 -3892 9952 4069 333 697 7481 6537 1289 -2350 -3863 3226 2636 -1766 830 -8925 6289 -6728 -3333 5129 -246 3820 5248 -8376 1301 -4621 -5755 8182 1017 4539 -4569 -384 -4272 -1436 8077 2355 7081 46 990 -5936 2806 1555 -2972 -2943 -9616 6649 5994 -1194 3363 3129 -9599 5818 9021 -7694 -653 7832 4649 3205 -7486 -8809 8979 -5023 -6348 7664 5743 -3426 -3255 7216 2632 7421 1498 8015 -6705 -3941 -3232 -8047 6082 -8775 -8707
145 -1609 6542 6312 -8339 -666 -7762 -178 -2603 -9687 1657 6966 -6221 -1150 3006 -4267 -1852 -3038 7141 -7210 -1079 -5055 107 -2840 5802 3498 -383 8165 7586 4261 -8217 -530 -8267 -2861 2413 -554 130 -9072 -7204 4768 -7843 1718 3801 5959 -6337 -5615 2219 -5567 -5434 7767 915 -9033 -7370 9224 -6973 8407 9471 3499 9572 7265 3404 317 281 381 -1322 8357 5363 3653 -6151 4701 1566 -4023 -7958 8990 5531 7620 -8924 -2176 2914 -1712 -3998 8413 -3324 3690 5847 4583 -4698 -8658 9625 1054 211 6691 -1898 -3954 -3257 733 -4061 5145 -518 -3208 2736 -2344 7 1439 7563 -1763 3204 5762 -9177 6305 693 9781 -1582 -7423 -927 1597 -8848 -801 -1120 9195 -2722 -8955 -1228 -6358 -7770 5277 4869 4200 -9323 7343 7251 5240 9097 3806 -3865 -6835 -9917 2585 -424 6348 -4858 1612 -2874 7194 -7429 8417 -6934 2421 2541 3536 1296 20 -9111 -3312 -7574 -75 -5351 -5786 -4495 -6973 -995 9492 -4568 -4549 -847 4851 8106 7157 -1457 1515 -1109 -4872 -7722 80 -5258 -8187 6371 -722 9831 -9447 9491 -7818 6240 -1519 -5774 -3389 900 -8228 6768 1009 -7986 -902 -2235 9150 4795 -1858 8786 6150 2465 -1384
-3487 -2877 1540 2018 -9181 7893 961 -4605 4429 -4006 -2785 -9383 3066 -6597 5458 -5792 3816 5089 6835 -4959 -306 -1724 5197 -8949 -8612 1659 -2696 -3522 -2652 -7816 -3374 -1508 -8869 2384 -2123 7060 8752 1431 5474 -2869 5365 -7887 2804 3166 -4856 -3492 4508 -5133 7603 -6661 -4413 3024 -5180 -8237 -1754 7835 -7627 5564 2436 775 -2465 6557 -4863 -8258 3484 -9817 6329 1484 2400 3830 -1248 9017 2274 7437 8115 -533 -236 7877 2334 -5825 4090 3243 -590 -6756 -7955 -2167 8286 -5707 -1630 -2478 6658 5393 5197 -9278 7540 1863 -7668 5669 -2161 5857 -1872 366 -6460 -3032 1637 -8460 -9538 -7863 1876 736 -3015 9749 -256 4446 -1384 9757 4130 -6949 -2247 -7096 -359 938 5681 -5009 -3274 -9426 2988 9751 7680 -4415 5342 3774 -246 9687 9169 3548 9730 6075 9849 -1918 2604 -3077 -8709 -8319 -3463 -7270 7762 8082 6342 510 -6552 1746 -7410 -7333 5077 -3785 2794 4122 -3569 2058 -8534 -4296 5904 4711 8036 -6642 3471 4126 1955 1641 -6798 -5480 204 -9983 7806 -7659 677 -2885 401 -967 -218 -5520 -5858 3387 5688 2243 -4907 -5814 5277 9025 5887 -1293 7854 2368 9672 -1827 -6467 -5778 1905 6833
-7511 1222 9459 8080 6079 -3792 -3649 3306 -8860 -7240 3219 -8124 3542 -3661 -9793 -422 -7259 -430 -513 -2423 -9630 -2597 4110 4676 6091 -9955 -8380 -7397 -8870 -688 3788 -9397 8542 -8090 -224 -1706 -9741 -1318 5215 -3266 6081 -4170 -6338 -6961 6849 3824 -3788 967 -5968 4034 8977 9057 1563 9891 -4174 -317 -4129 5315 -6044 9492 -3739 2410 -6752 -334 471 7642 -8217 4994 9851 5711 5849 -8317 5198 -7822 5811 -9095 -503 1605 -6734 -8104 -4706 2712 9552 -3631 -9277 2998 1823 -5109 -1914 5044 7378 -9461 5464 7491 -8895 -8623 5715 -6503 4907 -8593 8904 2154 4362 -7374 148 -1091 -7978 -8498 2479 3573 -6801 -3396 -121 3754 -1182 -8820 -9592 9920 -591 6246 2297 -9573 -3237 -468 5120 -6420 -8485 5003 3221 -7765 908 858 -7361 -396 3108 1727 -3618 6413 -2907 -792 9534 5296 -4031 8612 4032 1617 2479 5627 -4466 -7182 -6996 -5298 5080 9426 5127 -3450 -8294 5518 -7468 -5866 -9552 5591 624 -1934 -3340 -8132 -7576 -948 3521 -5291 -6745 5143 -5028 -8469 3829 -9302 3054 -3599 907 1346 -6017 9097 -8875 -1613 4876 -4283 3239 -9812 -846 -6854 -8545 -9366 -9773 -198 1805 -760 2327 5600 6086 -7648
1134 -1579 8080 1408 9831 7509 -2138 -805 2126 6506 -7269 9070 -2126 6593 -9737 517 -2274 6071 1376 -8700 -7569 -9993 -7101 9212 9466 3071 8167 -4297 -2229 2319 -5633 -9304 6953 6005 3409 4059 9499 -2839 -3100 6599 -796 6853 700 -7634 -2459 9491 9796 -4982 -776 122 -2998 -8231 5160 7605 1850 -2618 -3207 -5473 9625 7622 -7178 4680 -9873 3872 -7186 -8176 6976 2812 252 -8798 -635 -9043 -839 6329 3028 -997 4388 -379 7555 -8474 -2262 -7154 -1935 -9569 -8082 -4319 -9824 -833 5943 -7963 4540 2115 -3232 -5916 -203 -5055 1563 1385 -5435 -3721 -6526 -7864 -3957 4433 8810 -6952 -6667 -2110 6324 -8325 5072 -9560 -9451 -848 7080 1097 -1428 -1780 2967 9874 4074 -2425 9910 -3706 5069 -3276 -5339 6242 -2863 -6225 598 -3212 -6022 587 -9832 -4680 -43 -4254 -1090 1724 3023 9380 -3876 8556 8245 -7344 -3170 7791 -805 150 7787 -8741 8785 7174 -1697 57 3898 5867 -3877 -3113 -8671 -7915 -7174 3001 -4833 -4675 6753 4360 -8783 -9502 4167 -8736 -6296 -9173 8642 2901 145 -9891 4325 -4005 -3439 2806 9880 8938 6109 7014 -8509 -1975 -219 -7064 -7891 -1351 -575 -1399 -2240 7109 8005 748 7180 -8940
6029 9108 -274 -2987 -2506 -4788 7593 5233 -2727 -1548 9375 -1822 787 -7855 -6647 9449 8541 -265 2110 -5373 -2697 -2662 -8859 5131 2775 -3557 3347 3637 7765 -4235 -5711 1564 596 -957 1842 9063 -268 -9398 -9678 -7166 6313 4061 2334 -1850 -458 9572 4034 -8066 9190 -5833 -7735 -6968 -9163 6340 -2346 -7520 1347 -2793 1642 -9016 2893 5868 7247 -7715 -163 1506 -6083 3840 5458 -8631 -929 -4033 4126 9641 -5110 7988 2775 -7244 9680 -8737 -7683 6208 2735 -8749 -4726 -9074 8685 -2267 9035 -6444 -4562 -9344 4540 505 -6697 8069 -8259 -8658 -6666 -3437 -6637 579 7962 -6655 -6294 2841 1716 -1558 -3059 6716 -2824 -6822 5871 905 9210 -5379 8103 -8913 -5425 -7294 7427 2025 729 -7812 -5039 7648 -7441 7366 -6104 7599 1950 -7828 9028 5466 8105 -1308 -2953 9583 -5348 -3150 -9596 9611 845 -3158 -2931 2355 4750 -2514 -3584 -7192 3881 5220 324 -996 5896 7637 9802 1452 -1650 7613 158 -3835 4188 -1444 9947 5085 9459 8566 6803 3084 -8601 4060 -6868 -2418 9358 1700 7741 1571 -7376 2360 6778 -1096 3960 142 -3442 1331 7407 3141 427 6900 -7618 -4598 -1195 6100 -9327 -2308 -9428 -9319 -7882 -6130
-1317 4036 6590 1335 -2259 -7451 -5381 -9450 -5110 2960 -7572 5290 378 3597 -3099 161 -2544 7649 -3272 -9062 1537 1854 -1555 -8686 -2018 8577 -8459 5867 6446 4593 6352 -3456 -6928 -6588 -5772 4971 4078 -6497 -8065 -9783 3825 -3368 3707 -9324 7225 -6071 4152 -6601 -713 2501 408 -6707 -1166 7542 5403 -6691 -7426 6260 2185 -9265 -6847 4953 -4772 -5730 1982 -61 -5421 -5163 -8857 -4057 5757 9538 4436 -9137 -1131 9065 6733 -5501 2303 8703 -618 6840 5563 -5165 2584 -9775 7507 -9686 199 5870 8586 758 2878 -7453 367 -915 7205 -1365 -1531 9687 216 -8768 2450 1669 754 1296 17 4141 4583 2355 -4750 -2397 -5700 4199 -8383 -9318 892 1313 7440 4846 -3753 -8245 1918 -4350 459 -5169 5257 4920 4276 -8756 -7473 -7548 9943 2883 -3190 3226 2784 -4148 -271 -1308 -27 -7206 -814 -9776 4834 -3256 5667 -2811 1129 8962 -9359 -4178 -4597 7969 -4312 1941 894 3513 940 2915 4984 4094 1825 2306 1750 6319 842 -6034 5417 3099 -8102 3444 7732 2673 -6337 2888 3002 -758 6938 -8378 8908 -8513 4784 -8114 1467 -9808 -7383 8262 2954 2017 5509 351 -8456 6428 -6948 -1074 1664 5112 6407 6111
4544 183 2330 7265 9382 -1874 -5645 354 9920 3689 7659 -5035 5609 9192 -9011 -9621 -691 8255 -8209 2721 7012 -1648 -1613 9133 -8246 1647 -6198 2223 -6347 4336 9383 -5866 -9047 8787 200 -6407 -3554 -4803 1512 -8442 -7092 -5616 7342 -6526 6780 -7237 -3559 -9022 -6048 -7436 7500 4128 -4157 -4403 6818 -7842 8585 2097 -6944 2163 9037 9719 5360 -3421 -5654 -2709 -3386 391 -6443 -6270 -1188 -1689 5849 -289 8666 -1074 3124 3048 6736 5348 3682 5118 -2394 -3501 7322 -1517 -3222 1134 6408 2902 -4271 -289 -6884 1519 -3617 -1532 -8317 9011 -5812 8993 -6114 -2086 4657 9920 9725 -6474 1212 4315 -5543 2769 6573 -5132 6999 -6599 -6688 2682 -3251 5173 -7541 9396 -3328 4022 3626 4848 2301 7428 -6919 -5299 2774 -6647 -5709 9989 4257 488 2467 3012 2050 9538 791 259 -1466 -7364 4306 -664 -8568 -6736 1243 -4260 1423 -2655 6871 -4446 -3330 3515 -6125 2856 -3775 -2997 4723 -502 4050 395 6488 6562 -1529 5724 5388 -3852 7664 -6128 4172 -4977 2302 -3433 -644 9709 -1462 5975 -2581 -2502 4750 7155 839 -3092 6735 -1020 -4669 -1433 8573 5370 -9750 1166 -1491 -8961 4960 -9496 2732 -7203 6424 -1971
585 -3355 -6264 9792 -940 5900 -3413 4688 5491 -1965 9604 -1176 -7404 -9853 -3955 5432 8957 1641 5894 -3735 -1178 8917 -6964 -9577 -7544 -7965 1913 4495 -5101 9391 -2065 -2485 4081 -4112 7194 2382 -6530 7875 -6756 -1365 -7512 -4585 9678 7976 9688 -1768 -6579 8802 -2128 -8711 -6652 3377 -6597 1363 -4298 -2385 1726 9287 5036 1153 4277 6833 8367 9412 -574 6585 4119 9420 7165 2392 -5208 -8875 4007 2329 734 -4360 -304 -5486 -1143 -5106 188 3089 -8395 -100 -9306 -6243 -221 4475 -779 -1249 4502 3042 -6960 -5606 -9302 9086 -2275 -8480 8659 -4886 -1629 -9262 -499 6478 -9784 -2478 -9298 2556 6537 -2632 4580 5290 -9193 661 -7449 -1733 -9937 -5101 -3277 3796 -1291 -6887 -4803 9693 3506 -6238 -6244 1417 -3026 -5241 2016 -7042 8520 1301 3366 6460 6942 -261 -9967 6615 -6207 5428 4363 -7915 -383 -1715 7942 -4648 -9702 -7069 -275 -9331 9345 6654 -6441 9838 2721 -4085 -4732 -8455 -4981 9040 -1429 3170 -4603 -2916 -6828 -5376 6406 -3923 -7440 -9575 8987 7049 4840 -1231 7537 3439 -4074 7974 751 1087 2519 6679 2127 4468 3781 -4013 2868 -6250 -9549 -192 -5621 624 8209 -1961 -4387 4835 475 5577
-390 227 8889 -4115 -7470 7686 3588 3985 4992 3040 6623 -8772 7945 4273 -3339 -6935 5273 -4032 1477 -713 9306 9709 9566 5260 -5285 6641 -1468 3036 7859 -1601 -7429 4937 2961 2616 1794 6622 7140 -8417 -2461 -3121 -5556 -1765 -3564 6217 -6243 6631 5533 -1537 -5311 7755 -6250 -297 8471 -3122 1319 545 -8002 7218 9220 -8145 -7557 -637 -580 -4674 -9664 -8213 7807 -795 -8201 -3089 -443 -3936 -8388 -2847 -9696 7617 4124 7597 -5778 -6200 -5907 -7957 9363 -5267 -1963 -2973 -3026 -3083 -1413 -937 1091 6461 -2170 8101 -1017 5544 9986 2728 -8535 4549 -4748 3700 -1299 1229 -6110 5250 4269 -7737 -1721 7663 -5385 -4452 -8536 -4848 9591 6224 4372 8603 -8517 -3558 -3729 -7538 -1072 7364 -4739 4302 3652 -2186 -9973 2347 5392 6019 -2607 7702 8310 6584 616 5348 5387 -6239 4068 -2278 -9667 -5514 -8826 -2479 -7775 2483 6762 -6859 2230 -1260 -8399 -1494 -6424 -4141 4662 8496 -7962 9753 -9239 -2484 7528 2327 4694 3410 1244 6352 -6679 1302 3248 -5624 3517 4280 8471 -7654 7101 455 -3871 8395 7986 -3722 -6509 -3459 -1374 8924 565 -689 -4881 -9000 -4734 9500 -3895 1279 -2634 3996 8820 -6385 7550 -242
-5657 7803 -175 -5231 -3020 -1537 -9872 -7542 4876 -3786 -3511 7735 -7143 -952 -8585 7865 -5852 4415 7544 -3788 1797 -6448 7047 -9100 -5797 7526 1872 -18 -4695 -63 -1373 -5971 -620 65 6269 1366 2417 -967 2015 -5935 112 9232 -8154 7869 1947 9302 5439 -3333 -4708 -2018 9943 -8259 -3450 -2371 1579 -5264 -689 3711 -7330 -6008 -85 -2088 -9766 6178 6878 -8728 4290 758 -4910 5876 2352 6506 8258 -7363 -4296 -3210 9894 8553 -4710 9997 5005 4561 -2474 3963 -9436 -4979 6785 -9577 -918 1338 5646 -7904 -8212 -729 1110 -2508 6185 1659 -6049 581 -7722 -6480 8073 -7008 4671 7481 769 9216 -501 207 2478 -140 -3882 1950 -3463 -49 -2389 4661 -8481 -3006 9988 -5125 7433 5726 -4461 4492 6137 -7829 -4164 7392 5484 -8932 -8137 -3898 4178 8854 3340 9554 5021 6746 -671 -7929 -185 8708 -7519 -3410 8833 8986 -9379 5910 -1953 -4069 -9699 -4444 6514 -958 -8689 769 2608 -3940 823 6893 7165 9405 -8012 4119 8785 1961 8933 -1538 577 2358 1226 3524 -120 -798 -2856 -9629 -7150 947 -9196 1426 -7437 4067 1647 4387 -927 1699 -4156 -6039 -7237 -8239 -2319 438 -7356 -8180 7313 -2468 2777 -8217
-89 9359 -4013 -7101 -4057 5700 7231 -8433 -7159 -5151 7739 1367 5343 7402 7440 -2445 -8971 -6444 3499 771 4654 -2634 6117 -7399 9403 -993 -780 6919 6224 8762 -3714 -9894 107 -324 -4596 -7959 3711 -4392 -5617 3731 -819 -9303 3270 3472 8193 5322 -101 5010 8673 3097 -4124 -2453 -2769 -4145 2122 5464 1244 -6147 4188 -4433 164 5319 957 7461 -387 5758 5728 7771 -8567 1161 7999 8000 -6298 9342 1958 4684 42 1167 -7885 9547 2266 -108 694 -9674 -4594 -9649 5397 -9021 -2080 -9521 2937 8278 -9517 3462 -6960 8081 -354 8386 -2162 9198 4773 3146 6382 1781 -1338 -1953 -774 -3514 -1739 -3112 8016 -4580 -2988 -1068 -8488 -5121 -741 1167 7885 -2675 2233 -8775 6801 -9639 7864 -3818 4720 7932 -7600 7442 -9355 5664 8297 6088 -7 223 -9065 9462 3022 -5326 6562 7591 6082 7161 3355 2227 695 8190 6836 -9037 8650 1929 460 4299 -4501 -5110 -3523 5794 -299 7242 -8053 3505 -427 -4590 -756 8915 -3614 2954 6969 -6760 3885 -7869 -6767 -8340 3850 3414 -4107 3781 -605 -6573 4033 -1483 9534 -5264 -8266 -6755 -4164 719 9475 -2659 7507 2753 3119 -6055 6385 8372 -2046 6449 -8887 -4565
-9694 -2357 8961 7022 -9259 5430 -2488 -5648 -7819 8404 6460 8667 8078 9399 -6999 -9600 -9276 4993 62 -2506 9627 -7858 9229 -6169 3048 7910 -5381 8463 3430 -503 -1559 -8784 7501 5448 -8668 4753 7229 -8673 -2232 3351 -4091 -5460 7953 -8087 9791 3675 5650 -2880 9875 -589 626 -9458 4812 9780 4544 606 -5754 7800 1159 -1267 -8715 7306 4989 -398 5730 -6017 -3418 -1599 1719 -1468 5119 -8139 3832 6158 9490 8326 5891 803 5231 -175 8288 8329 -6219 -3500 7771 8379 -9912 1977 -1400 -9280 1566 -3725 -1458 5639 4512 -7798 -6433 -4605 3208 -4456 -124 -4185 -6849 -7541 1007 2010 -4878 -9978 -4055 1591 -2580 -1573 9765 -5971 9132 9074 -5846 -475 6318 7903 9499 2818 865 2807 8984 -6340 -1409 -3368 -651 -4828 -987 1190 553 -629 983 -616 8760 -9941 4612 3781 -7928 7021 7596 -7163 -3259 -3138 -2543 7055 -5532 6308 8858 5434 -6276 -4065 258 34 -1773 7830 -1153 458 5649 6155 -1777 -226 8420 -8181 2589 1310 -103 -2074 1386 5379 9130 -9829 4441 4959 -1621 -7897 528 -5459 -8015 -705 3027 1227 -5530 -7395 2687 5341 -7166 9144 -2593 -4811 7381 2143 -4504 4533 3229 -5563 -4373 2512
-9196 652 -1561 -2807 5503 -3949 -3004 -9420 3593 1212 -2028 7031 -9869 3203 7647 -4363 9509 7428 -1463 -2521 9039 -7260 -7371 5718 9589 7559 -8495 -3881 9643 -2343 2215 -8518 -6203 5345 -7148 9309 9782 -5950 8325 -1367 7960 -5617 9367 -7356 -2771 -96 2475 3288 -6259 -7454 3259 2554 8770 -742 9136 3441 -5566 4636 8122 -1964 -2835 7987 -3140 4325 -968 -389 9861 -450 -3313 8963 -7517 5835 -7629 -359 -9459 -7705 -4478 131 -2880 5450 1562 -4115 -2983 3653 318 9721 -2339 8392 1947 -8135 -1415 9225 -928 745 710 1906 5871 606 -1047 7296 -1212 -504 7463 2852 -6266 3751 8025 7178 -9452 9632 4643 8432 -7478 6315 8170 -9062 -1693 6053 -1980 -7197 -1083 2227 6761 1821 -2292 5368 6204 842 2640 5128 9785 354 3514 -3647 -8221 -5412 5851 -474 2441 -2321 -8629 -6578 4540 -6837 1866 829 -230 1760 -8868 -2371 -3917 -2246 8677 -7644 -9873 76 6258 -3241 3688 9234 -6794 -616 -3269 -4074 -5503 -7247 9537 -5160 7059 7280 2803 -2031 -6842 -57 -7269 3559 -4194 5271 -8645 4071 -4130 4512 -1585 1037 -2944 7751 2702 -4787 -6467 1207 -8867 9818 6423 4573 1253 -8908 6178 -649 1979 9892
-6475 -3128 8494 -9555 9542 1133 -9466 9521 -3271 9087 -2841 -9619 3244 5058 -1051 -7910 2784 5690 -5500 -4049 2167 -1703 7604 700 -7987 7341 -8238 4475 -8452 4752 7916 -106 -6527 -2678 -2681 -2277 -9706 -8361 -5231 -7497 3302 -9126 3389 1533 7988 -4345 2763 5083 2980 65 -4981 3143 -4234 -2314 3949 -7488 -1474 -9025 -2256 4198 3029 -3329 -1444 -5113 -2912 -1943 586 8365 6282 739 6434 8333 9233 -3815 -7997 7986 -8828 5265 -2405 -7886 5394 3789 38 -4346 6721 9582 -7654 -3191 -7357 -8016 -4020 -3402 3338 -760 -4853 -1711 -2909 -4901 -1298 7801 -4404 1389 -9094 2349 9302 1523 -8305 9976 -359 3602 -2443 -4860 3077 5550 -2787 4476 -8198 27 4530 612 -6884 116 8898 6340 -9475 1065 -2920 6444 886 2742 2369 -8669 4416 7655 -8472 -4020 -6381 -8755 -8689 -2039 5111 -4754 8106 2403 2344 9116 -8507 -4266 -2202 -7072 -5362 1990 -8629 -7591 5545 -9739 -7361 -4761 -9537 9142 7171 412 9987 -3553 9716 -5982 -5989 4900 -7160 -6388 3291 4767 -4740 -176 4599 2056 4110 -5848 -3462 -6099 -109 5549 8049 -7080 -1675 -7409 -242 7762 -2080 -2251 479 -6458 -2341 6202 -2630 -8419 7347 552 -6107 1401
7828 5352 5426 -3585 -2792 -5451 -4690 -6741 3149 -702 -946 1306 -6794 -8275 3190 1487 -9263 -9489 9834 6650 -9145 -2308 5411 -5816 -5667 -2296 28 -4367 -7512 -5529 8078 -9175 5844 -9084 7691 -1387 -4845 -7795 -9199 1613 -2844 -4824 -3126 4430 3473 -2903 -704 -8239 192 -5931 -8871 -3391 5696 5930 -9193 -3252 7048 -6015 880 3403 2308 -5456 5632 -2958 -4136 3610 2953 123 1580 3212 6331 -3055 3927 9875 -6747 -8735 3417 9636 -2196 -4365 -8004 9569 -1946 2607 -1752 -5400 -5022 7693 5151 7195 5957 -4258 -4424 -1164 -1441 -7730 5715 -8140 4972 -4468 -1558 -7460 8156 -2614 -5329 -62 6672 1325 -3613 -3699 -4259 4192 -5781 -2414 -8579 -8205 -2113 3699 -4953 2125 7074 9589 7436 -7229 6362 -4987 8151 -4392 -8180 2523 -3548 -3708 5247 9680 5092 2409 -3431 -6662 1722 -5252 907 -2723 -9472 4192 -9734 -4119 5254 6273 4071 2797 9704 5734 -4771 -6893 4350 -9961 -9819 1121 7944 9142 7762 -3722 -5704 -9235 -4645 -9810 -2761 -2234 6276 1910 -7773 -1511 1343 8393 -5557 -2302 -7590 -6900 -2884 2069 9375 -5437 -6193 -9430 -9834 4544 -6970 972 -4343 -5243 -1864 -6204 3 5894 8567 4259 -9571 3930 3764 6772
1049 -5482 -7064 4926 -369 -7419 6885 7336 -1996 -3382 6115 -404 -5645 262 1583 355 -2978 -8046 -4363 -4152 4883 1316 9996 -3959 -3798 -3692 -9433 2081 7836 -4840 6763 9171 -6018 3577 -9029 1625 7833 -3465 5898 -7502 -7110 3862 -8397 -884 3333 5188 -3903 2839 2293 5930 3058 2493 -907 9368 -5566 -9263 628 -2579 577 8144 -8453 514 -4600 7135 9670 -2069 -747 3402 9230 1159 3857 -3626 6154 -4268 753 -3992 -8064 -6122 -7640 -7673 -3638 -6672 1032 437 9328 6905 -459 -3834 4352 1868 7597 -7711 -1651 -907 -7092 -7194 -6544 -6480 -5030 3422 5210 6796 -5558 7927 9787 2272 -5911 -7825 1723 -7523 -4670 4052 8162 -6026 -3296 127 8119 -2084 -1166 5563 594 3034 4386 4050 2042 -9080 -7405 7000 -8931 5352 3784 -2140 -4381 -5095 5509 -6548 2252 220 -9894 -1471 -2024 -2615 6022 -1391 -4528 7161 -4724 8413 2177 1765 2748 2045 -6398 -224 6416 922 -4289 822 6302 5418 -1158 2648 2042 8505 -5798 1085 -1278 -3566 -908 -3532 -7756 -5847 6841 3236 658 8591 -962 8720 -7660 -5700 -2124 -4661 2379 6012 -1844 -6687 -2094 -2520 1295 2504 2239 8120 -999 -919 7543 1642 -9385 -1863 -9631 3708
-7016 -1242 6758 -8771 9283 -4205 -8183 -1108 -948 7355 9073 1846 -2394 1287 1054 -2915 -8466 -4779 -7507 3319 7821 -8170 1748 -3838 -1099 7069 -445 -4320 3552 2805 -9746 9281 2209 9304 -8718 8274 -9928 -514 5711 2489 4837 -4203 -4870 -2808 8740 -2337 200 5378 7654 -8117 8113 2109 8999 -7958 -2702 -1471 -617 4442 5109 -7016 -8033 -9441 454 -9085 4463 -7776 -1943 224 1798 7735 -229 -4267 9538 -6480 5341 -2548 8594 -6119 5131 2011 -190 -1229 9955 -4875 -1266 -5298 5747 -2156 -4773 -2396 -2039 -5089 3061 -5403 1993 -862 -9358 3268 5708 7283 8676 3831 1988 9422 2931 1450 1689 -2916 -9914 8093 7504 -2241 -6876 2548 -8053 2479 -1221 7067 2224 2512 8455 -8935 -5305 -6175 5624 -6877 -5800 1551 -2168 -5865 6287 -2259 9235 6407 3964 -4707 -3036 8515 5752 -5068 -9888 -6332 -9865 2860 -887 -9916 -1599 9089 8578 -4014 3939 -1533 9048 -7650 8526 5626 6477 -3411 4249 6268 6916 -6432 -8105 -1936 -6820 5337 2858 -7220 1888 1249 -1817 9863 -3663 2831 1735 85 -1606 -5058 6589 -118 -3620 -5086 7465 -3181 -4579 3751 -1721 -8189 2356 -7119 -4559 -9226 -6379 1160 -570 -9498 3749 6899 8544 -8866
-5562 -5336 1166 -5439 -5788 8345 7039 7703 7828 5978 -3875 1914 4067 -3875 -9544 -8981 -725 344 5781 -9875 -4507 9703 9591 6431 -2285 4365 5670 -3642 2422 6130 8767 -7457 8161 -5565 9467 233 4263 -8677 1891 1435 -2897 -5526 -9204 -1306 -6549 -1815 -764 -3872 6102 -7632 -123 -7866 -2514 3047 7276 7888 -4301 -4067 4750 -9344 3374 4398 8834 -4367 -4244 3910 2056 6748 -7928 9169 -6364 -2163 1309 3173 1840 9748 -7 7478 852 -8842 -5289 -8931 -3366 -1136 -7282 5672 6346 -4852 -9653 -2720 -4934 363 5052 6132 -519 78 -8445 9426 1399 -4889 -803 -6436 5703 -784 -3484 1646 9921 2042 6609 -4189 7294 -1481 -9546 4183 4123 3971 9846 -9834 -3034 9348 6291 2834 -285 -9638 -3249 -9314 4310 5329 -3137 8155 -8056 4918 -1742 8589 5972 -5602 2330 -2781 4434 3038 -1721 -5712 -9911 -4900 6146 -4194 -9307 -5908 -2897 -6271 -6717 1185 5480 -8675 -6334 7913 -9905 734 -3051 -2899 -5960 -1194 -370 9177 -8147 -4092 3909 -3178 5892 -2441 5818 5141 7783 -4740 8483 -3068 -9884 9536 -3927 -690 8092 3797 9504 7647 -3157 -8315 3050 7502 1807 6522 7134 4343 -3184 -4508 -6616 -8380 4848 6294 -9205 -5027
-345 -8080 5999 40 -7868 -1063 -2210 8598 6636 -6151 -5838 -2860 8767 273 1952 1161 -1294 -7249 -4107 3168 9489 1096 -8790 8716 7281 -9714 -188 3534 3009 4210 -3837 -3380 7574 1713 3256 -6395 -9201 5321 4432 1778 6412 8199 -4568 -5206 2477 -3415 -1869 -8017 -4824 5951 5112 245 -440 6330 -7416 -4636 8335 -9530 543 4893 -4562 -9690 -5607 7239 -5056 -740 -8158 8268 -9474 8025 -7038 -2204 -7000 3742 -7480 7341 690 -9263 -5583 -2029 -2006 8822 1204 4952 -5479 -7510 4030 1683 -3423 4480 5810 8336 -8206 -2709 -7500 -1744 9392 -212 -5886 -8413 9023 7900 6465 6875 2414 1411 6838 2738 -3860 8415 4412 6575 33 -9813 -5441 -6133 -3991 8623 -9674 -7028 -1051 -3137 -198 -7847 -9718 9415 -4553 -6459 9059 9796 6932 1847 -7364 -7549 -9416 2548 -8400 208 5510 4042 6247 561 322 4793 -1893 -3468 -7528 -9658 9569 1678 -4290 4317 -4949 9522 -4078 -548 -7463 -3278 7361 -431 1944 9180 -3482 -6403 -9059 1844 -9598 -1372 -2007 4035 9342 5744 6327 -6754 3400 -648 2448 3971 -7993 5231 -3162 9711 8994 6343 8659 -7066 8235 2377 6107 2476 -7552 6090 -7468 -3290 8054 1197 -9693 9458 -5764 -557
7061 6838 -693 -1120 -4315 5550 -3415 -4690 -5006 16 2286 2215 5506 -3917 -9308 4008 7638 -5324 9126 6771 9174 3025 -7548 7801 4049 -5265 509 -1861 -8709 3042 5573 -3921 -492 -3247 -9266 8587 -3625 8943 -8776 3861 9071 4603 -8187 4749 7544 6872 -7516 2387 -2855 -5825 -6355 9932 -9766 -6047 -3871 9925 -5790 4824 2084 2618 6111 -5964 -1896 -4757 2958 682 -940 4901 -7339 3377 -5369 -4347 -7609 6171 -3900 -206 -6792 -8732 2161 -8457 3603 479 -4912 355 6341 312 3377 -8202 -5324 2947 3182 -6886 -8096 -9058 -7723 -2913 -815 -6318 2345 5375 -7576 7235 -4035 5573 7426 5446 -9884 9536 7157 -5216 -1980 4446 -5463 -9286 -4094 6846 -1602 7942 7592 741 4442 7493 -5908 -5789 -8549 7186 -5607 7690 280 -9786 -3011 -9517 5926 -1568 -2383 7069 -2328 3715 5526 94 8576 7411 4992 776 -3746 5953 -1005 -8096 -2695 9957 4469 -1790 -2172 917 -6865 4856 -2287 744 -5884 -4073 4906 -4893 6511 8336 -2229 -9514 -6937 2835 -8546 1077 3293 -6124 -9256 -5842 -3317 -4763 -8380 2396 9995 3581 -8877 7688 3952 -5217 -8604 4926 9809 8922 -531 -5363 4634 -2454 -4335 -2509 1407 3696 1865 4615 -961 7910
4282 5539 -5128 8236 -7660 8239 -3038 -6915 -2359 -8412 -4652 9610 7334 -5833 6316 -6705 7439 1682 8754 -2951 -8787 -7585 -2749 -7759 9119 691 -811 2200 -1388 -6849 -6870 4568 -1673 9566 3619 9071 3429 -5832 -2445 1827 -6885 3596 -7669 3020 8079 -9400 2233 8341 775 4247 9916 8477 -8351 9340 7581 4875 -8752 -745 -4816 -8810 874 8386 -6942 1179 -9407 8336 -5051 9713 925 4545 -3683 -243 2535 -8794 -8619 -50 -8915 -3765 8012 -9538 -4781 8145 2314 4794 -6069 941 -5751 -2770 1465 -2006 -3338 -660 4443 2609 3283 -6480 -8352 5451 9150 8957 1689 -7966 -2464 -1935 -6574 -9246 -7390 9967 5280 5595 9000 -2875 -8915 -2046 4287 622 -4072 -7800 -5294 -6434 1619 8099 -4018 -9764 -9470 7044 2406 -9667 8054 3416 -8913 3201 -7721 2284 5101 5448 -8985 5715 6001 -8308 -5992 5320 2151 1349 -677 7607 -512 5361 -1291 2868 -3797 9748 -4884 -2560 -7012 -6264 530 3559 225 4138 9361 1317 -9505 5109 -2097 -4405 -8927 -6732 598 354 -8415 -8949 7124 -2773 8381 -1625 -6237 8554 4385 -6587 1404 1176 6010 -8372 9312 9594 -3349 4923 -3529 3205 -5158 2853 3559 -6732 -8458 -5514 -7700 8257 4598 -7807
3266 -2520 -9986 5236 7500 -6775 2281 7502 4138 380 -7082 8615 4046 -4476 -1166 -390 4434 -2066 5643 8700 97 5986 6714 1072 -5444 -7862 7580 5953 -5772 -8593 6296 196 4548 5955 2135 3179 -2744 2077 9437 -3462 -9830 3898 -4991 6126 -4400 3788 -1254 1013 4013 -3565 -961 -7224 -153 -4779 -9263 -6473 -5199 -5877 -8751 6217 6731 9356 6890 5354 -5555 -7865 9449 -4702 1749 1673 -2250 -8094 9887 2404 2545 8596 5928 -8566 -5289 -2973 6228 5616 5084 6218 6872 9484 -9752 -1050 -653 -8119 -5169 941 1194 -9882 -6621 4656 -102 4155 5471 -5891 -1489 9040 -5093 -8354 9954 6069 2336 -6268 -1935 -5553 85 -9375 -35 -2532 -7975 6862 -9868 -45 4073 9733 -3342 -2734 -9781 -576 -8360 -3158 -2559 2831 7778 6843 -9997 192 624 -9362 -7419 -9590 -8191 -5732 1500 7518 -9344 901 870 9813 -7022 -6019 9288 9058 4581 -990 6281 -9158 -5084 8243 -7041 6537 9205 1501 -7786 3466 -6193 2737 -9142 1082 -8264 -6964 4691 -749 5229 5360 -338 -2869 8497 4918 -6363 4650 -3247 9908 -3033 7108 9823 2371 -2280 -2189 2870 -9954 4494 1586 -6799 -8029 -1374 6020 6206 4180 6298 1278 5671 7005 -8763 2011
-3912 -4604 -9080 3566 7374 -9182 4649 -2917 537 622 -4796 -9365 -3916 -6369 -6233 -4513 -9195 -2474 1435 -4990 9825 913 -9205 -8431 -1607 7758 -5836 4632 1834 3283 -9818 -3351 -9601 -7107 4978 4747 -7014 -9553 9811 9536 -3030 9446 9701 -3354 7278 -7011 7030 -9712 2661 -8624 7385 5925 -1707 5934 8581 -7441 588 -8548 -8710 -8581 859 1778 9717 1215 3434 1243 -4507 -7714 8587 -8404 -1986 -1559 9976 -1245 9369 3949 3948 -2802 990 -1701 -2719 1937 7572 -9787 -3155 -7952 2735 -7236 4953 9067 -7787 8802 -28 -2751 -905 2766 1898 -5385 -2554 5518 -9279 -2563 -4760 4804 -689 655 -9008 -1428 -9930 -3008 -2265 4685 3482 3967 4520 -9064 -9156 6091 4661 4093 -4236 1639 -5258 -8384 4903 8811 3092 7597 371 234 6583 6322 3012 -3457 -9996 -2761 1196 9395 -6281 -7651 2644 -1670 2126 -2089 -8958 -9095 5070 -8090 -2212 5916 6171 3405 -4795 -7723 -669 2970 -8896 -2243 -6530 -3237 -7581 -3903 -1906 -8668 3525 6633 750 -6432 -7970 -5111 -7605 7694 -9814 -5228 1128 -7882 -425 1573 5400 9559 -9765 3550 -8610 -9632 -3657 8270 2731 -5067 -3637 -3807 -6453 -3862 1585 -8033 9324 7322 5523 -454 -9409 6789
5888 6191 -3175 -4274 -1508 2651 -1147 -9162 -7116 -5505 7983 7069 -6047 8298 5123 -9492 8312 8428 2151 7663 -771 3936 -6117 1118 9727 -3050 -8366 7840 6410 4950 6828 -7501 7253 -6311 -5574 -4502 3157 -114 9864 -522 4054 -2662 -6105 7213 1215 -4785 -8933 9583 3772 -1574 4819 -7262 3835 -9341 -5035 4116 3644 -6286 1126 -2806 9398 6931 -2811 -9061 6867 6853 -5097 -5941 -1575 5709 4055 7432 7216 4258 4085 5452 -158 1181 -5798 -5910 3943 3957 -8464 6105 5187 7074 -7587 7502 -9160 5694 -885 -6306 -2111 -7163 -1914 5878 7928 8932 -2506 -1695 5862 5822 7186 8947 -9355 6940 3743 740 6170 5242 -876 -7418 3720 -2049 -3833 5307 6966 -9403 6015 9916 -2577 6625 -6654 -128 -1335 -3004 -5764 -1810 5521 -8877 1685 4619 9950 -2570 9399 -1986 -8040 2301 7376 6954 6991 -4363 -9089 6577 -2337 5625 -7915 3281 7104 -5407 -5536 5207 4562 2467 3601 2921 784 4584 -2472 -3804 9661 3824 -2040 4940 -6418 -4594 6542 -327 -5568 2192 8191 3789 681 -5438 -6528 -8430 1662 -8238 -2407 1390 3620 5198 -3432 -6411 -7518 -1386 8051 -6368 4372 1987 -7486 3492 6111 -5381 -741 -9213 561 -7965 2519 3330
-5422 -5833 -3850 -8948 629 -7820 -2448 -6923 4833 6155 8758 -2634 7561 4916 5358 7468 -1696 5649 7910 -7128 -987 -4738 -3437 -734 -2254 7392 -6823 6255 -1290 1105 7334 9754 4701 -6899 -3947 2315 -2112 82 3664 -6985 -9616 2520 8589 4629 -3386 -1430 4135 3600 -2005 5967 -8610 8498 2262 -8250 7342 6650 3900 -7703 6824 6571 4884 -1764 1614 -4420 4232 -1616 -1514 -2431 5284 -3095 -1994 -9041 -8420 5971 -583 -9914 -9179 -3201 -9073 9281 -2272 -9386 2056 4912 5216 9460 7744 7970 -2000 9563 1008 8695 -6471 -6226 -5814 -3616 1945 -4431 -6985 -3652 4051 -5986 6329 8082 -425 2075 2120 580 9095 462 -3754 5351 -5677 8124 -1105 9149 6278 2247 2727 -5668 25 926 -2696 -757 -1665 -4115 -7877 1466 3806 1586 1372 8236 -6323 -1753 -3258 -6936 6206 252 9378 4058 2626 -2561 -3983 1937 3060 -9760 8518 -2075 -2824 1158 -4627 -9773 -6479 -385 -469 1630 -778 -7085 -2652 -3019 4908 7873 -7481 1298 4670 -5026 -4013 -9501 5394 -1482 -6034 2711 555 7980 -2478 -4672 4591 9810 -8517 -795 1433 -3829 -1255 1576 6335 -9882 -1399 3739 -9340 -2415 2608 -8491 5165 3039 -863 -8435 -2907 2865 930 -3837
-5178 -7399 -1491 7246 240 9168 -2197 3489 5348 -4529 -2260 -6506 -2231 80 -3263 1685 -9534 8441 -2469 2117 -3494 3462 -3504 -8471 -6076 6072 9613 7481 4603 -9137 297 -1086 -9727 3986 -7328 -1811 9400 9601 -9902 -8288 843 3951 2775 8951 -7962 6676 -7512 7076 6459 2287 2421 -2751 -9590 -5156 -2722 9420 7848 -9077 7249 4965 -8026 3653 -4528 3802 -7764 8978 -9545 -9166 -9412 8815 -2612 -9139 -337 -3348 -5009 1365 9246 6680 -2875 3096 -3472 8095 -2505 -2267 5722 -7601 1416 -9394 -6077 2862 -1892 -1042 -2878 -4344 -7847 8473 3686 -473 -7016 7549 -5492 8586 4076 -6901 7669 -271 6323 -4208 -8283 -2769 -1375 3247 -1889 -2005 -2632 -1424 -7591 8737 4503 1033 5900 -6512 -4317 6958 6835 1945 -7913 -3983 8806 -8765 -6545 6684 -9967 901 -1506 -38 -9757 4802 4155 1249 -3789 -514 5523 5951 5104 9411 -1544 -7381 6296 -6482 5027 -4593 -4610 -7678 508 -3648 -6360 7638 -7502 -473 7441 -4819 4765 563 1694 1523 4902 -7215 2829 2474 -5208 -777 1448 8136 -9321 -224 6596 -7449 6223 -5086 -6012 -7298 -3434 -408 -3828 -7357 9026 -7284 -4871 8466 7828 9233 -483 4086 1029 -4176 2178 5416 9715 456
-7626 -9658 3134 -1802 7853 2754 -9812 -778 -1649 3436 9427 4504 -3034 9742 5649 1193 -7163 -2999 -1927 7477 6117 -3993 -2917 -7903 6009 -5490 5132 -6753 -7274 5087 -8806 703 -4106 -8288 3735 -2891 -5520 6478 8146 7487 -631 4401 -7840 9121 -7045 4447 -3846 7981 7859 3523 326 -2211 -3156 -9575 5807 5105 -3610 5396 -7295 -9424 6746 -6793 7300 -8667 -6250 -3373 -4821 1382 -4492 -857 -6750 1047 1813 1534 8578 458 9187 -2989 -7638 -8318 -6458 -5263 2507 7740 7307 6978 9463 -2478 9634 5637 3059 7015 -800 2551 -4504 816 1824 465 -1860 8549 -4272 1795 1779 5280 -1334 -1406 2670 -1201 7560 9445 4236 4027 -2256 5993 -2541 4801 -7911 -3145 -687 8986 4146 6627 1131 -3813 -6430 6710 -9436 2900 -9947 461 -2391 -1771 6273 7017 -4928 -1470 1624 5065 -2159 -955 -9150 -1444 -7999 9101 -6630 -5888 7548 -6959 -568 2254 5539 9163 -4460 -5878 920 6303 4468 -7674 -6187 -3376 7042 -7168 9920 5885 6596 -5853 -5539 -1244 3165 9704 -613 -7053 -1846 -9877 924 2988 -7339 2550 -8629 4751 3348 -3149 8548 1803 7190 4382 -6278 7709 7878 -1477 7919 -7318 245 -7411 9474 5133 2198 8208 6586 6558
6787 -5801 -7214 1978 -5487 4007 3250 7605 -715 -9636 -4814 -1474 8691 -5124 -1024 -8006 7696 -1929 1079 -5798 -5178 -3506 8891 6725 -7665 3136 -4047 -3026 -4947 -8777 -4773 3407 9540 -1172 -4103 4335 2608 -4006 4653 8247 4799 -1500 3265 4414 4033 9094 -5964 131 -3852 -5082 6660 -4829 -3676 -8151 1006 -4029 8839 -9055 -5864 2613 2524 -6355 8940 -9528 -8853 6576 -6738 7993 8789 -1314 -8834 -1364 -4914 -3291 -3814 4521 6192 -2931 -3541 -7322 890 674 -2809 3225 3733 -4345 8037 1664 9470 -3304 -4270 -4066 -1493 -6473 -4239 1129 4156 -4937 3452 8983 -12 -4867 -8746 9256 -6432 381 2586 -2350 -309 8610 -6942 -5844 -7871 6299 3032 2296 9052 -2195 -7704 2135 8053 4280 -1990 8769 -3841 -1529 -8282 6350 -2544 -15 5554 -7692 3072 3615 -3789 -8966 -1983 -387 9078 2846 2864 -1282 3078 9585 666 -2643 2982 -3344 8489 6823 6310 -2570 -7847 6700 4276 9027 -4773 -7301 3464 -642 6478 -3592 -6144 5598 2589 -5303 -1116 274 -4424 -8788 -6375 2769 -9370 -3383 7225 -8453 -5899 2442 2024 -3853 -5107 -9551 -2056 -1521 3892 5341 4073 -1120 -7348 -1184 -5642 -2368 3979 2583 1852 -1297 -358 -9396 9943 1221
-6965 9627 -5589 1291 -5745 -3805 -1015 -9534 -9203 4912 -262 -5502 -8484 -9437 -3635 -2026 -8568 3636 6455 5401 7576 4531 3147 -9110 -3306 -4169 7133 9399 6879 7598 5956 -7510 9626 -8280 -3334 -9559 3420 -2596 8380 -6040 7472 7058 3951 -6770 -2014 6903 4625 -4385 -1269 3080 8951 -9496 -7635 4579 -5415 8035 -4483 -8132 3653 4498 5058 708 -2178 8298 2662 -131 -5207 9506 -8733 4719 152 6785 1519 -4885 277 6113 6085 -8748 -7824 7277 5126 1366 5869 5494 7079 8066 6759 -3846 -2291 6966 1241 -9173 -1892 -3931 -4707 3568 -687 -7340 -7013 -1911 9686 -1406 -3421 -496 -287 -8964 -2476 3547 -2958 -7498 5819 6292 4144 9250 4135 4075 -496 867 4705 -8495 -5061 3957 -8879 -2419 -4996 9691 8419 -6914 -8817 -6051 -1748 4584 -8510 -5910 2269 6278 -3494 6213 -8922 71 -5310 -6262 -4442 7686 7777 -5540 -9118 9465 2315 3436 5737 6243 9435 -2030 -4754 -3065 -880 6100 6890 7147 -2092 -1742 -7877 -4552 -9064 7864 5339 8640 -9531 9077 -3304 5799 5776 -2596 7827 5174 -7092 7055 -3043 -4310 -5701 -5384 -4685 9103 -3708 8698 -5665 -5712 7958 1887 8171 5152 6414 -7545 -486 -409 9197 2494 -7139 -3722
2184 -9808 7595 2507 -6382 -8218 -3369 3255 -8539 4315 3984 1132 -9818 -2775 6291 -4266 901 -7069 3007 -8556 1009 -5530 -6797 -5766 -6121 -4766 -4443 -5440 4355 -7811 -9014 9321 -29 7382 5967 -8252 7808 -7778 -6160 -5900 -3243 414 -3713 -7087 -5659 -9623 7659 9982 3942 -5231 -3398 8559 2321 -9936 4704 1820 1261 -5535 7289 5437 -557 -1246 -437 3842 3717 -5169 -7749 -9452 113 6588 7877 -2677 3065 -6406 -7990 8141 8649 -1366 -1316 6162 -571 7597 7902 -1281 5467 -6470 -9455 7709 -6176 -6864 4024 -9548 -8546 7896 1636 -2643 809 -2514 -8326 -9923 -1917 -246 4204 -1412 2877 -809 7505 -9067 -9375 8707 3903 -1448 9673 -3348 2917 9098 6480 -4947 8344 -2848 7803 6643 2976 8722 5231 5050 -4442 8075 409 9924 3791 7822 -924 -5371 9507 -907 642 -1595 -9616 -4397 1127 -546 -3979 -1230 3378 9165 -6503 -8126 3615 1047 -3652 -3045 6347 -5585 -3723 -8053 674 -7327 -8371 2949 1112 -7854 5333 -8275 -8805 6650 7018 -6193 9292 -7293 9846 -8435 4966 -6988 -2977 -2486 8227 -3688 851 128 -5994 -5662 -2250 -9634 4752 7487 5656 5417 -5303 -7928 -9137 -6299 6496 8403 -4627 1441 3912 -4343 4390 8831
-2152 -9766 1801 -1982 -6002 6929 -8428 2335 7475 8802 1741 -2779 -2516 -6414 4317 687 -3380 -9450 316 -7751 8115 -6448 -2461 -5078 2066 5637 -5195 -5417 1764 -3850 -7767 -736 7846 2079 511 -2896 1283 4487 1811 9449 670 -9390 -4591 -4502 -465 9396 6953 -4312 2799 -7882 -7903 -1248 -4993 -6865 5635 -2914 -130 -37 5197 -4853 3501 7351 2958 -9493 -5681 -9132 -9844 -6890 9161 3972 8394 -5867 4155 6736 797 -8637 -7892 -5391 9639 -9691 6422 -233 8696 6067 8019 -5910 -4339 7763 7132 -9347 8145 -8020 -5817 -7652 -8437 -1146 -4845 -8561 -9322 -1389 -8271 4688 1934 -8038 4984 4436 802 -3042 9794 4258 -4718 -8424 4354 -8793 -8255 -9515 4080 -8838 5396 2131 -2984 -3889 -2428 9774 2819 8543 7974 -6373 -2583 -602 9696 6252 410 -6622 -8960 3060 -3350 -1910 -6776 -3899 -2225 4401 118 9826 2971 3934 -5893 5305 -1230 -5888 -5797 2369 -6276 9962 -1858 8000 -8812 -9859 -391 4048 7657 9491 4933 -8483 731 3829 -6495 1222 5415 2539 3214 -5831 2161 -8844 5870 3109 710 3719 -1859 1631 1140 -4220 4770 9563 1973 -3389 -9104 -4318 -6563 785 -5699 7004 -2128 9355 8426 9337 -405 237 -7504 504
4517 -366 4455 4781 5638 4006 -4295 1826 -6468 5997 -244 2199 8456 -844 -6717 2387 2093 -9975 -1653 9704 3027 -4632 -6169 4140 -4707 1098 6170 1797 7851 -6478 -147 7747 -7323 -6051 -9553 -1939 -6192 5366 910 6730 4571 1960 9500 -7962 4420 -7651 -6662 -7678 -8299 6493 -3858 8060 3801 -1188 3917 -2546 -5636 -4641 5604 9761 7022 -3084 4744 -1779 -244 7517 1953 918 2336 294 9780 4718 -280 -3334 4450 3347 8788 -9285 1443 5984 -4067 1941 8926 -8128 3598 -6816 -3963 7859 -7957 8667 8229 4634 -607 -2405 7696 -517 -5181 -859 -6974 3959 -5131 -3840 7419 4261 -6024 7951 2643 9249 -4372 2362 4291 9376 8599 -9563 -7304 -3713 7929 -2918 -8278 2351 7171 -334 4898 2438 4819 -3901 6746 1557 322 8397 7915 -4376 -7981 -562 4111 -3600 9929 -2686 2908 -6327 -8827 -6232 -6880 2526 3897 5555 -5968 7445 -1724 9440 -4366 -6343 -8682 7731 -2814 -7877 7613 -7685 -5271 1567 8355 -3911 -6296 9503 533 3776 -4239 8108 8362 -1876 5092 -7050 -8722 -8697 802 4933 4043 6288 -2281 9853 6897 8354 7367 729 -872 -7620 -7567 742 -8311 -4046 9602 6984 -600 9025 2873 4053 2735 6850 -2687 9856
6865 -3652 -2088 -8447 -449 2891 4011 -2272 -8612 -8491 4943 2037 -9349 -5631 4462 -9728 5197 5949 3720 -940 6807 -1306 -6531 -4680 9774 -649 893 6145 -754 6777 -6906 1738 6411 -3017 3356 -1413 -2713 -5917 -5327 -2840 -894 -3028 -8491 6737 -6791 -5216 -7244 3100 -4450 -5249 -2953 -5467 -6234 1716 119 5257 1431 6904 6772 5001 -782 -7502 7681 -9311 6211 -3985 -2352 6835 2914 8301 5458 5472 -9117 9286 7275 239 -8403 2577 -4434 9611 -274 5202 -3754 8533 -7445 -2537 -6045 -6622 2782 -821 -1530 -4183 1596 -1402 -5615 -893 1781 7573 -6444 -2888 -3926 -2399 336 -1680 -6006 -8420 1164 -2455 -1165 -7072 9098 1849 2082 23 -3278 5228 -4745 -431 -5969 -5305 -2874 -6806 -8716 8479 -6657 -6514 -7659 3658 9603 2609 -1547 8750 -884 8570 3094 -4463 5950 -5458 -6204 7836 -5727 6034 261 -9656 -569 -9024 1187 5557 -9590 2698 855 -9224 1319 -8888 5922 6317 -1077 -3896 5252 -9811 7292 4446 -8811 890 611 9426 -8128 5338 4486 -791 7218 7299 -2055 7394 9032 -9643 7765 9119 6355 5602 -984 -9847 -1858 7079 -5474 -8425 8948 3160 7084 -531 2113 6252 -1378 -3612 -1943 2261 592 -8509 -533 -5663
323 6596 9511 -6966 -8092 -3833 8802 -8004 2711 7950 1043 -7259 -7367 -409 -2211 7792 8312 -7824 7433 1304 -9312 6158 -8073 -9905 -9625 -7283 -8357 -4301 7468 -3988 -6428 4991 8035 -5757 -2178 2252 2868 -4785 -9181 -6047 -6495 -7200 4071 -6599 -4753 3400 -5905 -4033 4879 -3 -4257 8701 -4740 -5892 195 -5656 -370 -4698 4381 -8519 -4846 8003 9985 -6400 9281 -1138 -9093 5148 3134 -4797 -2208 -6797 -3766 -7236 6101 -102 6278 -3913 -3580 -1170 4769 8466 2391 6365 5736 8705 353 -4066 8623 -6680 -4776 -7492 3481 1600 -5079 1333 -211 -1330 -2748 -6119 -7843 7970 -4833 -3673 -9228 -6123 7809 9333 -8138 1741 7370 -5936 -1906 562 -5943 -5250 -7536 8319 -5047 2700 7513 8796 1486 -5575 -1163 5224 3462 -2768 2436 -4657 -5417 4223 -5649 -4608 9009 1170 -1188 1377 3454 6678 -1490 -3317 6722 7565 434 6449 9463 8614 3343 -9719 -7743 118 -5506 3045 -8688 -1358 2860 2880 -3570 -6826 7138 1979 1950 3528 -6248 9774 -2800 -9989 2803 3237 902 4226 1845 922 -3008 2854 -7398 6358 185 9913 1866 -9104 1765 8429 -8797 9695 7527 9579 8535 5852 -9743 6801 -5937 4062 4656 6899 7179 -5701 4106 3457
1192 8472 5985 -3565 -1548 6950 666 -6369 7571 -6730 7678 -1364 -2120 7167 3940 -4892 4108 -7431 -4124 -9528 -2860 936 -3732 -9008 -5268 -3408 -9065 -6801 6926 -6890 -3010 -4585 3982 6138 2868 4864 4203 -3830 376 -7733 5106 -9366 9009 1927 3023 9293 -8029 4006 3964 -6398 -9603 -8000 1860 2497 -7087 7024 2671 1425 -6543 -3417 -4956 -6341 -536 7505 -2361 5187 7187 1035 5348 -246 163 -7775 3512 4136 76 -8533 3336 -3411 -5293 7310 3541 927 1069 4982 -4761 -389 9015 -900 6877 7365 -7154 -7802 -7627 -6723 -5570 -3927 -6433 1575 -7480 -2678 -6604 -3962 4676 -6504 -5407 -568 -1040 8494 5794 -9362 828 -2589 1737 1026 -6269 9411 2742 5880 7009 -2472 1632 9475 474 -8896 -4138 -1323 -8994 3815 9951 1206 4418 -1937 -9610 8136 2308 788 712 8512 -5057 -6643 7442 -4255 -7453 2949 -6243 8802 1360 1910 -8266 -4682 6092 174 9143 -8395 3682 -8320 4553 3619 2800 2351 -1340 -4851 -2461 6962 -4629 -2142 1764 9521 -1598 -9941 455 1073 3698 -873 -9032 -2636 -8126 8441 4159 5707 4764 7166 5886 -554 4081 524 -5908 -5496 9922 925 -7681 -3398 6346 -6104 -9015 -7244 3567 2944 5427 7072
7510 132 -3108 -4388 1099 -6218 -6963 4860 -9793 -8771 -4749 -5825 -1837 4625 -2540 -9414 2231 4913 7521 -204 -1467 -6403 -6676 -2439 3355 -219 1728 7745 8731 8764 -3354 -789 8408 -5528 -4888 -5867 -31 8868 -609 -146 -9877 9273 -7044 4161 -5208 6743 -8708 6045 -8838 -1204 8862 5960 -8923 -859 1733 -7264 3429 7080 -2153 6776 -308 7569 -8960 -3856 -7483 2921 -4986 -2290 7777 -486 -8578 5016 260 -2654 2952 4325 522 7062 -8160 9931 -8528 -467 -5723 5386 4560 6227 -8973 -9210 685 1249 -8149 -1583 5081 -3812 -698 2334 -7169 -3695 -6030 3749 -6244 2900 -1092 -4965 2304 -1174 8068 -1322 -1438 -7370 -6804 -8692 -1226 -3905 2144 -5126 -6431 2588 2697 6871 -2942 -334 -226 -692 3599 4606 6630 -1174 217 -1865 8497 8408 -2868 -6403 8419 -9933 5375 8136 -5428 -3629 -3448 187 8539 5397 -5819 -7933 2608 8774 7065 7020 1031 -3271 -8940 1278 1585 -5611 7552 -7024 -7780 7206 -5204 -6131 9200 2876 -5806 -3078 3381 -8137 4654 -3980 -2781 -5690 -5189 -6040 5988 -2844 5575 -603 7824 -7617 -6791 8282 -9426 6424 -9069 -3044 7534 9634 6802 7965 3979 3308 -8246 -6488 5857 -7116 -5464 -8013 -374 4843
-7075 -7261 -276 -8945 -5084 3523 3561 -3188 9306 3473 3236 8567 1798 9870 4662 -4611 1870 -8392 8321 -2126 -951 7943 -7308 -9320 1736 8630 3424 146 9486 -9375 -7319 -1736 -1946 7180 -6061 2941 -3693 6945 -6960 9831 -4606 -2225 2524 -3388 5673 5554 3784 -1823 -1904 7714 37 5790 -6002 5580 5098 7156 -9466 5343 -9501 -9344 -1043 6613 -2003 -9882 3026 -137 3801 -5102 7626 -3228 -4730 -9926 -5977 5083 7659 -522 559 6976 -8035 2789 3492 -2680 2828 -7661 4569 -6642 -4413 -3475 7036 5596 -2004 -9696 15 2484 8090 -4285 3388 4196 9406 -8647 -3760 9299 6981 -7672 -4552 4335 -6079 -3316 -4986 3998 1520 -9456 -7759 5511 3107 -6154 -9698 1031 2166 3235 -3247 710 -2372 6140 9187 -8262 -4777 3873 9071 -2728 7333 -44 -3219 1645 4311 4117 328 -8213 9905 -6163 -1887 -3409 8877 -4487 -2192 -1696 -6836 7754 9932 896 -3161 219 5496 7365 705 -8755 6421 1708 -6437 6605 2442 9019 4915 -8542 3312 7982 -2 186 -9322 -5025 6535 2816 631 -8661 8470 -4826 -1150 -2748 -3243 8406 -4822 -3735 9543 -5349 -3163 3372 -5191 49 -78 7511 3880 498 -2963 9751 -6104 -3605 9865 -5927 -5036 -9811
1664 -3085 246 4616 9017 -1043 4637 2173 4557 -2066 9152 -2218 6320 7557 -389 -2730 8705 600 9223 -235 -9544 -2570 7318 -5310 4675 -4969 -5665 -9861 7082 -4872 7891 -9738 -1272 -9074 2418 662 531 -6626 4539 -9754 5692 -9593 8533 2577 661 3072 2538 -1220 1849 2764 -6491 -7808 4443 1603 -610 -9860 9393 4538 -9321 -2676 -6129 -3902 -7006 -9100 7546 1053 -389 5517 -8133 6616 1478 -7024 263 -6210 846 -7888 1090 -6052 -3920 -9919 9150 9705 4450 -6832 3124 -3310 -4486 -4412 3300 -3885 -2564 -1897 3937 9243 8307 -4620 3317 2071 -9703 -8008 -3546 -7446 5481 -5549 -8630 -236 9622 4626 1029 -6871 5199 842 9032 -9308 5875 3208 3246 -5231 -9625 6099 9200 -5071 -6181 8669 -2054 -6982 4925 282 3272 1708 191 7390 6462 8816 -2560 2376 4025 -9915 4204 3620 -3351 -1911 -223 5040 1188 987 495 -9949 1896 -2483 964 -3708 -4599 476 -4902 -8092 -9099 9298 8922 472 -7715 -889 -3933 -5005 1219 1894 -756 7775 4499 1370 -1444 -3781 -6029 7172 -8890 -295 8569 2124 -1223 9836 -5388 -4211 1503 -5371 4002 9586 532 -599 2199 3210 6091 -5335 7784 -914 -6199 370 -8525 -8375 -7847 3266
3619 -5371 -57 -1078 -4165 3145 -31 -8465 -2846 -1564 -3491 -7200 -426 1584 -868 -1270 744 6887 -4586 -376 7801 5709 8154 4011 6673 7697 3962 740 -6689 2585 -2441 1059 -9621 -7127 7965 -9177 5230 6032 3124 -2314 9422 -9951 -4670 4224 -5084 5526 -8855 9491 -323 -8331 -9752 9235 -3591 -6837 2640 5532 -6062 -6272 -5867 -2802 2297 2369 2425 -6346 8463 8395 9240 2696 6268 -8877 -431 -5531 4323 1775 -5053 -1760 4486 -3128 -229 9500 1542 1396 -2713 -2122 7488 -7413 -1762 3951 -7287 -861 -559 8125 -7572 2194 5728 1088 4457 7978 -6605 -8828 -8549 -7926 -9999 8416 9115 -684 -747 3216 7644 -3975 6109 5058 -823 4632 -6153 -4765 667 9585 4888 2510 9184 7887 -1218 7078 1199 -9573 8954 6871 -1735 9704 7974 -266 5796 1112 -1207 9779 3852 -7720 8166 -4992 -9711 6259 -4246 1634 -2999 831 -7056 3976 9719 -5328 7836 -3590 -2627 -7388 8799 -2472 9242 -7758 -221 7400 -2695 -1080 2817 -432 2106 -8390 -1534 4235 -3570 -806 8808 -6642 659 -9587 1118 3335 -617 9593 4343 1183 7037 1244 8629 2350 7636 4997 7640 -5381 -8822 -7406 -3774 246 -7122 -7859 2824 -8080 6858 7865 -9078 4853
6206 9152 -6551 5211 4116 1788 8213 3492 -1683 -4604 -2840 -77 2439 6323 -8078 -6034 -4919 6503 -8104 1525 5680 -7846 1474 -8312 -8082 7096 -9408 -2942 6058 -471 2210 -1523 -8863 -6380 -6747 -4201 -4966 5032 8262 -7973 -7169 6340 -4287 4107 -6532 -3852 -4483 6458 3083 9863 -5067 -8183 -2568 -1769 -8506 1597 -2707 5956 -2424 -7820 -9333 1083 9995 -2962 1418 -6320 -223 2486 -9389 7107 2432 9195 5122 1400 8107 -898 -8508 -5742 -8501 -7270 -3781 5320 5293 -1625 -196 -7801 -9069 4265 -9661 2711 3529 2802 5284 4443 -7870 2364 -5424 -8071 3646 -9128 3317 7850 9448 4303 3530 -2284 -8547 -8445 -5451 -6778 -1152 -1719 7502 1595 -4180 -5464 4899 8635 -8482 1462 2499 -2273 6160 -9471 9908 -6310 5016 161 -1977 6034 -6919 -3371 -8288 2311 9857 -5210 3198 -7857 -9697 2236 5325 -9124 9420 -3086 -7207 -5976 3981 8165 -873 5964 -3078 -378 6775 -9210 1934 1974 -4265 -9852 5224 -3286 5795 7560 2009 1488 -4865 9717 -4062 -4995 4365 4088 2241 2466 5398 -7730 8797 -554 9094 8935 1822 7859 7014 -8100 -8608 6942 8631 4654 2403 -6355 5246 7472 3378 -4808 6328 -8039 2826 -3070 5514 -473 6568 -7053
-2962 -4642 -2617 343 5901 -5627 5921 2348 -1832 7973 2874 -4330 3645 2689 1523 -3182 -1748 -9946 9412 7308 -19 1106 1748 6924 7641 5931 8835 9584 -2780 -7352 -3659 -5462 -5754 -7250 9770 7762 7025 -8594 -4107 -4096 -5493 -9610 8439 -8330 1789 6422 769 2692 6379 -3254 -9458 1368 -8050 126 -66 1311 4942 2696 6098 4719 -8803 -2605 -6790 -2947 -5665 8989 5584 -7976 -5927 -1261 -1639 -8737 -9657 -8170 -1426 -7685 -9591 3782 2652 -8953 -5292 -2975 -6466 2234 749 -6455 6453 -8503 -4054 -6884 6315 -4223 -534 -7735 -5553 495 -2480 -374 7290 484 6648 -4885 -3761 -9421 -4361 7376 8336 -9464 -559 7069 6668 -2190 -5856 -3805 958 2506 7851 -6158 -7854 4128 -265 -8466 -9242 -3813 -3742 1803 6060 4449 4947 4001 9821 6495 -3122 -7026 -1739 -6658 -8686 1078 4917 -5998 6694 2188 9397 6366 -7986 -9593 2901 -7646 -1917 2209 -5244 -8808 6500 -4125 4953 -9674 -8258 9200 -6527 2461 -3384 9122 2942 5076 -2018 -6671 -3474 -6894 4340 517 9276 4959 2186 9940 -7171 5366 5366 2407 -7706 7483 -8821 -5873 -4228 -9636 -6077 4900 -3421 9272 -9495 9427 5000 4315 -4583 1030 -4297 -295 -4721 4063 1224 8685
4399 -7495 -2224 1180 6936 3214 4488 -175 3578 6813 2854 -9984 -7021 -4513 6790 -5267 2545 7499 6683 -1032 7738 3748 4784 -3592 -6254 -2759 7899 6887 1442 7072 9720 185 -3586 -6948 9604 8513 890 -5809 2934 -3711 -5866 -3822 9924 -1338 6846 -4049 -7665 -3014 -2237 9042 -4878 -7538 4794 4922 -7943 -376 5385 -7608 -5283 -2855 9185 7604 -7330 6798 -7143 -546 1815 -1704 -3661 7396 -1328 -7249 -208 9819 3988 6787 -352 4090 -8966 -5188 9927 -4158 -2847 9817 -4225 -3171 -9315 7040 -6164 -4196 1621 5985 -8062 -7752 -2110 7114 3014 2774 -364 -4501 -7722 -8366 8524 930 6274 4744 1047 -3430 -3388 -4053 7243 5854 2523 -3135 -6562 6058 5917 -8170 2024 1657 -9490 -1915 3909 9025 8548 -8319 6578 6968 8871 6401 -555 -5410 -3773 1062 -3743 8547 -3291 3410 3533 9121 -9491 7247 2487 2942 -5111 -9436 115 -5266 7572 -9691 5493 4380 5182 -3345 7224 6571 -8510 -8349 6856 315 905 -6173 -6226 -1193 -7086 -8353 9998 -6204 -3204 5942 -3721 5976 396 3975 9153 -815 -7618 -7477 -1964 -6700 4580 -6544 -712 -4500 8060 -8541 -5212 8872 2232 3670 2830 -3443 5159 -8500 -6510 -2642 698 4648 5365 6685
2832 -6381 -8148 -8748 -8854 5014 -173 -4906 4822 -2251 -1242 1544 -8599 -9577 2519 1991 4926 -6334 6113 615 4436 6565 1907 -3692 8043 -9228 8104 -2143 4303 -2919 -1889 4931 -7977 -8278 8623 8009 8928 -6954 7678 -2252 9149 4067 2055 -4813 -731 4649 -2116 6673 3675 6192 2981 -7633 9069 8936 -6400 2604 8696 -3355 7341 2230 -1898 2732 2439 -8915 5964 1042 -5953 1715 598 4633 -9164 6129 3556 3958 -589 9433 9060 -4426 9014 1882 9455 6800 -6783 -8299 9765 -957 -5305 -3331 1168 -5702 5301 5057 -6941 -3555 -7600 464 -7196 -2681 9671 -3960 6388 -1227 -6247 -2092 -575 7626 -8251 833 7346 1174 -8776 9729 6927 -404 1429 2149 -7760 -198 8827 -7910 -6390 6311 6339 627 -3091 -9047 8153 -4708 323 -5977 -5541 9594 1190 -7325 1935 2301 4470 715 2753 -2114 -888 6105 304 9847 -3144 3798 2639 -3834 2370 -5552 9060 -116 -1577 -127 6638 -7883 9524 -9905 893 -2856 7652 -4633 -758 -5806 -8999 3363 -4478 3191 5835 -1131 -7314 -3967 811 1706 -5494 -6562 9785 1733 2757 -1390 5515 -6824 -2605 7067 -2751 -3413 4250 -3859 -3197 -1835 3770 -7674 -2577 5362 9698 2671 3982 -8153 -2783 -3991
-5399 -107 -6783 1474 3144 5762 -3958 -5832 4348 7412 -6046 74 5469 9651 3138 3453 -279 -8103 1266 -708 6649 611 -6381 -757 7072 -7034 -1890 -6031 3353 4632 -805 -3870 6332 202 1207 -6415 -7973 9697 -4194 5347 3018 -2975 6593 -8817 4018 9643 7469 -3104 3734 -6658 2199 -3326 -614 3496 -4415 -9119 -1383 2033 9332 -9878 -2400 9732 -2237 7136 7033 -2097 -1201 7910 8428 242 -2309 -7639 2380 -1452 7838 4914 -4402 2057 2907 -9450 2734 -697 3227 176 599 3592 6734 3163 8636 -7869 4388 7807 7562 8918 7835 7253 1839 -4008 5114 -4793 -8967 -1463 7348 8135 -7304 -6905 7195 -6658 -6049 -168 -6316 1250 1732 3340 -2024 -5931 5860 6512 -2821 9639 7673 -9312 -6138 8129 4528 -3161 5510 -1093 -9226 188 947 -2595 6418 3227 -9207 -6048 -5738 -7866 -307 8133 303 8822 -133 -9111 6495 -4930 -1454 8723 9784 -1767 -2086 -3394 8300 7733 9908 6070 6574 -982 -9428 -6480 6155 -4105 6746 -8041 -8997 -4176 9132 1867 3116 2455 -6894 3154 -6244 -5646 2978 -9482 411 -7045 3777 9103 -7952 -9581 -7896 6939 -3063 -3183 2854 2352 -6413 -1896 -3062 -886 -6407 -8384 106 728 -4073 6986 -2871 -9336
-6101 1687 -4799 3442 -4115 3745 2426 1051 -2988 8432 -8010 -4936 -3176 6955 -6959 7327 1475 8347 -71 6575 7402 -5562 -6325 -1455 -7285 -4974 832 -4373 4091 -3979 1899 432 1178 -1102 -7385 6533 2258 -1122 8782 1449 -3075 7591 -4139 -8219 -8018 -9010 9182 6246 -9439 1704 -6071 -1900 -1286 2786 9935 224 -7878 9830 -8517 -1591 -6915 3920 -3404 8490 -423 4781 3065 -6080 -2477 -2002 2569 1597 9098 -5451 8324 -1775 5532 7658 9634 -5861 3891 6232 9504 -5208 9179 -9173 -3886 -8360 -1380 8997 -7709 -9239 -29 -250 9446 5444 9317 -710 -2520 1757 7802 -168 -5359 8927 7039 -8239 -6295 71 410 6523 481 218 -2263 -346 3948 -8445 -9910 3525 4729 -334 -9956 -2595 9544 -907 -7899 -4546 -818 1214 -6753 8813 7005 9235 -4712 -3395 -5495 -5052 -2584 1903 -9564 -6413 -9814 6161 4480 316 63 1062 6944 2086 -8449 9577 6258 8463 2561 -2382 191 1979 -9490 -4942 -2758 -8139 1170 3698 -4204 -9875 6849 6536 9702 -2124 -1961 -5927 -7524 4967 1806 5601 9528 -3320 3824 9428 6978 530 3099 -7614 -6138 1342 -9564 9063 -7952 4104 -2633 -2633 -4603 -3078 1 524 4475 39 -7525 -9665 -2747 5255
-533 -2647 1458 4411 884 -8802 -922 -6182 -2801 1064 -3912 -9717 -272 828 8033 3263 -8419 -4385 -7040 -4727 -3555 -6923 -158 -4994 7793 -9131 2914 8958 -7729 1166 2772 960 5078 -7061 -5309 -3675 7571 7548 -1987 -1649 -478 6023 8482 4514 6584 -1545 2784 9640 -2264 9522 2520 8389 -3392 -4560 84 6673 -5494 7784 -2806 7189 -9170 8620 -7596 -6489 -1361 -4261 -8677 -8038 5003 -9873 7966 -1148 1598 -1961 -4215 6407 5818 7990 6222 1549 -2117 3389 3271 5146 8849 4807 4996 2501 718 3004 303 -338 265 -838 -2978 6243 -4479 -3531 -1089 -6846 -6830 -647 -885 -3453 4931 2770 2647 2794 -4965 -443 -3736 3164 9301 3704 -8205 9667 5149 -6786 -6902 6209 -8589 9296 -4547 -5063 5409 -2644 7286 7134 -1494 547 4067 -7537 1278 2627 5913 2632 8572 -6636 -6558 -621 950 6323 6071 2063 381 8298 -9502 -7172 5995 -1017 9029 -5227 2615 -8812 5230 -719 1422 -8136 -1031 -4764 -9651 1140 -6990 -4748 -2574 4137 8740 -5466 9516 -1850 7571 5936 -1763 -9895 6669 4066 6482 -8906 1459 3237 2763 -1847 -4799 -3650 247 -8437 -5557 -9538 3212 9947 -2549 -5766 1313 -2832 4744 3466 3825 9825 2346 -7721
-2625 -2493 -7149 -1683 -1832 1139 -3480 -7508 8053 -8695 -2480 6253 397 -7659 -7086 9622 6756 9072 -1893 1431 -6916 -2490 -3275 -9283 -8590 -7448 7059 6497 -5505 7039 -992 -7672 -1667 -6853 7053 8146 -1226 -7336 -4046 6790 4515 4373 -8808 4158 2512 -4874 8352 -2260 -5780 6369 5696 7626 -838 -4100 9580 8915 6371 9674 -722 8437 -4798 8245 2259 9954 -4794 -4650 5909 -6675 6697 -6072 -2799 2520 6038 7439 -8492 -3495 -3457 9548 1483 -3175 -6368 -119 325 -1186 -2807 -2434 5844 -8007 -1841 4271 2367 5204 -3766 177 -6307 6432 3550 -4295 4986 7922 -2848 1686 -4040 6011 9992 9932 959 -4909 6062 5562 -590 -7090 -370 680 1178 5371 4751 -8777 5142 5547 9125 -516 7731 -7231 -2483 7319 4260 -7384 2943 -8530 5803 7801 1231 618 5316 8741 -8151 -3962 3085 6488 8367 -9963 3720 4379 -474 4453 -4039 6961 8144 -690 -5118 -5795 -603 6402 8391 -1388 -4700 -7080 -4412 523 -2902 -5949 8665 -7825 8744 5162 2361 -7950 -4868 -6136 5410 -6299 -6824 -4350 2416 -1578 -6378 -5497 -397 -2830 -2271 6851 -7945 -1757 6264 -9364 -5020 -2963 -5803 1652 8463 -2310 -6230 -5470 1267 -5045 -6468 1384 696 -4516
-3712 -2236 -479 -1550 -2377 -1748 -7539 -4679 7922 9603 -618 -8161 8455 4163 -1668 9524 -2741 5112 -403 5019 3738 5619 -8504 3397 2469 8761 2911 -723 8113 -5349 9960 -2374 -5589 9182 3404 -8744 2304 5624 -2494 -4272 867 -4646 4002 -3587 -4133 -7282 6564 5370 5358 -8755 -812 1271 9506 2743 -2063 675 5975 -1374 -9676 8349 -8082 9769 3322 -4433 -1068 -3826 -2574 -2955 7898 7451 9430 -6867 -7191 7453 -9755 4892 19 -4690 -9871 -9256 3063 2730 -1706 -9139 -1541 1142 -2310 5663 2723 9008 5915 -5038 3626 -9054 -8756 -5812 -7810 8832 -9414 2552 8551 5800 3669 1214 9847 3936 2721 -3841 5080 2339 2283 2742 5117 8684 7342 7921 -7505 -622 1634 3071 3102 -7739 9857 3562 3117 8305 -7512 -9143 8592 7932 -1698 -6304 -9270 -759 -3005 7508 9407 5006 -8378 1616 6330 -1759 -1163 -5259 -5446 3725 -5595 1908 -3293 -9846 -8025 484 5974 -4594 -7570 -6393 8260 -3387 8465 -7627 -4413 -9577 -9964 7456 -5532 9291 -7412 -4294 6400 8146 -6308 -9221 -4022 -6419 -7131 -507 -8155 5480 -6010 2580 -1757 2034 -9519 7439 6772 -2595 1937 3600 -3037 -4846 -3143 -3677 -6745 5670 -8630 5761 -5602 494 -4942 -1263
8891 7416 -7535 6011 9992 -5236 -2027 -1086 -39 -9687 -5952 -2727 -8216 -5524 3538 6160 -69 -3803 2011 -7773 5438 3309 -9432 -7080 1985 -4104 691 720 4808 -5982 -3130 2190 7361 6979 -153 6231 -5121 -1672 -3483 9027 6307 8358 -5263 1221 2887 3410 -9907 -8320 -1042 4100 -6436 -4714 -6838 7194 -9624 2745 -4406 4288 -3657 -9626 -5236 -2256 -2902 1240 -3019 5745 -712 7960 2257 9594 6427 -6789 -8104 -4924 -1275 -9388 7465 -5995 5686 -1991 -1354 6611 -8157 -3464 1960 -2869 -1004 9179 6265 -1028 -8472 2587 6262 792 7655 941 -5862 2110 -774 7937 8811 5152 9184 3797 -1522 5397 -5530 -294 -6620 8697 -1307 -4667 4137 -9614 -4191 -2615 -4235 6272 988 169 -7637 -2618 -7079 2646 2365 4999 7405 -4395 -4260 -780 6092 8645 -5483 -6272 -4694 -3085 -9643 -9199 1158 -8025 4959 -4040 2423 1474 6806 -4116 8572 6799 3928 -6215 -2643 -5263 7884 7141 9891 9082 3017 2640 7351 -1798 -5481 -5939 2718 -5538 -4052 -4738 1020 5687 -6385 8285 5119 4494 -6321 -3021 9677 -6153 -8653 -5724 -7619 -1825 -1326 -6559 5526 5116 834 -8137 -5045 618 1436 -1270 9117 -6457 -3207 -6177 3347 -6159 7938 -5320 1453 8780
-2672 8075 9594 -6049 7972 6961 3080 -6410 -7458 -399 3852 -4617 4247 6512 9208 -7627 7408 -5465 9166 -6042 1460 -4141 3659 9773 -7541 1595 -2138 339 -9545 -7667 4736 -4678 7124 -3328 -9497 8748 -6795 -9930 8978 9885 -5090 -2238 2401 7145 -3556 -9128 1823 9836 -8394 -2476 -7682 -222 -1416 9678 4974 -5972 -1546 -6727 -3638 -8346 -7014 659 -2113 -9882 -5148 -6828 4579 -2245 -9048 9638 3474 -8696 -3584 -1630 1973 2440 7368 -3273 6266 -8143 6670 3515 2371 -4747 -9534 -403 -843 -757 7662 5504 -2578 9987 -5893 3258 -2710 -7088 -5087 6416 1289 -6542 2477 7632 -760 -5181 9888 9070 1389 -6322 402 -5957 -6876 -535 5401 2896 5342 302 -933 6774 5193 6931 4090 -7861 -8903 9553 -5672 -1674 -8208 -8507 3797 -8345 -9952 8305 1069 2233 -522 4605 -6126 -6239 8397 -4150 2980 -7848 7298 -9995 -4665 -809 7471 -7648 873 6759 -4503 -6283 -1942 3862 -1083 -859 8607 56 5226 -9753 -7250 1371 4696 2731 6898 -6565 -7972 8977 536 5741 2090 -4493 8429 -5678 1613 -6710 378 5739 -2665 -524 -9558 -279 -1079 9006 -1769 3310 -1180 -7823 -1782 4851 -213 -4433 -7166 8210 -8943 3485 -9273 -6441 8492 9819
8975 -1220 -3249 -6868 -9311 3702 -4551 130 -2665 4932 -9619 -7833 -30 1721 6105 4377 -1571 -5133 1135 3542 1608 -7157 1486 -766 4439 -2830 9659 -2502 -3848 -2674 2702 -114 -416 -172 7079 -1872 -645 -9780 3106 9976 252 -5425 1108 -9955 8355 -8428 3652 -9979 3561 9949 5937 -4420 5355 5758 2198 2916 2570 -6892 154 1661 -6069 4679 2572 -9077 -3273 -6789 -3112 -6412 5091 2997 -1442 417 -9037 3318 -8268 2182 -6373 -1098 1267 2155 -5256 9600 6634 -1712 -352 -6693 8106 -7643 9547 -5367 5824 5000 7397 4151 -6224 4890 2441 248 -5471 -1439 -1011 -7462 8312 -1462 -1865 -5319 6868 4603 9041 9759 -7147 4195 1369 9152 -3053 -1131 3754 -5985 -6885 -9965 -8581 -127 9685 -5555 4663 -5960 1712 1514 -1967 -4547 9401 -2876 6009 -150 -7371 -5141 -3819 -921 -7535 5427 -4536 -7268 -5798 -5515 7334 -3887 676 3892 5947 -7602 4163 8126 -7507 -8224 3762 9199 -6971 -2080 4404 -5629 -1974 -6758 -9489 -7693 -5213 -1496 3551 -2869 3983 3025 -6911 -5220 -5224 -2767 -4508 -7667 318 6572 -246 6436 4893 1991 4200 4723 4700 7985 -1114 -4648 989 -9094 -9165 453 -8373 3737 -4933 -7571 -1132 -8525 -9520 1128
-2139 -7923 8079 -9441 -3843 9074 7006 -6739 5721 1503 8854 -3026 5456 -5475 3308 681 6348 8391 4799 -3594 -8642 -1528 -1469 -3590 -1997 -7516 2215 -1697 8073 -2260 9219 919 574 1117 8542 648 4256 2406 4782 -2772 -6612 -8540 806 -1954 -3977 -410 5883 9763 1671 6420 3259 -8210 -8364 6995 4431 9051 -5599 -5694 -3682 -1628 429 -5859 -247 -5142 -4914 -9487 -6379 4835 -5973 7415 8908 -4560 -5370 490 -3069 6197 -8031 -1594 -4899 4538 2933 -352 5486 -1417 -8142 1211 649 2920 6818 8674 9659 -4764 -2251 6425 552 1506 5200 5842 -1424 178 83 -5784 -7160 -6149 -3229 5154 -7195 -2382 -1286 -2085 -9047 -3506 -6555 163 2488 25 9346 -1981 5166 -7878 -219 1094 -3103 9163 6488 -1310 -8438 -6188 -2594 6348 6574 -6088 -5626 8691 -8474 1754 -2627 1473 -3271 2115 4717 1319 -3709 -805 6888 7915 -3691 9389 -5570 4895 6756 9249 2273 -1645 -8169 -6345 -1671 -8136 1604 4840 9909 -8324 2111 7167 -2508 -9175 -2026 -7499 8884 -5860 -9641 6120 -1812 4740 -2186 5279 2197 -2160 5276 -4245 9790 328 4150 6671 -2436 -2608 -905 4179 2356 761 -996 -1537 8475 -2832 -6494 4310 6067 8498 6417 -9175
1556 -5306 -9748 -9811 9854 3065 7723 -6294 -5405 -6814 6349 -6706 -8799 -4396 6320 1603 8653 -7934 -8136 -3692 -3737 1909 6175 4158 -1930 -5315 -1273 2925 210 2082 -8977 9304 -5742 -6978 9154 364 1307 -8421 -7754 -7753 -6720 -3659 6844 2631 -5447 -2792 6700 -4375 -262 2440 4152 -3330 9169 9376 6174 4471 -639 -7165 -9595 -5037 3147 7034 9217 4813 9060 -5837 3192 -6193 -9815 9464 -9909 -4249 -9223 -3539 -9788 -2168 6033 4713 2228 7193 7897 -4507 4067 218 -2557 -2409 4560 -7429 6060 -4785 9739 -5837 -2476 -597 3629 -6158 5166 2379 -9507 -2408 1294 -3015 -1324 7706 -2829 -1975 -6232 2489 -9191 7360 6824 -5765 3366 622 9024 -3354 1561 6275 1007 -9268 -8265 -7462 -8928 -2454 5420 -5819 1913 -9440 -7544 3676 -4918 -8563 5439 -4462 -5139 1571 -336 -3560 4766 -6688 -6081 8854 782 -2227 -2869 -8911 -8276 -3856 -3059 5113 2809 -8905 -2063 3951 -6270 159 4700 4325 3195 247 3445 4889 5434 -4678 4837 5155 222 -930 -2997 537 667 -3638 6788 -5613 3190 7268 -6270 -1023 6721 1577 -3752 2619 -5292 5653 -5168 6998 2221 1501 3002 7360 1653 2323 3117 -4069 7559 -4446 -2090 7956 6978 163
-6560 5862 7067 -2366 -8554 4321 2457 8342 -3518 5315 -1794 -4771 -5273 3536 8444 -8633 6032 9688 663 -1452 -6707 -6119 -9164 8627 4168 -4883 -1979 -4311 -4862 8980 9741 -1801 724 1533 7317 2625 3609 1113 -5469 3491 716 238 -1311 -192 6496 -5367 8007 -9623 -6500 -7351 -7782 -263 -3470 2400 -8381 7196 2126 -8822 -5295 -788 9573 3551 -2109 -9783 -9894 9948 -9620 -6868 4443 -511 -853 -4752 -4709 7489 -916 4360 -9638 3089 3427 -7379 4173 2252 -8150 -1217 6576 -5368 6864 4330 -2126 -3717 7167 2988 -5687 6940 -8006 1010 8048 -4372 3123 1827 8605 -2458 9728 3896 -8847 -4597 -3954 -4728 4327 8093 -778 -2057 -8907 -8793 -932 -6095 2815 -8803 5285 9421 9587 3763 1693 1745 -1819 4667 5254 6769 1416 -8968 1599 346 -7148 2956 6721 -9250 -1486 -829 -7048 -3043 5786 6482 -3285 6920 -2206 1428 -7182 -1706 207 -3948 -409 3068 1125 6427 4799 -1000 1848 2868 4150 -6243 6094 4460 463 3223 132 374 1521 -4702 -8420 4598 604 -2334 3585 3582 -1586 -6371 -9401 5790 -8472 5067 1681 9287 2759 -4478 4272 4320 676 -3730 6553 3359 -9824 -4048 2678 -8293 3745 8258 1270 -5416 8613 482
-5096 351 7275 3228 7418 4598 -4091 7397 -6608 -2440 1496 8302 -4780 -4284 -4719 -6683 7123 7425 -5423 -1316 -4782 8552 9081 4310 1918 4313 6226 -356 3419 -1224 3967 -8887 8161 4208 -4539 6441 -7001 -834 7994 -6594 -797 8169 5728 -8858 -2063 -9366 -9932 8123 -7444 -2416 4942 2801 9345 -3481 1334 -3718 -8849 -180 -384 -6176 -3165 8255 -6396 -4812 1299 9768 -3735 5254 7170 7736 44 -9265 7464 -2664 -7602 -3140 8655 9871 7929 4834 -9019 8797 9704 1007 7011 6047 -3712 -4030 7229 5814 -9542 -9854 2901 4637 -1979 -7032 6906 -1815 6539 -299 7454 9299 -1429 1956 -8370 8349 7619 5322 -548 1539 -7630 -4672 -8703 -5067 2426 8836 -7415 3117 -7281 -1134 1564 8283 -1160 -4849 -3479 5258 6996 2999 3279 3951 -6630 9768 -2014 -9332 381 -6434 -248 -3465 -8731 -2126 1561 -2188 -7476 -9447 -9792 -3496 -2366 9012 -6098 -555 -6081 -674 -9935 9200 -5489 2383 3485 -5704 5473 -3793 7125 4429 -5556 -3092 -5321 6439 -7481 2127 515 -7765 -7271 -7359 -7456 6732 3720 4615 -1498 644 1868 7587 4995 -889 -8830 -1474 -7971 -7708 -946 -7045 5653 8405 4458 7882 -1296 -6917 9139 -9415 -6738 6449 -6148 1430
6299 5544 -4163 4670 5124 2118 -8829 -8125 3944 -6616 -4797 -1497 -925 -8310 -1182 -1836 6697 -3223 -7629 4489 1632 -5878 2991 -8760 -8233 -1301 5748 140 37 -1293 -1209 2686 7407 -9691 -9874 -7521 4746 -2605 -4767 8864 7803 -6300 9157 -2868 -4268 2470 6652 5186 -7739 -2901 -3162 8914 -1905 -8530 -3775 3275 -7744 -1623 5348 7297 -2283 -8166 1450 7988 -2167 3807 -9163 -8993 -7881 -3246 -8084 -1420 -3507 8589 -2897 9424 5610 4097 -5423 -5976 -4152 -3519 -6543 3353 -953 -8824 6387 -712 5648 -3942 2980 5055 -3540 -7153 7110 -6691 7073 -1514 -8132 4040 -385 4092 -6468 482 -9163 4299 5764 9448 -112 9048 -567 4380 -4278 3384 7637 3708 -8493 -8029 -7855 -1154 -4942 9611 6691 -765 1107 6204 -6803 -3170 -2507 1865 4373 -1823 7657 -2537 -2707 9315 -8556 2700 -9634 -7339 7217 -1976 8217 -2679 3236 -8671 2674 6687 -4937 -3621 9923 -5105 -4991 9903 1302 -6977 7878 6799 -3247 5008 7532 804 3499 750 -1256 7272 -3231 -334 5177 3499 -8467 7027 -4720 8136 1113 7864 -8500 9379 -4774 -7271 -6817 4430 6342 718 895 -7604 -9933 -7993 -2114 9834 -3965 8427 4378 -1914 3341 782 8431 7168 2968 5260
-9555 -1337 8558 9080 -3117 3008 7834 -8198 -3019 -43 6987 5978 -1124 3648 -701 720 6232 5964 -2533 -4023 8 -1862 -3676 -474 8126 -4882 -56 -5650 -8762 -8382 5014 9690 -5436 5195 8129 -5848 5657 -6417 -7397 -7453 2149 2133 9519 6077 1227 9499 -1082 5810 6326 -6161 -7008 9807 6818 -3772 3310 8656 9495 5326 -9363 6092 -3202 -8543 -7150 -4763 -6088 -8368 5580 9619 5622 -4879 224 -9383 3720 -1820 -317 -6950 -390 -6272 77 -3914 -7863 -107 7250 -7501 -1413 -7913 7689 722 -1964 -8718 -2334 5216 -6413 6129 9817 6813 -652 8872 8328 2175 954 -9712 -9792 2450 -3299 -6192 100 -4095 -5616 -4760 -7223 3517 -9517 -7183 -7200 -7300 5965 799 2015 -9949 -1521 2188 -9556 2945 -9310 -3068 3871 9986 -6252 1479 6170 -1797 8865 -9110 -6562 4270 9353 8246 -1944 -1605 -3473 -963 -917 5514 2673 551 9574 -4732 8592 2853 -4641 -732 439 7609 7159 4937 -5059 393 -9351 -8987 5027 -5832 -5185 -8722 -1046 -1757 6372 5133 -4013 -7240 6084 -9365 -250 -8595 6237 633 -1012 -5742 -3293 -6103 -9896 3757 6882 -5305 5409 8980 -7907 4960 -4033 -3625 5560 -2815 9957 8918 -2719 4365 -9258 9523 9497 -3416
4042 2526 9293 7534 -5433 -7911 7028 -2555 -9179 9575 -3190 801 -430 3560 7397 -653 5607 5931 -995 177 -8903 6879 3367 -7764 -432 7454 -1857 5585 6353 -2438 667 -8310 4261 841 -3820 -1550 2310 4227 -6032 -2997 5851 -8160 2422 -3006 8961 -9186 -2768 8701 6755 -860 -3556 -2352 -6321 1974 4947 -7272 -6148 5746 -580 -7623 9326 7585 6120 3409 3041 -796 3858 5327 -9238 8437 -4912 -3011 -6755 -7073 6756 -2190 8656 6788 7128 7481 -6531 8752 1262 -4332 4070 -1546 5798 -9302 -579 4994 1343 2227 7770 -3314 7673 5725 2639 -4977 -2559 37 6493 8210 4229 3358 9020 -5944 -7014 8233 9458 -9633 9467 1463 -7712 -1475 -6470 8921 2324 6363 5236 -7581 8543 -171 5390 570 8322 8671 -5400 -8950 2740 -7036 5754 9366 -3483 1236 1070 7560 -9452 -8199 -7579 1378 6290 4278 -1787 -2547 -5898 -1533 7533 2442 -4134 -1137 2213 9103 -6806 -8377 -3161 -4794 4161 -5730 8743 3547 2055 2708 -1578 1149 -8668 -7113 3121 -2943 -6068 1240 -3565 9200 -9535 6866 -2310 -1765 -6701 -7946 4500 -4160 -9557 78 -5627 -3456 8870 -1483 -7713 -4875 1770 1072 -8644 4641 5505 5230 4526 -1556 -5038 -529 9412 -1856
874 4572 -6607 28 -5037 635 -6981 583 6259 4848 8497 1512 -239 -2852 -4333 5679 4718 -7453 -8407 -3419 9202 -6719 9912 -5713 -4031 -6647 -6093 -6007 -2641 -6770 5426 9676 -7365 3706 -8509 7063 -200 -9563 2308 -5139 -3381 -872 4475 -2156 -6378 6366 -4670 7978 6925 7675 406 1939 1136 3275 8317 -2577 -463 -5736 3289 -1819 3114 127 -556 -8375 -9031 -1055 4349 8517 589 6426 -7195 -1519 -6264 2047 -9357 -1393 7908 -7789 6023 286 9831 -3230 7522 9364 -7192 -3461 -955 -5590 9632 1409 8592 4371 -1319 -2186 7216 3565 937 -8460 5315 5531 -8571 -1603 5144 9175 -1687 8582 2620 -1150 -9989 9616 -194 -4208 -8464 -7353 9158 -8518 -8029 -4943 1362 -1394 -7975 7490 5452 -8610 182 8713 7895 4310 -9559 -7878 6681 -2879 -9599 -3337 3467 -8654 -8892 -6322 -4813 9895 -4740 6682 -4679 2020 6035 -742 -7856 -3837 -8 -953 -5381 1460 9414 1110 4115 -3002 3100 -6519 -1954 -4358 1203 4941 -9442 -7577 412 -3222 -2924 7903 -6808 6203 7338 1165 -5024 -8131 -4800 -6073 -6461 -5921 6947 4825 5934 -6888 -5474 7059 -9807 -881 -6627 8931 -3442 -8884 6952 -3722 575 -6218 -7526 5269 4344 4183 -362 -4784
-7857 2014 -5727 -6403 -694 1633 -73 -9666 -998 1573 -2340 -5210 7536 9778 -32 8586 7530 6646 -7890 -1674 -677 -6313 -6929 -7746 1184 1958 8608 -3429 2915 4945 7557 1512 7238 -315 -7921 -44 -8942 4265 -8041 2155 361 -5498 -5649 -9803 -6482 -3085 -6382 -5149 -1004 -108 -8617 -84 34 20 -5319 -7298 6074 8516 4456 -8389 4250 -6487 3409 -2066 1801 5908 -2893 9815 1665 6325 5543 -3073 -8804 -3861 5704 1815 -1057 3949 8547 3484 4860 4764 8298 -6766 475 223 -4622 3998 -849 2093 -6773 6643 -540 8877 -1043 -3725 8722 2711 -5991 307 4363 6352 -7073 6513 8500 -9836 -1413 -7851 -775 7484 -2209 7820 7336 6758 9423 -3262 -926 5761 -7270 268 8331 2390 -8472 2384 4004 -8606 -9841 4934 8750 9385 8844 -5764 7271 -9094 3076 -1771 -6985 -8798 9572 -3610 7930 -8453 -3598 -7081 -7558 6591 -381 2583 -7021 8958 9951 -724 577 9294 2266 882 -6350 6226 -6821 -3673 -6665 2182 -1860 8267 -578 2275 -4734 -7948 -5045 -8854 1860 -1861 3932 -6204 -2776 -4384 3988 -9405 4069 -5150 5586 -6419 -7409 9599 -5551 9791 2999 5858 -978 -8672 -6633 7136 5951 -6897 -8515 9894 7943 7138 -1133 -2685
2909 -6227 -3153 65 -4090 -9083 3255 1663 -3041 3907 -5575 -3482 3235 -8413 8817 -6730 -2438 387 -682 -5422 -5811 -7632 -7933 -5565 5084 6430 -7390 -6667 1295 4554 101 -6805 6993 -4766 2638 3841 3563 7023 6506 3290 -1835 -6049 7871 1051 -9032 -7832 -7825 -4492 -4261 -5789 4392 -6050 9227 7924 -1048 -113 -52 7132 2393 1308 8036 -504 8874 -6537 554 681 -9079 -7181 -6209 7661 -8550 2764 -8150 4037 -6631 8655 -3045 -7993 -8405 9113 -5319 -7002 -6764 -5606 -4524 -4842 1109 2726 -516 1396 7207 3631 6318 8636 -768 -2267 3282 9517 -236 8467 1818 4018 -6974 8901 -9452 -4570 9871 -8470 9420 1836 3245 1614 8432 -8229 2498 9397 5183 1674 -1817 -9021 944 -2744 -6399 -2171 -5639 -9914 9087 -1147 3191 -1144 -2209 -9407 -9866 -2403 7116 -1750 1549 -8080 -594 -7876 -151 7327 -9411 8995 -8702 -10000 1257 7868 -4485 5733 -8238 -5047 651 -6281 -7917 -1101 -5059 7512 1339 7131 2777 -6316 2892 -7283 -298 -5486 -755 927 -3571 1414 3405 -71 -2407 5779 8926 -4252 -2281 9720 3770 -41 8654 9340 -2623 -9238 -3452 -5524 4324 -6646 -6401 -8234 347 3956 -6348 4389 -7590 -1320 -9497 7936 9221 7979
-6798 95 -1679 -9697 2757 -1759 5935 -1964 8823 774 -270 -5082 9573 7109 -6798 5397 -950 5467 9266 -6002 9821 2045 -3373 -9169 -4230 -5523 748 7828 3908 1744 3322 7680 3844 3964 -9418 -9087 -9433 -6381 -8843 1090 2939 -9962 -9533 3108 -3356 -927 -2465 3684 -3197 2008 -9652 -5828 2520 2818 7038 1635 -154 3819 -5769 -432 9048 8173 601 9875 -8850 1491 1715 765 -2526 -8157 -8910 -474 -8528 -8595 5562 9118 3997 9796 8211 -974 -2367 -9682 5639 -9762 -1417 -4075 -6533 -4320 2547 -7052 -7604 -5422 2769 9370 -6679 8621 -1820 3175 8572 -3832 1866 -4848 -2766 644 -5024 52 -5721 1915 -884 -5000 -2434 2644 -1720 8606 -5035 -8436 -7840 -4466 9562 8689 -4782 -8097 -9950 -5492 5843 -2381 8150 6728 -9046 7480 129 -9487 5898 3627 6310 6840 -7680 7311 -4363 -9210 1076 -5456 1013 -9546 4276 -8084 -4576 1692 -6654 5363 -9135 -2641 -2804 -7551 -2145 -3993 5744 2425 -5275 -9230 220 3419 -695 -6703 -7940 7334 3191 -7322 -8338 6844 -9743 7180 7720 6587 -6889 -8783 -3183 2081 6311 -4158 -7066 -6128 -7130 -3258 8960 -1278 2159 5050 -2638 7112 -9461 8150 9526 -8586 -1169 2682 1946 9018 -8311 -6712
2976 3874 4733 -9664 1867 -1317 -3085 -9849 7334 -4793 5580 5852 -2983 5765 -6409 -7214 3551 -4939 -8742 -8802 2604 -6962 3841 -8814 -7045 -9315 -9706 7780 -6255 4671 6598 -5368 -5407 8272 8882 4194 4073 6086 5939 -4067 5164 -1755 -5799 -5510 6426 5776 1782 -6641 -1038 -7588 -2671 -5960 -9620 -110 8433 4895 6805 -9527 -5533 3436 -8454 -3666 -6686 9436 -7577 -9574 -8207 -1460 -309 -7679 -4508 -1860 -9456 -189 -1236 2519 -4306 3774 6661 11 -7952 5541 -1458 8997 -2681 -1122 -1198 4526 -9679 5168 -828 -1128 -714 -6043 -3925 9189 -3476 -4149 1270 -7959 6505 -439 -441 2847 4118 9829 3976 -5315 8972 -2135 -5493 3259 701 5513 -9909 -1955 8921 -3103 4670 -5161 -5580 -320 6064 9823 -1226 6707 -7952 8601 7310 9708 -3830 6174 -4864 4924 -1538 289 -7234 -5408 8177 -7938 9872 8874 -2610 9043 4059 5229 7142 7617 8131 6260 9497 -793 -9683 -2923 7497 8865 381 3393 -7129 6918 -3651 -147 763 -3633 -5802 -2741 8275 -2086 -5128 399 -5020 -2227 -1116 4987 8961 8965 7072 -1684 -6570 1739 -9792 5290 2271 -8139 6674 2477 6302 4389 769 -4099 -5408 4188 4328 -444 -1362 -5963 -7436 -9284 -2591 6814
-7115 2814 -8074 -2671 -2433 64 4844 -7579 -3731 1629 -2505 9334 4209 -4631 -1261 1557 3544 8848 8340 -3623 -1766 802 -1579 8763 -7788 7590 379 -859 3516 4772 -2623 5963 8606 -4359 -3324 -5566 -1864 -8856 2597 4775 4246 -3635 5745 -8271 9951 -1127 -7699 6054 3407 8750 6036 -3585 5440 3385 -9974 -1903 1465 243 -6325 1706 2252 -8014 4578 9971 -3534 -816 9972 3741 4327 6892 -1407 6001 -7435 1616 -3147 2939 684 -8122 4913 -344 -9715 -4760 -9357 -5068 -2505 6174 8185 5006 8804 -2208 -821 8872 -5571 119 -4625 -9783 2316 7490 -9811 4782 -8084 5974 -4828 -7006 -5085 7792 2402 -2302 3968 8339 -9589 5288 2514 -4285 -9531 2205 9738 -5924 -4306 -3263 3829 -5548 8124 4281 7225 -7565 -1939 -2602 -7427 -8584 5019 -1294 1477 8120 461 7651 7978 -4641 -2162 6277 -6036 2904 6487 3927 -964 560 -8695 -9741 -1721 -39 1757 -3875 8214 -825 -807 -5422 3385 -9355 7689 2630 6236 3593 -4928 -7393 -147 -905 4267 -1810 -7486 7709 437 666 -7761 -1030 4153 -5941 7181 529 -790 2619 -730 579 1624 -206 -116 -6424 6458 -4577 -9170 6740 4125 -1266 6074 8560 -9585 5947 7577 6343 -7266 1299
9226 6955 9333 -9190 -580 7272 8376 -6578 -6968 -7616 -5572 3729 8458 -9493 -2212 -4791 -545 -4116 -8611 2398 1414 -1047 -1269 -3311 9246 6059 5350 2610 -2976 4601 142 6983 2678 -5180 4201 269 5655 3842 -647 -1952 2678 -9834 1256 7545 -4457 -4869 -9563 1353 2374 4512 -2927 3563 -6621 4873 8855 9652 969 -9177 -8571 9749 5090 -470 9259 597 -1032 505 -7996 -4731 -7773 -8717 1237 -4246 3286 -6535 1414 958 1973 -1614 8043 9132 -1867 -4176 -1985 -7820 -2975 8982 -6996 -9720 8040 9708 -5136 1296 6710 6466 3617 -8550 4659 7873 -8389 -5939 8200 4366 7221 7507 -1694 -3559 -3916 -2357 -1241 -3869 8271 7838 -4912 8952 9214 4694 -9519 -8484 9680 5433 7254 2616 -2879 -4496 -7744 1677 874 -6831 -98 -8155 -9686 -6807 4538 -4914 -7371 334 119 4106 5727 -7854 -7695 4420 7204 3846 8335 5914 9129 -2749 8780 -7017 8949 -5719 5829 9711 -5578 4412 2566 -9589 -3618 2292 3580 9140 -4109 1152 -4320 -9251 -4848 4323 6758 -9881 7602 831 1882 46 8534 7243 -4746 8334 -6934 -9732 2877 -8177 3087 1368 -8726 2585 -2770 -5029 -6874 -5431 -324 -7035 -1805 7009 -8326 -4412 -3325 -6459 -9399 7050
-5394 1584 -4245 1203 2470 1165 -4247 -8165 -8894 -5850 -9422 -4232 -9111 7963 -9513 86 2246 8675 -1790 -2381 -6898 -7431 -8451 7132 -8617 5622 6997 2435 -7381 -7664 4177 -6701 -8510 -8565 8989 -663 6891 310 -7215 4618 1333 7643 6027 -8088 -2300 6787 7018 -7905 -2395 9958 -5360 9448 1453 -9472 5406 -736 611 -4095 -4497 -9944 -9305 -5270 7486 7006 2823 831 8545 1665 1163 -7382 8501 2732 4335 2360 -8010 3746 2470 -5194 -8970 576 1107 -4713 -4208 -6136 -1267 9969 1016 2696 5481 -8427 -8317 9830 -2406 -3840 7968 -415 -5173 -757 -2660 7274 -9522 9211 7819 656 -4835 5990 -1894 2493 6584 -5923 -6612 -3806 -13 -1588 -2741 3238 4205 -2680 -149 2887 -1898 8054 -858 -3838 -9714 -3402 -2657 2166 -3082 2303 -2437 9346 -1595 6837 9000 -4291 5775 3978 7593 4328 5269 -8709 713 942 -3234 -8722 2806 4098 -7308 9621 2474 1973 1883 2282 -2913 -84 6780 -6169 -6138 8985 3407 1061 -2273 8764 5450 5674 -9119 -806 -8580 9608 -1784 -7151 502 8375 1407 583 -3388 9172 547 567 -3230 -3160 7493 -9050 6853 424 1610 -6244 2997 -8107 -9300 -7021 7419 8454 7619 -2280 -8044 -6470 30 -6036
-5461 4790 -8080 8857 -4134 -3565 5537 -9021 -168 -1929 7144 9442 -1293 -5253 -4299 -745 7238 2306 8998 6620 1781 5438 3734 9200 716 -1409 7129 -4590 1899 685 -5740 2196 5089 -887 -8985 -1 -4335 5134 -4066 -5858 6911 -3556 1116 6041 -5340 4877 -5598 -1423 4631 6251 9484 -6074 -6310 4394 -7980 6119 -6906 -2780 3245 -8455 8695 -5156 -2205 -6394 8343 8675 -4500 7766 46 3633 -5496 -2842 3343 8177 5575 -9516 -3363 360 -6859 -1662 -8766 5960 5221 -2426 -748 -4598 -8900 -1641 -5519 -542 -8242 -1319 7716 6063 -3062 5151 6658 -4076 352 -8710 4449 -3039 -449 -9278 4513 -4329 7859 8915 -8260 -3700 -3403 9212 -9542 -8712 7599 -8578 5413 2992 -4620 -1575 -4794 -963 -9968 -2746 -4502 -927 7539 -3217 6359 5106 -6280 8621 7380 8126 -9449 1329 -2827 -4191 -8616 2000 -6276 -5072 9098 -426 2035 6421 -7126 3025 6973 2678 -2284 -5172 5558 -48 5434 5924 5191 -326 304 -3969 4977 -6488 9286 -2617 -4661 -9339 1525 5359 2882 9159 -5074 6634 -6928 2746 -9720 4160 -4449 -6641 9959 2004 4771 5232 9698 3072 4497 -82 1122 -2533 1250 -5332 5580 -1716 -9619 5347 1949 -6421 8306 1660 -4225 2123
8858 2609 -3259 4162 9069 -7952 9490 3151 6000 -9631 -6690 -2441 -6988 972 -9090 791 250 989 -1697 5975 -854 -4447 -9265 1537 7783 1429 4864 -7365 -5273 -6383 -6812 8831 6514 694 7287 1971 -578 -4089 -891 6932 -6807 8044 -6706 -373 8693 5634 -3406 8502 -3329 7555 -863 3415 4746 7059 4839 8310 -8543 9956 -6322 -3065 8770 -9426 6915 -3218 -5836 2561 7434 -8284 -8704 -2608 -832 -5887 -8902 3275 -4097 -8913 2556 8480 5651 -5092 -9570 -7704 -4912 4133 4126 -5634 4892 -8584 2916 4380 -4686 -9089 -4359 9456 5047 6665 -6280 7911 9064 -1621 4348 -4516 4229 -9061 9551 -5831 9793 -2602 1576 -8657 -527 1541 -1059 2053 -3652 -4519 -5515 -3594 8333 -5722 9345 2563 -6144 -9545 1997 -8651 -8549 -4919 6611 4736 45 -1703 -1874 8431 -7336 -458 -3709 -3735 5063 -5264 5241 6864 3799 -7922 8182 -6037 5782 9576 202 716 -4433 5282 3002 5093 -7503 -831 2611 6305 -4466 -4184 -1276 -4629 -1669 6789 4953 -810 9707 2809 -7643 -798 9134 5931 2982 -9377 -126 -9227 -9193 8260 4005 -9288 -3422 -1046 -4755 -418 8386 -5338 -3107 2295 -8536 -8885 7644 7892 8750 3416 -9115 4752 8268 -6215 -4507 107
-3425 -7149 -5302 5824 5845 4568 -2596 -1280 7757 9116 718 -3908 9309 7905 -8536 -9731 8422 5285 -2319 8664 -2352 -7931 4625 3289 -556 1837 4946 4868 4536 998 8229 -7638 6537 -1172 -5730 4301 545 5043 -2261 6327 -2615 6379 7989 -2718 403 6422 8918 2535 4548 -7774 8144 -374 2419 -5703 4688 1619 9632 3117 8744 9330 8347 -3049 6665 -8729 9784 8402 -1069 3254 361 403 -4696 -8405 3751 2339 -8355 -4645 -583 -744 -4463 1348 6317 -3909 -3097 -9298 -584 4377 6782 -4157 -1989 5883 -5878 6684 1380 -4236 618 -4645 1524 2122 3864 -2210 9201 -7627 -7271 -8257 2370 -743 8100 7220 -4092 -8617 -8344 6569 -6999 -5729 491 4702 -4430 -2802 -5045 7584 -9487 -3709 2248 2528 4700 -9651 -8575 -4818 -8047 -8311 1896 -3597 2276 1831 -9841 -8900 8931 -6696 -6947 -1984 -6097 8791 7480 6480 -8988 -2478 -5163 -2849 8818 -6957 2243 9876 -6381 -6848 379 -4113 -6166 -3244 -1080 5921 6523 7953 -1612 3668 3154 1576 -305 207 5397 -9281 6040 5186 -8844 -4373 -3041 1016 -4529 -2674 1323 -4830 -1816 -3415 -3310 4034 -3713 -3459 -3734 3780 -9700 -963 -2026 -6521 -8784 1419 2360 9428 -7337 4972 -9645 -2434
-4358 1766 -7633 6448 -2228 5072 6020 -5167 3124 9517 -7979 4271 482 6103 6908 7337 -4286 -7595 -9374 -6219 -9663 6852 6809 2413 9600 7434 -6612 -1133 -4832 -5305 9603 -6138 -9178 -998 -6097 6132 5145 -7242 -52 8124 -905 8297 3830 -5294 -3749 7745 -3449 8334 7329 1263 -9417 -3291 -8290 4997 -5665 1203 -8740 232 3825 6405 8084 -3224 -3112 3250 2058 5833 -6808 8611 2431 -5334 -6165 -151 -3787 7016 -4623 7209 9331 -9153 746 7429 890 1733 -7090 -3010 4368 8124 8705 -1222 7756 -3212 264 -7947 -8796 -6079 -6385 4898 -4631 -4981 1195 -20 1053 7202 7610 -1342 1107 7917 -9086 4448 -7410 -4339 -571 -7470 -2965 -2168 -1227 721 -1309 9850 -1513 1660 -8563 5082 335 9507 620 1438 -2688 -9514 3384 4456 4163 -4418 7158 4034 -5981 6673 -3283 -1820 -1252 -4175 7762 4923 3469 9069 472 -1386 6142 8607 4365 -4308 2087 9708 3254 8677 2058 -1318 -9805 4501 -8437 4762 -8296 2401 5969 8979 -5389 -8131 -6592 4063 -9242 -3220 1913 9396 6454 511 -7114 -5498 -2262 8629 -3997 -7918 6858 5773 -4497 117 -5208 8730 -5755 2889 2491 8914 -8726 -4894 7827 5336 -6938 2222 2822 6141 -5455 7750
2982 5842 6367 2660 -7410 -573 8296 3731 -5126 121 601 -8965 -8991 -7851 5315 9877 654 -7499 -7666 -40 1167 4856 2901 760 -8759 7052 -7904 5178 -8701 411 6002 -8771 600 5655 415 7322 2765 -8622 -7119 -2312 9054 8861 -253 -8234 4203 -7383 -5009 1013 5154 -9719 8274 2090 4849 3590 8387 -8157 -4968 -3618 4128 -5781 -4232 -4685 -6392 -7228 9353 5053 -1506 8527 7791 1753 7948 1547 -9210 -2011 5281 -5389 983 -6237 3262 -6449 5388 8688 762 -3728 -9300 9386 -3657 1927 -7704 3547 9591 9917 -4581 -7881 -6766 -2574 7567 3935 1783 2989 9229 2175 1130 5075 -7191 3799 -8919 5785 9462 -6351 1991 1869 -5655 -2624 9559 -4272 -8380 1297 -8514 772 2364 3613 1264 -5225 -8500 8490 -4156 -1028 -4663 5718 6310 -6247 9700 6728 -2447 9845 6837 -1908 -3932 -7251 9596 469 6374 534 -6041 -2276 2598 -1350 -2580 -5372 -1460 7693 -1664 -1890 7684 -8921 6271 -9579 -7086 363 -9328 681 1755 7637 -7195 8371 -396 377 898 988 8762 -8748 4554 3583 -7746 9710 -1148 -7177 5296 -4614 5207 -76 5823 -7652 -5562 2674 3711 7508 9489 4000 -8545 -1115 -8486 -7919 -326 3324 9307 1726 -9418 -1542
4264 7865 8743 3606 -6412 7455 -607 -8978 -4206 -4194 2843 -2016 -9247 4308 -1627 -236 7837 -6369 7952 -1475 9079 -1453 -8206 7353 9195 -1929 -2613 -2952 -7353 8377 6785 -5257 8527 3890 6489 -6206 -4043 -6326 -2037 1239 5573 -6641 3247 259 -2343 -7737 8336 -972 4039 6579 4426 8790 -4137 -3328 1969 1041 3064 -6809 2397 8959 -7304 -8973 -5284 3649 144 1121 2431 -2064 -4510 9824 4842 -8849 4990 2975 -9049 -4602 -9226 8567 4134 8850 -9199 2831 8336 1830 -8239 1837 8388 4420 -779 -4860 -7019 -8895 2355 6099 -3407 3191 -1285 -885 9341 174 -7517 8960 8472 -156 1245 7518 -9480 -593 3346 8060 6168 3783 1815 4270 -9795 -6259 6364 4101 974 9109 8607 83 -5853 822 -1840 7247 9132 6259 4341 2614 -1975 -4141 7715 2771 -1820 -4377 9172 -4643 -6972 6970 -72 -305 -9546 5092 5715 -5876 -1199 -1030 -8199 7962 1985 8316 8217 7354 -8764 -86 488 7095 6612 8285 573 5615 -6996 3776 2668 6794 -921 -7130 -9683 4988 8762 9504 -6360 -7852 502 -2436 -4862 1201 -9702 -3973 -6227 3039 -7278 -7744 -357 205 9424 6927 2765 7606 6174 -5513 -9891 1147 -2708 -3249 2247 -8728 -757 9462
1781 -5636 5744 -3492 -8405 -3016 -4902 -808 -9102 8925 7423 -3540 -2199 2796 -7153 -5727 -5896 -4995 6624 -8530 5889 8906 -7887 5393 7310 -1595 514 -5980 7565 -1060 4684 5128 -8322 -5112 1628 -7676 5793 -8909 8288 5611 -4542 -2038 6586 -8864 5929 -1710 -3917 -4479 -9555 -5946 -4247 1608 -2332 484 4669 227 4266 2834 3198 -9506 4998 -4730 6615 9924 4091 -6142 -1304 -6212 -2224 87 7417 5381 9514 -4653 -4537 3824 9950 1049 -1164 4458 -1161 -32 -702 -3321 -2174 -6693 6366 -1566 1472 -2856 -5651 -1073 -7479 -7147 -9171 4185 -8741 -9017 -4745 1430 -5827 -2361 -9374 -7414 1272 3921 -1771 -965 7768 -8081 2014 -5245 -4353 -844 6642 -1092 8036 -6334 -5143 7489 6940 -6574 2684 6695 1863 -4915 3071 1390 253 3232 -7164 -5298 1002 -4759 -7650 -4777 6763 4032 -6516 590 7359 -2694 -2576 -5555 9024 -9563 -2536 -3769 -6989 -9208 -3866 -744 -9868 -6017 -6514 3203 -2722 -6660 -2679 4429 1000 1673 9319 -4101 -4070 2056 -7803 -6136 -529 8048 8373 3000 3497 1280 3240 7429 1838 -9818 -8678 -4351 739 4539 1086 8227 -8760 116 -863 -1405 -4384 5767 -2469 5888 -7098 -7612 4738 -4937 2701 -5154 -3525 3282
6061 -3648 -5896 1529 5767 9197 2935 -6640 -678 5335 -3968 -4681 -9675 5765 -9766 -5398 9963 9243 -7050 -8733 -2728 7484 8126 3525 -8290 2171 5785 3406 -440 -526 1543 -8228 2895 5552 -5164 304 2117 -7235 4485 -8464 5754 3525 6803 5834 1854 8714 -2017 8904 -1439 8804 -2195 1195 5391 3073 1637 9463 4157 1604 2656 1652 1627 4074 594 4726 5630 -9669 -4035 -1326 -7223 2988 -2748 7589 6117 -1802 -5350 -3912 9700 -1050 -5911 -2142 9773 8968 -6662 -2066 6143 -9428 9443 -1655 -4769 -1123 -345 5120 3692 -5720 -249 6717 -2013 -6161 -8823 3197 -8999 -8929 5877 -8132 -5260 -5481 -37 9755 3175 9127 9614 444 2326 7170 -9343 -9875 -5775 -4473 8928 -3263 5729 -341 -4418 7135 9413 -2208 -6609 2166 1492 -7712 1494 947 -9639 -5312 5396 1281 -209 -2604 9294 -1281 3398 557 1655 -8018 1702 -1949 -3085 -5176 756 -9303 -7067 -3817 940 -5116 -1244 -8206 7246 4301 164 -4786 -5633 -8419 5713 6100 3056 -2753 -4912 -3458 1592 -5110 5479 -1639 -6493 -580 5010 -5876 -4186 -2931 -1105 8891 4223 9838 5117 4823 4836 -5019 1159 -2018 4408 -7384 5123 4243 6537 -6842 -2659 2039 6212 -75 7213 -8621
-8780 -6972 -5961 7773 3068 -3212 5668 1219 2989 -9467 6340 9495 4817 -7385 9040 -718 6521 1343 -8343 8545 -2752 -4562 -683 9661 -2094 -7932 4463 -7403 -7248 3292 9928 9455 -2907 -1806 -9421 -8405 -9167 -1137 -2816 2498 3247 2339 -667 8651 4317 4733 -6460 4899 -8827 9002 3537 -435 -4072 4613 1994 -556 -5683 5126 3131 7159 -1870 -8719 -3024 9118 9042 9170 9908 184 -259 5557 8047 -3590 8429 -7509 874 7640 -2353 -373 4894 -9694 173 4839 -1835 -3998 9261 3592 -5675 -4533 -3834 -9311 -9375 4532 2304 9615 370 9594 -5376 -5263 3223 192 9152 -9549 -3159 -2887 2287 7012 3883 4775 -8030 -5071 518 6098 1598 1504 9087 -3252 2556 1309 4905 -9399 -5285 -3384 9243 3371 4430 -1575 3564 -1098 811 -1471 -1143 -3166 5420 6268 7785 5136 4733 -4796 9809 9932 7208 -1698 7892 9739 890 -3841 -412 8366 -1991 -87 -8228 -9263 -100 7418 5489 -551 6025 -2875 -8186 4556 -692 -8158 5269 7772 -8428 3369 -4972 -7046 -1883 6144 9911 3607 9297 3132 7952 -8119 -2475 -4655 -4129 7762 -5450 9895 8357 8973 4243 2795 -2636 1345 6257 5400 9738 7930 9390 5546 -7017 -1123 9939 -6255 7281 -2417
5468 882 -2344 8064 1428 8964 8182 6451 4182 -741 8554 3203 7384 -1992 7334 -8174 4295 9433 6085 -4859 6801 5999 -130 -3605 -7963 6558 -109 3030 -7862 2651 1954 -2064 -3844 4127 4739 -5598 1876 2516 8380 4379 5629 4415 9953 -6848 8790 2690 8450 -455 5177 2354 347 -3210 8781 -9081 2026 -8150 1728 -3213 -1301 484 -6936 -6706 -2471 156 -9018 1902 -5626 3869 5355 7537 6134 5176 -5575 -313 -2216 -3907 729 -7743 5493 5986 -3744 6362 -7585 602 -9196 1307 -5434 -9606 -6365 -2700 5206 -5499 -8982 -9863 7134 -2774 -8989 9728 524 3280 -3554 795 2242 -2830 3378 2973 -7575 -6306 -3914 -2288 -6672 5474 6415 -959 -4224 -1378 -1705 4861 9951 -9443 -4663 -6121 -4593 -1353 2499 1976 8920 -7940 8313 4937 5198 -1418 762 -401 4449 5393 1453 -2219 7547 -9317 -8582 712 -1398 -7121 -565 5023 -1665 -5960 -6827 8155 -6540 -1590 8157 335 548 -7018 2247 9961 6303 5605 -7558 -6335 242 -4375 -1824 7905 -7463 -8360 8559 -9710 6619 -6293 8955 -6066 -3212 6801 6152 -9829 8465 -865 -7203 640 -4114 6208 4540 804 6534 2683 2326 3370 -7304 -6880 -9213 2448 -8086 -4825 6007 -908 122 -843
-6059 -3775 -5787 -9977 3810 -8185 -4173 -6420 8152 7370 3347 9410 -9355 -4056 9143 -8815 -7346 4619 2009 5823 6877 -6288 6579 -1736 -7157 -4797 -877 -8574 730 114 -8813 -81 7884 -5953 -8499 7138 845 -7271 6096 9806 6076 5544 9232 -2104 -801 -8267 7468 1649 -5433 8723 -501 -1438 -1080 370 -124 -880 -4052 6661 2261 8964 3437 -4821 1752 -7146 -8861 8425 1786 483 9625 8282 -2801 8984 -1071 6383 -4445 -3709 -9144 -7054 -447 -6577 9301 1017 -8750 -1028 -1731 -391 9255 720 -6002 -1128 7155 8246 9946 -7135 -2506 -7336 -3321 7081 8451 1962 -545 -407 8680 -6922 -2503 232 9976 6284 -2502 -3279 9902 -1821 -3053 4218 -1514 8218 -9841 7037 7491 -5541 -7315 8979 6292 133 -225 -7632 2042 -862 -9040 -796 -1369 5908 2033 -2973 6295 -3292 4085 -4183 2396 6660 -7187 -1205 9423 -4481 3532 -8613 -982 7993 7260 -5421 -2270 492 -802 8882 9756 -4815 -7495 -3960 3158 -2009 8909 6931 -3218 -8231 5749 -4319 -7968 8989 9340 -4292 -7903 -5428 9027 -7745 -4503 -3410 9781 -3445 -9174 8514 7842 -8110 -6498 7179 -2102 8080 -5660 -7010 -4765 1014 3118 -5978 6827 -4840 5960 -6547 5202 6100 -5950 -3244
-6461 4279 1728 -9113 -155 -2101 4285 -1492 1592 -1413 -2932 4689 2282 -7271 -8685 -4497 5996 -9790 -3961 -2584 -3929 4747 1454 -884 6440 -4311 3706 -942 -6238 -2216 3246 -7784 8070 6034 2006 -7420 7221 5428 -3500 -1956 -10 -5406 7880 -317 7124 7975 1625 -8763 -938 5497 -3742 8891 -5854 -9513 -1840 7492 -5519 6221 6075 7100 -8338 421 2917 -9945 7929 -9899 -1832 2421 4600 1961 1258 3204 2339 1237 6011 -113 -1552 -7894 -5421 -2770 -7948 -8926 -953 6871 5447 -8675 5953 -2929 3421 -7742 2229 -1206 -6357 4384 -9962 3244 -1472 -628 8643 -2699 -1709 -8907 753 5811 1980 -491 1198 -2819 7662 4080 7924 -8012 -937 8287 -4120 1731 4272 3643 9071 4179 -4283 -2375 -373 3360 6211 6603 -6847 -7676 -3331 3046 6098 4965 -3025 5330 3580 -3833 9345 6091 -1999 -5377 8383 5292 -1000 -3985 4839 -1697 2517 1834 8860 6682 4582 7011 -1947 9750 1628 -8450 8252 -2200 9563 3149 8958 -5748 8673 1373 3843 -1215 -1409 -6412 -8748 2917 7790 -1381 5109 9475 7480 2867 -4034 -7112 7103 5830 -1720 -9012 3105 632 9576 -3761 30 4715 7289 -6141 -7718 1448 -7268 -7530 -7769 -6985 1868 -3244 5282 -6801
-4113 4539 -2860 4251 6169 -7123 -4680 -9489 -6945 1179 -4693 1599 313 436 -4793 200 -5167 -1215 -4235 608 260 -1749 -5080 3957 -3436 5289 7209 5028 -8701 -2831 -2808 6127 -2339 5666 9074 5934 -9284 -1489 -8325 -147 3701 1229 8547 -4612 -1208 6259 -3564 5430 7509 -1947 -8015 9766 2456 9085 2697 1805 -5315 6447 1970 -430 -4558 -8694 8050 -8181 -7879 -4178 -4259 2283 -8521 5617 6457 9209 3789 4434 -6779 9656 -8458 9224 -4475 8193 7638 1129 -3729 -7493 3005 9922 -3929 7398 3083 7621 -2377 534 6386 -6037 -4022 -6862 -7915 -7695 4227 -6000 -7683 2237 8349 6214 7335 -3038 1058 -9954 6928 226 -4451 -1466 7085 5639 3895 -9021 1604 -913 -333 -9049 -4604 -6321 -9384 86 1114 6589 2435 -2730 8460 9409 7324 -3986 1737 6695 5396 4841 -4571 5214 809 -6357 3060 -2288 9933 -1100 3782 755 7364 -1791 8844 249 -146 7156 -5313 -3135 427 7544 9029 -5240 1384 1553 -8299 8489 -9954 -5865 -4389 735 -3461 -5772 4528 2424 -1832 2938 -5303 -803 -3272 3608 -4266 -9887 9998 -275 -876 8263 3171 7342 3321 68 -4904 -4100 4619 3148 -2229 -4709 6097 -4634 2801 4212 5730 8646 -1373 -8040
-4256 -2322 2319 5415 -4823 8943 -8892 2900 4544 4244 -6155 9619 -8539 8973 -9074 8429 -3974 8068 244 6188 2585 -2868 7438 -3421 2842 6656 3717 -1033 -3740 7234 -4339 2957 9686 8804 2213 -9516 8170 5113 -5190 4535 8651 2648 -7163 -5491 -3737 -3026 -3707 -5312 6831 -9897 -4732 4068 -2053 -7982 3379 -3879 -1813 2395 2143 8620 -4962 -7595 407 4074 -1205 7241 -9744 1496 -1395 -6360 -439 9077 -589 -4231 -7102 -2478 -9694 -7366 3449 -4004 3937 -4432 -5612 -9296 -7802 -9304 8540 8465 -5948 -6581 219 -7180 2446 -5180 -4916 7815 -1760 -7676 -2365 -4643 8120 -9236 1743 -6113 9670 -1904 -5885 8695 2478 8249 -7890 9040 -8642 9282 9533 1567 9144 -9706 4948 2920 -5218 2532 -727 -2684 1740 -3682 5831 -4688 -5316 5881 -1398 -4172 3751 7624 -3115 9763 -2263 -9664 -6749 -8184 -3225 -8561 -3145 5862 -4940 -6294 264 -4479 -3750 -6382 -7132 -6185 5695 4322 3563 -1393 -3662 -7437 7062 7975 -8569 7222 8155 1265 6139 -2890 3305 2223 -9623 4679 -2621 -3441 -8351 -8337 -927 -1088 -892 2814 8056 -3611 9948 -6368 2688 -939 -4447 4406 6815 -7635 -2939 9845 7475 -8952 -9279 984 9616 -9098 -8380 8349 6604 5263
3631 -7249 8759 5625 7041 8767 4156 -6910 -4060 -1889 1863 -4146 -5405 6341 6045 2189 -4556 -2909 -422 6060 -4950 -5268 5158 -6304 9994 5128 -3768 -7514 4070 -6445 -20 9898 -8525 7582 -9642 -932 7540 -2549 -4276 5810 84 -2950 -1359 2855 9696 1027 -4788 1968 6210 -4296 -2905 6942 4584 -6634 5645 5147 4972 -8136 -4377 2412 -4016 -2476 7314 2916 -1341 -2157 8796 -4528 9062 7429 9603 1418 5631 7854 -4124 3897 1400 6643 -5163 -4656 1677 6154 5886 2888 3238 -2257 -7024 -630 6895 -3774 3924 6557 6517 -7603 6756 -4111 -7103 9670 -4625 3171 3406 4100 -3054 -9202 -9780 -9773 -897 5712 -3299 2318 2748 5666 6895 -1420 7706 2453 2352 -758 8282 -5724 -5225 -5535 -2280 179 -9682 -9645 -2091 -3673 -4858 -9346 -9621 -2242 9223 7067 -2920 -6214 1065 -9443 -3806 5695 3813 -6230 6835 -7465 4418 2973 -4293 -7577 4821 -2254 9003 3842 -4050 3312 264 2270 -3670 1535 9994 2835 4056 2479 1892 -2349 9179 -5140 982 -2186 -577 -1615 -3010 -4913 -1103 -7761 4919 -8642 5151 1606 7146 662 3540 -5568 694 -2573 601 -1493 -2343 -2886 5229 213 8402 -6433 898 6481 5348 3020 -2542 9017 8362 -7536
5616 1631 6377 -7397 -5093 -3751 3102 9208 4854 7470 6052 3900 -3041 -9288 2869 7707 -873 -9160 2511 8209 -7066 6781 6742 8492 -4489 4727 -7099 -5901 -6136 -3988 -5680 3836 -9268 9594 -3846 -7768 -5558 -1297 698 -4190 2047 -99 4596 1697 -5095 8326 5793 -4047 4292 2364 -9451 -6858 -222 -5337 3660 -3979 -898 1880 5650 4462 -1401 -7677 7084 2125 4201 -9220 6881 5997 -511 -2042 3215 -6547 -3675 5450 -6462 8560 -4441 -4254 -5895 -7582 -1689 7379 3140 -9250 7113 3437 7152 3898 1669 -9734 -2510 -2874 -5793 -2790 -2715 3390 7578 4944 -6709 -3549 9392 -8830 3557 -9435 -4875 129 8244 1837 -2018 8878 -1623 -2148 -5634 -5178 3029 -4808 8579 -794 -5772 -5327 -1358 -1185 6079 5472 -8359 -9047 -6647 744 -9037 4063 -1993 -538 7584 -4467 -4146 4352 9514 26 -1209 7958 -7647 2163 629 -9619 8836 -9798 8268 8876 7305 -8185 -7991 -3684 -7037 -9747 4886 7729 758 -5352 8020 -5099 -5801 7198 -6707 -3762 7654 -346 2469 8846 6254 8776 4889 -8150 8201 8367 -8375 8733 4787 -7578 3612 3688 4228 -81 -4008 2163 -5712 -1760 5671 5229 5185 9493 5615 -4650 5642 -2013 -6230 5488 -1911 -1574 5601 6160
-1186 -1798 -5067 2205 8444 -7813 -6595 3604 9045 -8852 9568 -1551 -9142 91 -8267 -6547 -4200 8762 3291 -6371 -1949 -5848 4331 9236 -100 5591 -9142 -6791 3125 1518 4120 7320 -4301 3105 5923 -206 3968 -634 -2955 9308 6424 -8298 5892 8500 3283 6425 4601 -2758 7712 8907 8156 -6445 1621 732 3852 6002 -2786 6835 -675 9908 72 -3017 6526 3992 2058 -5407 -5358 -9245 7404 -6734 -7976 2021 1078 -1824 -5106 8607 8682 2540 -9575 -7234 9935 513 -3414 -8877 -1147 6368 3849 2627 4887 -5895 2781 -5718 -7671 733 7806 7095 3005 5564 4326 -8981 -5158 -630 -9953 85 -8360 -9393 -632 -7020 -6963 -1795 7906 5044 6283 6912 9257 242 -8564 9698 344 -534 -1774 8759 4912 -3498 6931 9285 7523 -1241 3656 1044 6621 -1200 9328 -7303 892 1248 -9514 -8437 7114 86 -273 -8754 -6635 -3134 9499 -5294 9077 -7635 8378 -9767 1957 -560 -4010 5451 7281 -2655 -6393 -8655 -5553 9691 -6961 -6995 -5020 -3513 -9895 -594 -8417 -1772 1787 5373 -5402 -153 -9890 5657 9796 -1325 8194 1765 -9450 -3944 8361 4733 3671 -3088 575 9341 3848 8249 -377 4396 735 -6967 1908 4125 8840 7365 8853 -3779 -4330 4242
8696 4358 -7140 7419 8375 2288 1078 3379 -62 6274 1149 2119 3871 6764 6012 4711 2744 -1236 3940 -126 5625 -8424 3714 -3483 -5996 1485 4607 -6721 9177 2140 5197 9560 -8723 -6341 -2961 -5550 2568 -6166 -5787 -8149 -7711 -9216 838 4453 -6026 -5723 4950 1260 -7413 -2852 4854 4157 4342 8632 5424 -9849 -1487 4847 -7144 -8834 -7234 -7402 2862 -263 -7136 2802 6323 3962 8392 -8280 -2120 998 -5653 8149 1163 -3754 -4218 9205 -9502 -9158 -3209 7361 4619 6518 -8625 -2336 1084 -2644 -8551 6482 -5658 5469 -771 8208 -9697 -5158 -6986 8689 -7264 -8871 1559 259 7237 8023 3022 -1501 -2927 3042 -6173 -3194 -7144 5201 8225 3380 -7932 6562 1872 5664 7748 -4431 5681 -4362 -5633 -6299 4138 8373 -6880 -8237 -4550 -9238 6672 4632 2687 -146 4336 6151 -155 1842 8225 8559 7831 -8103 -3976 658 9698 -9977 -8999 -2618 3062 -4082 -7228 -2573 -27 9447 7760 4716 5259 505 2268 4674 6967 -3858 7074 -1659 -7715 -5244 9221 -2386 -2157 -4690 2802 1030 -5485 6928 -8868 6851 6259 -7479 -9803 -8104 -1765 -9901 7135 -2442 -6552 -2339 -7539 7383 -2389 9969 3114 -4598 10000 -2629 -2891 -45 1128 2313 -5337 2769
-5205 -6169 7819 6542 5916 -1993 1197 2476 -7460 -3080 -1547 9881 -8775 4102 -2357 6874 -9798 -5131 6802 -2203 -6095 -712 -3027 -2736 9779 -9284 -2117 6401 3077 -9560 4521 -5763 7590 -3501 6644 -1598 6894 2549 -7121 3126 6258 -7519 9478 6102 -1535 -7134 2236 6410 -9597 -6467 -7523 -5477 5685 4049 -2789 -9549 -5742 -6094 4328 1818 -4133 -6195 4568 -4642 -9354 -1238 -7164 9730 3946 3415 7078 8859 4906 356 -5769 -7213 -4587 -6371 -9693 5236 2417 7777 4839 -8226 9886 9066 5068 570 -2567 6610 -8746 3357 9840 -2539 -9100 -645 -5495 1550 2250 1005 -7261 142 3182 -8933 6852 -3111 7458 -608 -6251 1855 7387 -7111 -7902 9295 2771 -6547 9153 4790 6691 -2883 9070 -1173 -2848 2470 -7313 -4548 -4351 -2812 -8886 -8606 -5169 -3877 7359 1611 8230 -1613 -2315 -2439 -2605 5059 -4920 3086 4232 2175 3937 8920 -5407 989 7844 -8465 -5026 -8157 4018 -9946 -7067 2315 -5713 3932 1076 4686 2586 8808 9087 -7538 8987 4466 -5881 3823 -7616 3128 8777 -7274 1017 9345 -2675 874 -5386 -5185 8874 -8410 1203 9282 7737 -3981 -1548 2540 4310 7942 -981 9653 -2065 -8733 5267 4604 4268 6194 -861 -7087 -7305 9897
-1428 -8730 9973 -2926 -98 -1673 -987 -4060 7733 -1353 9004 5911 7179 -9796 5548 -5088 7932 -3012 -5831 899 -7110 -4984 -2359 3217 -2532 6811 -2473 -5344 2785 -4799 -7145 8931 3962 -727 -2073 -4964 -8187 6855 -7416 -1333 8182 -6123 291 -501 -5392 -5750 7993 -9346 -698 -3504 9783 1684 -1600 618 -4338 -6925 -9234 -9821 -6302 -3848 -2618 -1737 6814 -7143 4678 2200 7239 -4794 5698 9358 -4923 -7833 -4580 778 8809 6399 -204 -2977 -2248 2361 2298 5500 6823 -4841 -9355 -6792 -9758 -5370 2432 -5408 5274 -9299 -5762 4135 -6590 -3271 -7721 9396 2498 -4949 -2487 910 -2475 -1330 5721 -5996 2982 8762 8204 -3554 -8030 -8448 -5602 -4899 9194 8764 2823 911 -7104 3546 -5979 -6073 -8589 3891 -483 -3489 2876 -4935 2153 9215 -6737 -9921 -8871 -8037 8621 -9625 -2031 202 -8629 9406 -1258 7396 -8263 9670 663 -8057 -3678 -7051 6380 -4361 7711 -4407 -2555 8491 2314 127 -1913 -306 -7533 8178 2199 8494 -212 1929 -6544 2416 5353 -9547 -6292 -9059 7183 -3108 1210 6292 1313 -472 -8333 2589 -3847 -9001 7193 4076 1098 8960 -4219 9604 1610 -1447 -9779 7896 -8970 995 -1276 -3565 578 -3321 3742 4851 2859 -7005
-1822 -6154 -5071 -2993 5314 8074 -8746 3186 950 -1945 622 2948 -7209 -432 6792 6113 -9747 -7456 -6759 -1970 -2770 4129 -9685 -4390 8125 -5171 4626 -6412 7693 2657 8220 -2798 5855 -4120 2356 5497 -7830 -6971 8069 -3901 4017 2120 -1467 -6616 -1198 -3520 3955 -1711 -3423 761 4993 -3257 1439 -1663 1585 2435 1100 2904 527 3609 8492 -6417 -2492 2220 669 -4759 -7216 7858 -3816 -443 -1322 8427 1619 -1742 -5025 -3740 7508 -5010 -924 875 -5458 -3560 -3353 5953 2433 -2840 2041 -9031 -4267 2944 1688 5948 -3216 599 6960 74 1526 -1058 3947 4162 -1753 -4591 -6508 -7993 -324 -4545 9198 -1648 -2736 -5196 -8375 -4689 6086 3089 5215 9062 -3497 7844 3654 7261 -4555 9642 -6799 9215 9195 -6236 892 -9719 7961 -7425 5710 8860 6206 -7836 -9795 6634 -6989 2821 -5151 -9719 -2739 -3484 -9892 -604 2928 -2104 5263 -9994 7229 1966 198 2457 -3589 8936 -6513 3502 -7946 8407 -3166 -2401 2504 3893 -5652 -2619 -6556 -1998 -3166 7974 -8610 -8991 -2095 4542 8873 -6129 -1554 1156 -1900 -1001 2728 6559 9400 9568 -8798 -1309 -5006 -5784 800 403 6442 9866 -4685 -6611 5324 -8484 -1526 -413 5908 -6013 -458 9482
9823 -7781 7193 4969 9538 -6351 -7626 -4517 -828 -7650 2857 2613 1737 6804 -2406 8479 3913 -5386 3752 -5544 5931 -8499 1331 -4487 9453 6417 -8432 719 5981 5848 -2049 -7929 -1778 -4749 -6498 5322 9739 3467 -8697 7420 6511 2455 116 4833 -1796 6642 -4876 4252 -6806 459 7863 -2509 -4298 6570 5950 -4555 2509 -445 -7339 -8109 5910 1328 3350 1346 -4221 2792 -674 -2308 8404 -3087 -5736 463 -6128 -7496 -3568 -1163 -2828 -8426 -2094 -2733 8030 -1869 -6508 -846 -674 3351 7842 -4688 5279 1554 5335 4801 -1654 -3696 -7079 -442 -8392 -6168 5609 -1759 248 -7685 1330 3888 6661 -7948 -2165 3173 7841 9240 -8006 -9604 -6527 9259 -6368 -8107 404 1664 -7314 5935 -928 -5044 -1230 2086 9304 3293 7689 -991 -1222 -1819 -8864 6741 -5554 -3926 7759 -7819 1534 -4853 -7015 1113 257 -7451 -493 -9657 -7264 -6581 3531 -7533 7644 -5669 -2501 -2412 -4352 -5752 -2158 5550 -5502 -1114 4324 -8085 2197 -3377 9089 6691 4681 -6843 1321 -2005 1489 9595 -7011 1146 9613 1596 -1507 9619 1297 9272 -137 -379 8180 -1744 -1056 2050 -2233 7532 5561 6564 1450 -5500 -8250 6512 -6818 7580 2464 -5789 -7110 9983 -3990 -1246
3872 -5923 5283 4958 -9930 8012 9104 849 -1188 -7871 -5107 3444 -1797 -3604 -6220 1168 560 -4311 -3964 -7528 4969 -3775 -4308 -5609 4697 181 -5924 3725 -5224 2300 -3192 5942 6454 -542 4539 4339 -6334 1604 -5768 -9324 8878 -694 2618 7236 -4292 5098 2363 -2377 -2622 -4651 -2132 5981 7659 -8198 5225 -6109 4672 -4741 4146 -5947 4032 8885 3565 -1561 -6410 -9744 -8871 8732 7532 -7468 701 -7661 -3772 -3538 2117 3225 3697 -4525 2602 5166 2562 945 -4293 -7462 903 -3449 1268 -6996 6800 -200 8170 6364 9282 1318 -9940 -6300 -5215 -2540 -1849 8566 -4959 7936 -6508 -1476 -6551 7497 4586 -4597 8441 8542 5965 877 7109 5246 3908 -1319 2816 -1154 858 -5367 -3112 5998 -9842 407 -2160 9315 2484 4459 9321 -5065 -276 5137 -5813 1566 9097 793 -1801 1516 -5692 4953 6634 -4023 7863 -3361 -8039 -6605 1270 6657 2893 -1519 -5651 -6644 1699 696 4863 1713 -2751 -7643 -6371 -7654 2089 8013 -8069 -9903 5459 3704 2525 9621 348 -4553 -6645 -5146 -732 3664 -3772 -3263 -7590 -6415 -7381 3590 -1873 6943 -7872 -657 7144 -8444 -5427 -498 -4044 2583 -4396 -156 8803 9002 -856 7071 -2058 -7949 8040 7330
-9002 -917 -2358 6533 -9000 2596 438 1023 -770 9313 -938 7823 1442 -7159 -1490 -1413 -8977 1229 1945 4650 -5252 2537 -5204 7607 5211 -5878 8992 1619 -1408 -2725 -9306 -5113 -5191 -6767 3266 -1377 -6131 9726 -8046 1296 2647 -2153 1053 -9045 659 9994 -2490 -8467 -3278 1083 7987 -3814 7339 -4710 -7657 4282 -2460 6582 -9840 4221 -5680 -8650 993 -7600 -7567 5051 -8000 -6037 -2560 -3003 3927 -3861 3004 -229 6816 -5018 5680 4322 -1612 1797 2825 -51 8788 -3451 -1378 -4445 -7100 5366 -1433 -8010 5361 -9562 -2397 -146 -232 3354 -5909 -1388 7936 2783 -6780 1351 -9330 -3544 -777 3510 -2553 4666 -2131 -2044 -3663 -9928 -7540 2355 -9180 -7909 -8365 -8201 -3567 6621 -9109 969 7932 -6626 4503 3178 1926 -5428 3038 -3087 6622 -7328 6289 -3708 -4649 -5196 -7397 8672 -2251 -6543 9132 -8587 -8348 5688 6853 9944 -4441 -7503 -2375 -7802 -8501 -2315 -5545 -1851 -1721 6760 4239 8041 -8845 -8661 -7653 -554 -1829 4983 -3212 -2085 -6548 -7262 -6893 -4688 8438 -9930 9353 -5226 -9734 -4221 3713 9862 -6817 -790 2382 9093 9847 -4625 9575 3675 284 4094 -5893 -802 -8193 7089 4279 13 -2252 4529 8666 3577 7933 -3709
9359 1920 -1396 6596 -2101 3575 7436 76 8880 9956 6661 5072 3610 7087 6236 8424 5880 7209 8235 -3145 8516 -7810 3502 -4757 -6036 -7485 4466 2837 -121 1030 -9751 3351 -762 -1953 -4760 908 -6729 -2672 191 3589 5562 5936 -450 -7737 -8870 -8518 -3940 -1146 -8012 -8797 -7245 -6027 -4744 3591 -4952 2707 -3887 -3053 1928 -8050 4854 -237 -929 -2875 6405 -7647 -846 7209 -4399 2705 5080 386 -9993 9031 -2691 -9005 7381 -2694 9405 343 -7829 7562 -2679 2002 -6283 3373 -5370 -1486 -6875 -68 6576 9628 -5929 9014 -45 5251 5597 -8246 4885 9347 -1776 -8866 9274 3887 8218 937 -4609 1468 9632 6489 2851 3671 6630 -893 6314 6681 6753 3431 -5850 9953 1546 -2979 -2330 2978 -5851 -6482 2155 3063 8696 -9331 1266 4812 -138 2792 2693 -8412 4691 8569 7371 -6352 4687 -6165 -4085 -3878 -1810 7860 2987 8274 6115 -6187 2251 8853 2453 -9269 1308 678 -2200 -8621 4879 7919 3466 1889 -8362 1348 -4463 -7497 -6791 9856 -2248 8889 -4095 1055 8794 9910 -9161 8182 -3649 -3426 -1804 -8356 -2761 432 -4842 -3129 -5570 -1285 679 4 2624 -7108 -5106 -9700 220 4849 8754 3210 -7340 -710 -946 -2000
-7438 -5088 6177 1021 5277 -4710 -5627 -9271 -2946 8655 8410 5156 4919 -1415 4825 502 4663 -7807 -8223 -9669 3395 1148 1041 -6510 -9361 6289 -82 3122 -1275 -3696 -2757 -3726 2562 1957 -1120 -1218 5998 2521 -9691 7618 -3152 -2768 2782 5229 8255 7496 -8970 -6418 -3770 558 8614 -533 9605 -9147 7362 1538 238 -2951 1342 836 -8517 -3201 -5805 2541 4555 9458 -4091 8052 -6893 -4137 7956 -9152 8670 -8113 2818 3566 -3401 1836 -9399 6484 8150 -6576 -3866 -9485 -7360 7621 -8935 -2005 4376 -4202 328 -6681 -1815 -3903 -2297 5037 -8450 1245 -6978 -1283 122 -4384 9692 -754 -1686 -4357 -9368 -4709 -5841 -6326 -5250 -5837 -3690 -4004 748 4605 -9377 -8714 5428 662 -3210 5806 -390 3766 2240 6990 -867 3742 -4010 1664 -736 -7943 1803 -4038 -2305 -5234 -2179 6121 -5829 -129 145 8447 -1998 -7550 -8677 3101 4900 -9963 1863 2721 9943 6451 9035 9758 9187 7592 3620 -7116 -8000 -7828 -2710 9078 7237 -7498 8675 -1915 7897 3559 -54 -7498 -9152 -9247 -6285 -7182 7407 9021 -9945 9972 -8643 631 -3130 8686 1957 7466 -1965 -6914 3524 -1113 2785 8239 -3608 -8476 6473 -177 -7552 -6757 -2428 7716 -5664 -5735
9477 5081 7050 7382 -653 -6476 8395 7782 1395 -4759 9540 7198 -7787 5531 -8244 5130 -6064 -7036 6121 -9111 -9687 -4084 2379 -9186 9960 564 5568 -1686 8503 4593 -5913 9851 -3255 -4293 -2106 5782 -6879 8668 2104 -4632 -5477 2821 7371 -6304 -6070 2994 2784 -4811 -2067 8832 9872 5110 3758 1856 -511 3054 -8401 -9797 -8664 2465 -258 1756 901 2484 2225 -1455 -7806 -264 7006 -7032 -9016 5579 -8720 3577 -7712 6598 3924 5080 4497 809 -598 -1803 6668 9603 4773 -9744 -1500 -302 -1731 6533 1906 -9282 6022 -3092 7883 6509 -1604 5712 9163 4548 756 -6458 -8860 5365 -7004 3426 3478 9958 1374 9755 -7813 4541 6807 1628 -7890 -3582 1962 9417 4864 1976 -4253 7268 -4609 -6734 2503 -569 2719 -2582 5935 8216 1472 -4089 9383 2038 4006 265 9588 -3123 -635 -6472 -9147 -9082 1264 3275 -5260 -1868 4676 -7933 -2207 -431 5094 3748 -7020 3291 3006 4477 9435 1771 -4776 -2847 1561 7299 8948 8755 8510 1858 2021 -3936 6894 7822 -562 9796 7865 3383 -4276 8717 6176 -2803 9476 -4544 -1473 791 -8404 -3734 9565 2903 9233 4397 6063 -7850 1302 -8211 -6959 2315 -903 -8659 6231 -8281 8475 6486
