200	200
9785 -6538 -3523 -6369 -3729 -6590 -6734 2816 -895 2391 -4763 -4637 -8414 7796 -4634 6846 7106 -8145 6218 -1730 5340 5743 -2765 3646 4212 7325 -3230 -7477 -4762 -1577 -4911 3020 9739 -2318 277 4518 -9591 2661 -1434 -3555 -726 5598 -9634 -6651 3011 -6113 1609 -8380 3527 2937 -4155 -1100 9973 6338 9545 8431 -1311 2949 6037 -2194 9306 123 -1583 -18 -4995 3215 -5597 -2915 -6093 9618 3643 1330 164 -8108 -7789 7585 -15 9769 -9074 4488 -7411 -1005 -4872 -6640 -3244 -7677 6156 -9790 4096 6446 5723 -9828 -7884 -918 -9047 2757 -7927 -7079 4621 9465 -781 -7784 8208 8577 -7999 796 -1485 4838 9791 6136 6796 -8713 1932 2779 -9651 -70 2013 680 -4803 5995 -4213 9815 6993 -1887 -1063 1113 4878 -6337 -2756 -638 -4092 -4937 864 -6812 5330 -9452 -7063 -2455 1010 8527 5195 -3056 8961 7857 1700 -8036 -6390 -5265 7849 -9863 4249 -4019 -3507 -8241 8649 1466 -8495 -8539 -2719 6168 -1567 5422 -9540 2271 6906 -5102 8156 -8232 3806 3757 -7058 -6129 4241 3417 3181 9412 -9930 -8851 -1127 -649 -1378 9997 6988 -3443 -6019 103 8457 5684 48 8014 1516 -3017 2122 -4096 -9829 -7658 2233 8280 -1137 -305
3106 6776 7297 -4001 8167 -4495 3405 3036 -1839 -2385 1904 67 -705 -1471 -4598 -6241 4111 6721 7892 5539 -6901 -5040 1033 -1050 436 -4902 -5475 5576 -5633 5078 -6694 3736 2744 6939 -4889 -4445 4737 569 5957 -7801 -9774 -4804 8029 -4562 929 1191 -1124 1438 5752 -6297 5638 -2523 -5795 2473 -201 -6113 8167 1055 -3013 7532 3287 -3018 1925 -7941 -3545 4904 -2442 -3590 -6708 7495 7995 5399 -6808 -3770 7975 -8106 -6508 4012 -1397 4225 2511 -7863 5740 3720 6935 -7364 -446 1815 -9082 946 -7918 402 1845 -9555 5740 7125 -6843 -8161 4664 -940 -689 4996 1557 -5448 6458 2152 2237 -8085 9661 3617 1322 -1183 4016 -4398 -3970 -4882 -2668 8082 -7230 -9563 3568 4083 3080 7149 4124 -1748 3812 -6353 9123 5098 -7407 -8954 -5076 7167 5858 -4761 9991 -392 1771 1244 6720 4467 -6927 1272 9480 -2720 9885 -6183 6087 227 -4108 5328 -356 4791 5294 5551 562 -454 8777 9116 8715 9045 1137 -6163 -9545 3089 4633 -6078 -2797 9468 -6090 -119 -9248 -3780 6748 -5873 -3583 -5 4317 9339 9900 9634 -5638 2975 -3792 8372 -73 3035 8743 -1922 1963 -6277 6156 4147 4743 8279 6295 -5608 7029 -1778
2989 -8687 2387 -686 2164 5620 -91 -6954 2033 -79 -6497 -2660 -3252 -5014 226 4299 -5849 3900 6382 -4673 6677 9449 -5824 8454 -2084 8359 6584 -5877 -3124 6229 1789 8673 -5083 -6671 -5761 -8151 -9924 -19 3608 3026 4272 6228 -176 920 3982 -7037 -3200 -4844 9073 -789 1550 -7208 -7279 7799 1125 -626 9394 -8842 -2182 7280 -5105 -6295 444 -3115 -2771 3494 -1225 -1435 -7770 -5969 1982 -4747 3782 9935 9641 -9445 -2660 -4766 8817 9832 -7908 914 9210 9609 -7791 -1408 430 4301 -824 -4653 2292 -2170 -2090 5570 9942 104 -8185 -9192 898 -9707 2990 2347 -9851 1444 193 5200 -7483 3325 2521 3956 -3384 -6333 -6339 5977 -4828 1700 8719 1931 961 -4369 -179 -1165 3494 -9131 4948 -3950 2348 -3337 -21 -7009 2512 -2569 2497 -3843 5640 2518 -9920 -9145 2196 -3837 8027 -2701 -1587 -1385 1032 -6205 4500 -1842 1693 1095 -3620 3494 -4894 -1629 4473 -4604 1678 1736 5296 -8046 1626 -6745 -9675 -3354 710 2008 1942 4801 5935 3246 5015 3195 2488 1544 -6808 2035 -9421 -1635 -721 4760 -772 -3043 -3785 -5096 -4427 5127 5106 -7756 7068 -1052 -2795 -2542 8922 -469 -1748 -5149 5387 -5299 6303 6982
558 -9448 246 6244 195 5648 -1579 8750 4114 3912 -9567 9 -9739 -1519 -8887 4802 -2241 1058 3042 7599 -3552 2830 -6239 -256 -3481 -496 -5804 -5929 -7260 8186 6376 -7483 -9900 8590 -6147 8531 9957 -5318 -7762 -1369 1039 4613 -4903 4782 -2813 -6328 2109 4910 5257 -7636 -6320 2092 3104 -8101 7528 -3680 2509 5625 -2033 -8491 5413 -9656 -5280 2632 1463 -7938 -6361 6449 3265 -6933 9436 -9041 -4016 -2118 -6407 6406 7274 8798 4992 -1534 8490 -6489 8386 -4049 -8665 -8054 6343 1429 560 8143 667 5847 9794 -8387 -5225 1542 -3171 -8240 5801 -3572 6491 -1063 9646 -2515 91 9853 -759 -6881 -2290 6805 6273 4685 2010 3569 932 -2754 -3894 -468 -6324 -2237 -6538 1969 6106 -9773 -4141 7170 -8996 8044 -2985 -5766 814 -872 -6199 8821 -7898 -7450 -3557 -3473 -6524 65 -9272 3298 -7436 7067 2465 -1861 51 5177 6421 7757 5994 2451 6560 -1493 -5264 -3786 1772 -6384 6377 -5940 -2576 5184 -1739 -8222 94 2539 -5356 2526 -2660 -8920 -5419 9795 8300 -2704 -5535 4333 5048 2605 -3577 3997 -8504 8302 -3435 -1320 -2476 1630 2262 -4337 -5613 -1636 -4261 -4223 4100 -8304 -8419 -2957 8408 -4039 -9718 6330
6775 3845 1344 9256 9358 -847 4920 -8823 8224 3406 -5698 -6980 -4129 -5976 -2023 2587 -2256 7163 9768 -1764 -1772 8353 -1899 -389 -8922 4271 -9872 730 -1932 -6884 -4523 -670 -3232 5946 470 2038 -4026 -28 1588 5869 1816 8006 -1624 6450 -3466 955 -3282 -4705 6100 -3173 -2991 5777 -6776 -5569 -7614 -4817 -2680 3838 7147 4410 -3830 -6289 -3230 -305 3036 6229 -7464 1793 7501 8197 9494 3797 5030 8302 -1398 4147 5795 -187 -3496 -9673 -3307 1873 8687 -9076 -9159 -9520 -4874 4836 7112 -98 2724 -564 3062 6745 4921 -5656 -5349 5697 8278 8389 -4829 9882 -4185 -2321 2964 -883 5161 5775 -6597 6346 3955 -1671 8684 5828 -9213 -9821 -9512 -4599 8861 -1802 1014 4546 -3471 -2979 1360 -7588 -5929 3400 6207 6373 6120 -3997 -5823 -7037 2024 5761 224 3713 1831 -2805 -703 -5140 -9373 -5040 3219 9771 -6270 -6040 -6955 -7719 -5428 6129 9606 -6789 -5209 -3462 -1516 615 311 -3942 -9712 -9793 -3485 -8230 5051 -5286 -249 -8596 -2727 2999 -4489 4842 -3422 560 7325 7482 -9881 2203 -9660 1753 1490 4306 9819 1486 -7132 -605 -2751 -2200 5610 -7242 2291 -8504 2032 -7561 -9639 -7524 -2268 8024 -6099 -4390
-2065 8785 -4946 -4925 6929 -6322 -6049 -402 9362 -3927 7569 6683 -6236 -6789 5781 -5902 -2496 8936 5054 -5677 -2855 -7534 -8536 8998 5603 -1499 2441 -9040 4103 9545 -8128 -6358 5801 6297 3668 -5582 857 -8146 9790 -4197 6696 9037 -5911 4997 8002 1225 -2721 8248 -4356 -3787 -2076 77 9435 -383 -5852 -1934 -5931 -3870 -838 4489 3337 6899 -2784 5642 -176 7861 -3533 4901 -447 -1346 9579 8372 8690 -9037 6015 -9491 -871 2712 -4537 -8833 -9994 3998 -2767 6215 -1650 985 -9834 -2496 7253 7354 8982 4213 -405 6229 -8087 4231 -7424 -6162 1093 775 3844 -9220 -8295 1193 -3373 -2017 2122 3569 230 2629 7685 7915 -940 -4116 -5937 -4833 387 -5280 -2995 -5854 2959 4409 3140 3378 4377 1584 -3561 8144 1687 5267 319 -7634 -6957 -1475 -5231 5193 -9775 9440 -3365 -2455 1000 5049 -6015 -1766 4360 -4591 4498 -7972 857 998 -2272 8651 9521 -5025 8779 3366 -8285 -78 3315 5781 8330 -5001 -3150 9183 -4907 3837 7201 -5516 3506 405 3871 766 -5701 6634 2818 -3867 1076 -7356 -5427 -5341 1462 4936 1626 -7495 7000 -9514 1783 -6957 -7313 -7536 -3205 -7297 -4073 -9396 403 745 1810 6501 -7286 -2372
-5848 2689 -1358 9611 7535 8788 -4220 -1277 5342 -4983 -6627 -8295 -5335 -8642 -3601 7474 3964 2548 -6071 -971 -3562 -9312 7716 -1222 3869 -2748 3945 -7791 -7091 -8226 8595 1399 -9996 1349 5704 -8251 -629 9475 1471 -801 -169 -8657 -6193 -127 478 -5344 2438 7348 -2419 9129 -5246 -9871 -3763 -7340 -7560 -5526 3594 5526 4433 -7566 2559 6043 918 2402 3672 2067 -3812 -8619 -2451 -641 -2953 -7059 3294 -6142 -1266 1550 -9914 -3537 5623 -4503 7840 -6758 -5397 6578 7270 9110 3796 9104 2333 7895 9451 6173 4796 -7672 -5217 6269 8493 8328 -7783 -9784 3674 5213 7655 -3793 -5037 -6328 -3223 401 -5866 -6156 5602 -337 9767 -7087 1364 -3775 6614 7754 -5877 7390 6153 6679 3704 -5629 9842 -8599 -4825 -8229 2961 -8423 340 7253 1726 -5889 -4142 7508 -427 -1478 4011 -4074 999 7610 212 -8661 -1634 -6190 3602 6594 7160 6942 9330 -8301 -8712 5187 7311 9381 -3917 -2179 -4189 -4648 6035 -4732 4248 -4216 -3716 2892 2925 -8251 2306 8798 8526 -7132 1911 3042 -3466 -6787 1960 5303 6253 9760 9473 804 4486 -4604 -2211 9779 5150 -3421 1044 8571 -4981 8334 394 -3961 8701 3731 3686 -3768 3572 7220
-1114 3540 -6260 1835 -4802 -5249 4391 1526 9732 -7259 -9424 8944 -9725 6545 -7124 -487 1702 7547 -1017 1571 2480 4714 -7593 -968 5163 -6606 1994 -4916 -3210 -635 -1165 -5517 -2620 -7216 8421 -1434 1229 9623 6368 8759 4704 7586 -4526 -5114 6259 -3301 1957 2389 5445 -2527 -2190 -6620 7204 -8388 1247 4911 5570 -1885 -2856 -2235 -9286 -6475 -5333 -3308 -3960 -2621 -9348 1867 876 4715 2099 4255 665 5818 -4206 487 5683 -1191 -8624 5934 5631 -2424 6539 5730 4103 9250 6950 8000 3545 -2775 -5982 5701 -1850 4034 515 -3607 5968 5203 8591 7456 -7883 -285 -6933 -8466 -9472 8339 9482 -6557 -555 -2962 3232 281 2355 -10000 362 911 -8726 -9868 3647 -8159 -6757 6696 9087 7063 9801 -8881 397 -4557 284 3148 8548 -5767 -841 -3450 -5068 -3959 -2987 -804 7953 5622 -7739 -1472 7125 -9055 -7321 8781 -7438 9420 1435 7354 -8649 -5183 -7206 1101 -6484 4936 -3963 -1372 -1300 6854 -9453 896 -5462 4009 6906 2638 -5391 8966 -7656 7389 1655 9723 -2091 7601 3132 8535 7027 -2377 -2267 5637 -9957 9641 -7589 9956 483 5001 -1554 1622 2909 -2671 -4112 8286 8004 -2072 9507 8946 -6772 9455 -1258 9081
-1808 5881 9452 -4933 -9945 6263 -6697 9145 -2112 -7567 8632 -5146 -2352 -4335 9585 9628 -398 -8142 -6945 8495 9980 -7844 8106 6026 9663 -7108 6099 -8049 -5395 6143 4708 -4517 2735 -1891 7675 7870 7390 8208 8631 2262 8490 -8858 -7219 -647 -219 1513 -1689 8616 8260 8381 173 1728 7036 -2755 6229 6323 -6554 8584 -6387 5129 558 6674 -6935 -2174 -903 -1907 7869 -4339 573 -3134 -6775 -2025 3405 -2163 3892 -5816 8044 -8442 -3469 3556 -6791 256 9476 133 6655 -5130 -9814 -9305 8043 -4858 747 9509 5936 8378 -7992 -7252 3069 6245 2034 7738 7471 5363 3980 5252 6137 -1760 8029 -1338 -3035 -4329 -8605 -5875 -6242 766 -7005 -9959 -2104 -5836 -6917 -5880 -7736 -1158 2786 -5626 8500 -7422 -7520 5044 7213 3910 -7076 -2349 5881 993 1654 1356 6338 6080 1718 9367 560 9495 1057 -6172 -9435 9391 1887 -7049 6297 -6936 -9097 -8251 -1058 9424 3451 -9027 4379 7822 4249 2214 -3439 -5204 7349 4359 5833 -107 7025 9303 -8349 -4114 -4229 -8517 -1246 -1796 -3974 4811 -624 3521 -8552 7842 9380 5603 -1973 8138 3598 7158 -2289 1245 -8604 8185 3996 6615 -2460 -798 -1864 -3092 7682 7540 -4581 9415
4521 8072 9009 -5533 -4894 -7955 3743 6335 9206 -4765 -8327 -6726 429 259 -6234 -1768 -2332 -6467 852 -7911 7202 -6771 6619 -1667 2162 -4820 -9711 6267 -2447 -7924 -9496 5338 -1983 -8424 -4798 9195 1473 -4110 2426 425 -6294 6632 -2584 -6499 4515 7903 -2425 2561 -4023 -6891 7734 -4524 6091 -5376 -1134 -6798 -581 -9976 -2543 -5201 8358 -4567 -3219 -8943 -2582 -9220 -3907 7252 4580 2790 -5735 6405 6929 -5302 6733 1126 -4883 8136 -5199 8488 -9536 9349 -294 6945 -9137 2605 -5485 1074 9741 1234 -6384 -7660 -627 -380 -6611 -9764 -7667 -553 -8683 3722 4043 -8857 1128 -3239 9629 4645 -1946 -2707 7686 7283 -2672 -7180 9849 -6374 9268 4733 -3748 4320 -870 6288 2289 -5362 6454 -7474 9746 7278 6756 -2857 9839 1496 -1696 3186 -9002 7613 1963 638 -8189 4825 2965 -4171 -6412 -1642 -3889 7850 7006 7343 -344 -571 1210 460 -9666 -6543 -4815 -7552 2986 -8662 9945 6096 -6309 -7064 -6984 -1563 -6680 6446 -9066 1017 3461 -8827 9535 984 7128 7607 -4769 -6807 414 -3183 8464 -7062 7419 -8644 -1372 -9706 -1678 -4495 1373 -1594 7080 -4563 -6539 -7877 451 3907 -8386 328 -9862 4327 -213 -9736 724 3536
1176 7164 6792 8646 4640 -1292 -1441 7770 -6385 6028 -5406 1285 -7692 4226 -9327 9344 -8407 5584 -2101 1394 -6394 2547 8028 609 1148 -4080 8166 1669 -5854 1108 5016 -9417 8616 -2168 -5274 1554 6425 5916 -9243 -2472 8922 -2179 6381 5133 -8123 -474 722 -2058 1846 -4084 -8552 -8315 1204 1545 6299 9168 3619 -1896 7752 5438 8985 73 1739 4317 -2192 5310 2346 367 -96 -2129 1642 3841 -6494 9895 -9859 -4523 8661 -8209 7522 7003 -8651 -7106 -6501 8965 7700 -7929 8891 154 5210 8086 -3388 698 -9484 6559 5339 52 -5321 -7634 -7500 -6445 -1812 -3977 6201 -3732 -3432 1911 5020 2271 -5013 3305 -1315 9467 3345 6378 4397 -5302 -1538 2199 -5104 -5982 6486 4926 8689 -6701 7066 9588 5131 641 -4374 -5985 -4892 892 6568 3443 -4565 5929 -4127 -2304 -3204 3562 5084 -4173 -6081 1998 7210 3500 7939 -4981 -5684 -607 9136 8313 -1409 -529 -661 -3212 339 3102 2845 -1881 6326 7778 9108 -3084 -4514 2421 6540 3543 4019 785 -9058 8478 9024 5309 5614 -3719 5486 8029 -9710 5314 4691 2544 -3470 6344 7505 -8501 4627 -7624 3929 5786 -5150 1373 2015 -5418 -2012 -7508 -8661 4934 -5896 8992
-3423 8733 -3950 -3198 5797 5886 -4114 -3818 -9433 9276 -1737 7977 -6860 -8968 2871 2772 8456 -9762 7603 -8231 -3 -8296 6452 2489 9449 5351 -5520 4528 3493 -74 -4034 -88 9505 2917 6281 5693 8853 -3581 2718 4785 6809 -6693 6992 -7136 5748 -7151 -3180 -899 -6639 7051 9072 -9905 5961 -3023 3450 -8035 9791 8637 8447 -4446 9567 -5245 -8726 -4875 -1535 -1118 3999 3443 9145 -484 -2069 7231 4711 -6184 6641 -2307 604 -9451 2764 -8347 -2999 -978 -2691 2896 6522 -7974 9620 -3998 1478 -9262 5319 8925 6811 595 3321 -1990 -7309 5924 -3434 3163 5552 5991 1801 2103 9005 9288 2395 -5713 6096 6452 941 -8405 2089 5337 -6974 -8125 -7445 673 -9370 1001 -5382 3578 8099 -1869 -5987 5844 3034 -6620 9724 9835 7334 7194 7977 -5004 -5607 9043 -9019 -8868 -2518 -6802 5703 -468 6940 5692 3298 -2586 2699 7460 4111 9870 2884 -9712 9738 1733 -2339 -8571 9257 4678 6722 680 1143 -2070 -6142 -73 -7204 5789 5956 -7768 -8799 4397 5876 -258 5378 -6421 -6168 7212 -2053 56 8214 -5691 -6382 -8513 299 -1510 -5366 -8762 -3177 -2665 -9632 -5811 -8622 117 -4489 2844 -2044 8008 8503 -8341 5287 -3450
4824 5149 -8544 3050 6207 2638 -5828 -4747 2980 246 958 1813 5386 1855 5701 5536 -7640 -3966 1614 -3306 9593 -266 -2133 -5916 -2075 7356 5589 -9824 -9717 8401 -6853 7697 9360 3556 -52 8738 -8772 -9200 -7455 4648 -5194 611 -1727 3329 -1391 -1199 7107 -1714 -8852 7382 -5647 601 7065 -1831 8236 5180 -4548 -1486 4906 2551 8687 -387 -9893 -8499 -7308 3923 5822 -3390 -7530 -5607 2093 5192 -3683 -6008 4559 -8016 -1993 -4563 -9661 6600 7216 1213 855 1237 6704 -7838 -1082 -2641 9744 -2238 -8629 -1404 8483 2374 -6547 2211 -9418 9808 -1337 -7332 -3871 7023 -4699 -8945 3264 -2549 1232 -6913 -9689 6148 -311 6380 3882 -1105 -6541 8766 4375 -8934 9376 -6052 -2323 6352 -3603 -9020 25 8582 -901 9192 6473 -1962 -7630 -5837 3863 4430 6121 -136 4535 2569 2284 7116 1525 7944 3256 7922 7301 1924 7128 7209 632 4006 -8964 -2052 -9259 9326 4176 8266 -2139 -6903 8443 -8586 7816 6950 4745 -4207 -2366 -7001 1533 -4492 -3898 2968 4121 7793 -9976 1 4847 -2098 5765 -4711 7057 -6177 7312 6922 -7051 7939 670 5468 -1982 4291 3583 9772 -8251 6611 -5636 2343 -5239 7397 8151 -9892 -5166 2109
-6706 -5705 6172 7494 -1637 -2932 6947 -1141 2924 -5711 7712 5213 -4667 4887 -1368 -8005 -7469 -4589 2853 6078 5472 -5133 -1613 201 -108 3962 -6745 -6002 -4982 -9076 3297 349 5466 -4067 9087 -940 1596 -1524 3711 -5106 3631 8625 4446 7399 5796 -342 -9211 -2525 7725 8229 -8660 9566 8602 125 -3756 4926 -8302 3392 5067 -3297 -3969 -7176 -882 3849 6581 -8405 528 -3050 -5252 -3026 -7396 7029 -633 7576 -8671 9138 -8592 -1791 1761 8793 -9520 -5025 -8609 -6782 1444 -4163 -3111 6896 -1659 3054 607 -667 -6936 7738 4491 -4913 -3033 -8101 4546 722 -2445 -1802 2450 5232 -2503 331 8076 -2116 -9410 2918 -1591 8166 2454 8364 -7427 -8891 -5675 -5197 -1379 -6598 1546 253 -4109 -3434 -748 -727 4069 261 5325 -6678 -7578 -3437 -9134 6914 9358 -2881 -4122 -4907 1612 9249 -5943 -450 2611 349 3583 -1034 5924 9880 9762 1105 3510 4052 -7564 -883 -6386 -7891 5704 4555 -9698 -3483 6896 4302 -9979 9481 1401 -7323 3165 4274 -6850 -3782 -4676 7864 1719 8912 5170 -467 -99 7971 6501 -2201 -9889 -1732 7420 3598 7318 -7372 -5956 261 -8870 2204 5068 -594 -9394 9572 -2694 8815 -3327 -2182 -7927 -9444
-1261 -7213 8361 2607 7550 8839 -1985 156 -7071 -6326 5023 -4732 -6588 -6009 -5419 152 8672 -2086 8485 7042 1733 -8301 5028 1409 -6158 1498 3752 5578 5329 -7193 4046 3586 7605 773 -2900 -8750 -9914 5287 8654 3962 9640 8033 2144 -3503 2978 -74 -3624 6987 3436 441 671 -8870 -3712 9251 2884 -4942 -2351 -8480 -314 9698 5066 -4175 -1300 541 8037 -7810 -7190 8419 3453 2856 4546 -712 5291 1684 -360 -7788 -8290 3293 -5545 6468 6877 -1328 -8462 763 -9258 3391 -4363 6765 -4138 2866 -6324 -6431 3493 -2361 -4090 2598 2684 9379 7069 -3496 3256 4995 -9545 -982 1008 -6015 6367 -4187 6917 1821 1055 6338 2222 -1484 1912 -9142 111 669 -1722 -2440 9448 -7653 -6030 -3882 1411 -8377 -8997 4128 -7079 7896 -8248 2579 3030 8987 9776 4471 -8933 6546 8848 -7706 -4551 -6642 -9216 3234 5447 -7727 4859 -3932 -5509 -3448 9146 9159 -7600 -587 9068 9706 -8047 -1899 8834 8602 4734 -9660 6364 5230 1499 581 1845 7064 7057 3471 2411 -2590 -3558 -494 8250 8328 -8301 -8197 -7488 9447 6235 8003 1763 925 -3626 9347 -4013 -5814 2121 -5095 -3215 -9311 4623 1786 6083 -3855 -6104 6915 6224 -303
-804 -9275 -4858 -4157 9776 3778 9779 -6515 5658 -7113 -6485 -4579 6352 -4896 2228 4389 -7614 -6079 -2878 8429 -7410 8338 -9189 -8579 -6645 9928 9322 -1434 7254 2689 4039 -9046 6989 2411 -221 2152 -6632 -5695 6004 -8001 -9766 2425 -2250 9267 -8893 2230 -8635 5043 11 1527 -4760 9918 -7196 -9743 -1408 -3275 4834 -700 5938 7805 1940 3618 -3542 -3921 4718 -4334 4692 7657 7629 4479 -3298 7700 -1618 -5252 -3313 -9898 -9056 9368 4720 -7888 -3669 -1614 2176 -2394 -5021 -613 8804 6542 3075 3454 -6102 3746 -5113 3218 -8495 -5699 -8954 -807 5012 3193 8619 2758 -3165 5732 -3846 7046 -3429 -711 -2549 -9612 -2727 53 1821 -1214 -6146 -6561 1828 -223 -4843 4267 2322 8312 5081 -4646 -1416 3600 7520 -1813 -9379 3431 -1208 -7914 -2299 1759 762 2006 8378 3159 715 7608 6473 -7168 -2376 2030 -1803 -2591 -4070 -656 9427 8840 472 -5705 -2676 -1127 6862 7560 869 1721 -7516 7212 7266 7057 -4476 8359 9717 2795 7593 -1268 4770 -6653 -7473 847 -3519 504 5107 -5822 -1176 8428 9363 5740 -2285 7024 8349 -7516 8500 2251 -9530 9490 -644 3633 -5630 -5591 3819 -1759 -858 3954 9668 -984 -1880 -960
-8829 -8972 3120 5094 7355 848 3198 7690 1396 -8325 4278 -9763 -9151 3150 2470 8668 -1626 -4245 4478 -571 -1870 4912 -7940 8225 7674 2565 -1090 5784 7673 6106 3314 9356 -6456 8888 -2792 -6933 9862 6053 -4598 -6180 8014 -7803 925 -8297 -754 5103 1722 -1244 8602 -2061 5076 -9843 -2962 -5833 9193 7404 7021 -9198 2693 7835 -887 7012 3095 -14 3211 4324 4073 2508 -4044 4461 9718 -1969 4977 3937 -4783 9804 8061 -7339 5909 7500 8822 -7889 8826 -8023 2473 -2210 -2971 6102 4156 -1926 -4740 1722 8228 9317 -4960 -6095 8719 -6073 4363 -9142 5973 9266 -189 3874 -3236 4559 -1678 2086 8630 9082 557 -6905 3586 8809 -3916 -6043 -3032 -8133 -5930 -9211 -3643 1937 -5926 9323 -6223 3687 -6154 -6138 -8877 -8842 -4893 2249 3528 1334 2470 8498 3918 9713 -6021 5565 -8722 3055 6735 1497 -4971 -1121 9394 -3136 3112 6721 7016 7961 -2626 8465 8963 416 -8587 -3225 -9177 -1249 -787 -7130 -9038 7177 9721 -7833 3932 -228 3441 5767 -6228 -2191 4229 -4036 9936 -7540 3988 2451 -7980 9818 7716 -7746 -1840 8312 4483 5949 6045 7390 -6500 -2188 -5981 -6956 -2083 7950 -774 2476 -3861 -2149 5974 -1532
8565 7394 -5503 -4317 4967 -9392 -1563 -2206 -3584 8756 -5467 -1685 6807 -1163 6970 -135 8037 -3384 6666 -6199 2204 -7385 -3625 -1081 5925 -5304 -8595 -9736 5791 1005 -4809 9548 5615 5680 9668 -1505 -9766 5138 -7621 -2193 5707 -5517 3789 7901 4945 9108 -5545 5447 -3366 1374 -6584 -6200 -6470 -6695 7210 -6897 -6801 9677 5768 4304 -5619 4895 4850 2927 -3577 2611 -2962 -7319 -9042 3840 3603 -4882 -7654 7305 -8048 -7553 9883 7769 9505 -8846 -7366 6010 6038 5347 -3415 8739 -1203 -5093 -5202 -4928 -6287 -39 -5467 8959 724 6538 -7915 1723 -3236 2049 7242 -1555 6763 4001 9733 4811 -8747 -4446 5740 -2633 3873 733 -8666 -6920 -8170 4300 611 -9987 1612 6557 -1933 6738 -6570 -7532 -7159 -8750 -5255 -5160 -9670 -8809 -9607 -6524 -9843 -2411 -4065 9710 -5760 -7242 8720 -5894 2675 5027 -8393 2340 9466 7813 -1485 2827 -7933 -8505 -6811 -6477 4987 4401 -1525 8038 -4456 -9093 -9842 7826 -1683 4720 9282 1434 7202 7390 -8390 -3695 -6892 7869 -1666 -1152 -5856 -6125 5784 -7936 7506 4140 2832 2084 8785 -3409 -1290 5371 -4111 -1899 -7882 4954 7103 -5160 -5439 4932 3826 -1585 -5066 5059 -969 4729 -8122 -5167
1065 -1166 -1270 8605 -8011 -1989 3310 3961 4554 -4099 8094 -5236 9655 -2991 1282 6776 -3754 6673 7226 2721 -7498 -5749 6473 -2323 2426 3097 -7034 2468 -1614 -4311 1077 7927 -1202 -9083 5867 -4724 2502 8920 3102 -9420 1441 -7837 6439 -5407 6445 -3179 6970 -1889 3517 1133 3317 4375 327 -7135 2970 6407 1263 -31 9808 -2151 9481 -1402 1436 -6870 -3937 4983 2614 -2315 7126 4146 -8428 -2252 -5063 -2153 5125 7488 2861 6148 -4716 7664 -1418 3973 2622 4350 -7237 -4436 -6787 1831 -7678 -2725 9537 -1135 4879 6192 -1795 7152 1175 -6499 3368 8539 9825 5275 -5385 5769 7034 -9567 -8652 -3045 -8112 4637 9873 -7522 5474 -6486 3091 -5162 -8635 -1737 7429 -7711 -1025 -313 -5063 -2854 470 -9480 6264 -9611 -7581 -3418 -5793 -5992 6339 -9570 6967 3872 8289 -9193 -723 9798 7636 3797 6699 -1774 -5233 -7640 -5188 856 -7629 2304 -2238 8470 5978 -3431 -2575 9554 -9540 -5463 -434 -2336 9441 -1663 -6199 -7020 1347 -6182 4603 -6402 -1437 -5254 5152 4620 -9276 -1446 7187 -1840 -2596 -4309 -4220 648 3756 9122 -7414 -7144 9236 1544 -9077 3991 -8633 8565 -1659 -4459 3788 -3766 5170 -9086 -8367 -5434 9069 -5036
7621 3393 -1629 -8603 -374 1366 -9815 4460 -9263 2911 -6443 -5441 -6785 41 6565 6991 4592 -748 8892 5716 -3248 -3825 1680 8647 4771 2601 2038 -8832 4871 6280 -4974 -7719 7204 777 -1741 -5077 7284 215 5283 -1167 4677 -4415 -5827 7960 -2438 8549 1648 4196 -2222 -4145 8578 -3469 -5948 -3617 -1057 -333 7419 4845 -3240 -1628 6251 8756 -9073 992 -8847 5497 -7573 3729 -3550 -3836 -6064 3503 -6298 -9324 -6400 -6255 -1279 -5816 -6217 -1568 5807 4268 -8148 8708 9644 -7708 9590 -5036 -4438 -7950 7961 4683 3178 -1797 -9353 -9247 -424 5227 -2078 -1268 6912 3360 9784 -7123 -2999 1867 3659 2314 -6345 -9423 1124 6671 8714 6002 3513 4699 4922 -7466 -3532 7393 -4958 5258 2619 -2968 -8645 8992 -7911 8953 711 3848 -4126 9310 -5820 3759 1 -6878 7135 -334 7888 8076 907 -6616 5846 -7024 6961 -7371 5396 -4298 9444 -4994 -6265 3609 2180 -8623 4175 5774 9054 -7900 1724 -4878 -5096 3652 -931 6428 6944 9275 -1695 -7385 -8196 -2971 2818 -636 3804 -7300 7453 -9306 -8719 8765 8166 7429 -4128 -2432 -8103 -3903 1116 7336 -6413 -393 -7255 -3046 -5566 -9692 -9656 -3245 -2176 -6862 -1570 -2157 7885 -7903
8307 -7795 3645 -3740 8480 -2791 2040 3310 8305 -6446 3446 -2056 163 -9682 1369 2118 5849 -9505 -9898 430 1072 -4563 2995 -9234 5741 3234 -5045 5675 -1021 3019 3974 4512 471 6147 875 -5597 -1660 -73 9523 -7500 1428 -4737 -7314 -4830 -4147 8930 -7020 -6322 2368 -9988 4292 8614 -964 -8680 -7744 1208 -2064 -9642 -9164 -5978 -6452 -4382 7843 1968 1933 1716 -6893 -9038 -8660 5578 6398 -3886 -4493 -5025 9670 -9295 -8739 -9124 -4030 4825 4546 118 -4483 -6930 -9038 2699 -4257 -4331 -5739 -7296 3771 5090 -7866 481 -5752 -1991 -1550 -5627 4565 -204 1619 9211 5571 -3210 3992 755 -3852 9752 -9468 -9638 -4815 2631 9314 -2893 8282 4049 -2430 -3175 8686 5248 641 8901 1325 -1401 -2463 8005 -9131 -1006 -2516 5948 -2262 9959 -6263 5945 -8338 -593 -4814 9517 -1240 -8246 -4935 -2050 6566 5970 -9433 7891 -5876 -781 -3104 -8712 -723 -1013 -3413 -8492 9600 -4686 6290 3436 -1891 -74 5013 -4438 6409 -1795 6801 -6089 -54 5097 -2430 755 192 6886 428 -4196 -4446 3899 8995 -9698 3749 9060 -831 5669 -6277 1443 7278 -4398 8528 2969 3563 -1038 -2915 -2602 1730 8754 3848 -9138 -5413 -5504 6507 -6762
4484 -5199 3685 -4657 -5091 -2883 4880 2084 -2138 -5982 -4572 3057 970 552 -7932 909 -9217 3769 1164 6337 -4116 7097 2721 -4424 -9736 7272 7256 -5336 1651 3359 3773 -6931 -1537 2329 -9458 4885 2226 4547 7992 8819 -1520 8593 -4772 3615 8212 7570 4055 4147 9367 -4905 8797 -668 4387 7138 8628 5310 2703 -468 9199 8523 -1467 -7599 7259 -5637 -5395 4483 6398 -6570 -7020 -9717 74 6310 -9649 6097 8929 -824 5417 4619 5735 5835 -5905 9318 7500 3966 -5606 2987 9599 -8259 -4008 5266 2680 738 4302 -31 8900 -2369 -9394 1202 8742 -7227 3066 8727 5998 -8989 2665 -4239 8996 6486 -498 -4020 1804 -690 -4523 3193 6201 499 -4235 -3385 9238 -3698 -4998 5283 -3501 1501 7976 -8575 2503 2951 -5769 -1136 -7812 -865 -328 -6089 -8871 675 2736 -1883 -3103 -1266 -3697 -351 -8362 2122 -2352 9610 -7388 -6256 7480 -8225 -95 9797 2719 -5627 3367 2122 -5620 -9152 8972 1175 -5092 -8478 -1321 -3621 -1269 -9471 2457 732 3033 -2398 -8330 875 -2806 -9270 8620 -1475 -490 3938 2665 4431 9536 8197 8368 -7644 1567 -4361 -6148 -1376 -5429 2474 -1500 -8882 674 -8744 6260 3861 6437 -4547 -7439 -3655
-2913 -9397 -9985 1618 3633 -7700 9773 1420 7489 2707 -3930 -2219 -2079 -8201 1793 -7838 -4613 -9815 -8015 3557 -3304 695 1526 -1887 -5228 -7306 -9265 527 -149 -1565 7947 803 -7229 5134 -2501 -1147 8713 4480 9544 4078 6933 -2853 -9399 6336 -4125 -807 -5739 -289 4567 -5066 2611 -4905 2701 -8931 -1575 4597 8218 -2885 9992 -900 -4990 -608 1530 -3705 -6521 6101 -2298 3641 -4940 6015 6944 -9220 8503 -6166 -4163 6502 -5962 9012 -9068 -1044 -1443 -2674 -8350 -2921 -6453 -1089 351 3009 -5275 3154 9962 9747 1963 -8917 -9747 7608 2634 -8656 2342 790 8117 -7044 1787 9510 -5867 -825 6852 -1706 -4871 -2914 1131 -3490 5415 -4729 4914 -9656 8791 -6508 -5576 4738 1344 8098 -8721 -8247 4944 2695 8149 -8184 181 433 -5804 6759 4789 2576 4194 -3238 8752 -2093 -2625 -8851 6543 5107 -2756 2729 -180 3248 7726 -748 2477 -6563 3758 5586 531 8911 -9536 -1343 6760 6486 9811 9117 -5452 2466 7205 2010 -7942 1031 -6829 193 9088 -6685 2583 126 9578 -5956 1912 5220 -2985 5039 7909 9552 -4010 6079 9407 6433 -3892 -4345 -5459 1356 5424 -4335 -5490 8066 3552 8577 4792 -404 -8971 2007 6093 2641
7038 2848 8592 2477 -1157 -3530 -8054 6488 3369 -9451 3224 748 -4908 2952 3540 -8876 5882 1829 2735 -5038 7249 8636 3436 -6725 506 -1199 5661 -1291 -4593 7126 -5532 5912 624 -5553 6147 4524 -2965 -7629 -9201 -7232 -8955 -5740 -7105 3273 8430 -5741 -7591 7631 8945 6153 2632 3193 -4068 5688 -184 4512 13 -9995 1534 -9196 -4070 6645 -3628 4857 -7301 -7762 -6521 -9936 -9686 -2187 -2052 2453 -2299 2929 -7777 5648 -9700 -343 -2502 3554 -3618 -2992 -8781 -3353 -4305 6194 2538 -2279 6281 -6134 -1757 -2675 -866 -1940 -9365 920 -2383 -9498 -5563 -3554 7844 2696 -8702 -9752 -8213 -4701 3529 6559 3128 1831 -4788 -2608 -2017 3629 -8671 -8305 8824 4599 -5510 1613 8952 -6971 3477 -1161 -4027 381 7062 -2452 8284 8015 -690 5248 5899 1531 -5995 9989 3319 -6680 9455 2403 6289 -7438 -2984 -9216 -4920 -886 -218 -4481 -6366 -3749 8618 6730 6072 -6506 -2663 1488 6240 1921 8119 -4018 148 3222 2958 -8668 5428 -6594 2938 2894 -3161 -1986 4870 9480 -5921 -4495 -4731 3632 8134 -6581 8544 -1118 1672 -9417 1714 -4867 4436 8148 -6639 -172 8658 4482 9634 -3314 -85 -6506 -6148 -4660 -9136 193 -8393 -9565
-4521 2978 6335 -210 2907 -3743 -6581 742 -8632 6086 3262 -4979 8938 4628 -1631 -1051 -7423 8497 -4068 4150 -7325 4181 -418 9244 -8017 -2611 3040 3085 -9443 9748 -6895 -9527 -1698 6160 3247 -5641 5427 -1457 -122 128 2274 1055 9402 -2665 3836 -972 4368 6016 -287 -912 -2583 -5213 -833 -8580 -7935 -2610 1182 -2775 2528 8235 6894 -3203 4632 -3901 -555 4323 458 3932 -6905 3427 8776 -478 6394 -6653 -5059 -6967 -5205 -1379 -5099 -3630 -2836 5835 -3527 -5954 2524 1565 5355 -6335 7563 1518 -1200 4768 6576 128 5702 -3706 -3028 7997 -8031 -3985 -9746 820 -8320 -5411 2462 1913 -869 7130 6555 8843 -6595 6029 -8405 2301 -418 7576 9959 1884 8060 -2870 -2187 -5095 -2481 -1459 -8979 -6339 9964 133 105 6728 -2017 -7700 6816 9807 -6935 1167 -6494 1920 -5315 -4578 9896 2881 -5163 7148 -6256 -5681 2264 9717 -5471 37 6396 -9083 8629 344 -9813 -5761 -5678 -1384 -3663 3877 551 5057 -4169 373 8850 7584 4397 -1176 1731 -9566 4751 -1552 -681 -8356 -3948 -6180 -5526 7789 -6569 -6764 9754 -173 6334 9249 455 6516 -6722 -8623 -6430 -3683 -428 -1570 6668 -7961 9438 1430 1873 -5083 -8072 9236
6779 7974 3354 -9790 9576 -7019 1474 1541 99 8741 -9217 -7482 5250 5250 -258 3246 -5340 -1444 -7153 9616 3222 97 -3813 6404 -9066 -2857 -7275 -9297 464 -8717 9570 -7319 -7796 -7510 390 240 -3391 -1292 -268 -9787 -7541 -1970 -9063 -4348 -8458 4759 -7872 5865 5122 -1947 2826 -3638 -5136 9250 1050 -1752 102 2809 1179 4925 -1638 1520 3538 3162 1295 1503 4020 -2562 2957 -4504 -7338 4334 -135 -3564 6396 -5309 -1963 -8544 -8070 3018 -4674 -5229 6678 1557 9569 -8632 -7721 -4383 9973 540 6370 -6503 7356 -6928 -9540 9705 -4953 142 4536 6573 7467 3936 -5419 1266 -2438 3232 -4849 -5652 5138 -1676 2672 7701 3567 -6541 -9726 -740 3665 2241 -434 7102 3552 -9390 -1943 1706 2256 -3113 -5586 -4940 9624 1219 -8656 6323 4338 -9696 -5503 8173 -6108 -4598 -5224 1360 1738 5063 9723 5189 7919 -4163 -818 3622 -1940 -6298 -9476 -5525 -699 8767 -677 -2827 1199 -9222 -4678 -4964 -453 8836 -4365 -1484 -6175 -2537 3703 -8152 -1790 7939 239 1869 -3657 -9585 -5441 -7279 -1728 -6575 539 7092 4724 8580 7917 2976 -641 -4290 231 5003 -4293 -540 5300 -679 -7555 -9378 4528 -9887 2229 671 8222 2306
1489 -5056 -5623 8964 -9302 -3417 7788 1473 6817 -9902 819 334 3851 -12 2427 9068 2983 5820 -6657 2384 9796 6252 4990 -2404 7555 -3405 -5311 -5075 -1064 8482 -5329 -8911 -2539 9205 -4679 6524 -86 -5051 4941 -5429 -3152 -6331 -6933 3097 -2139 4465 -968 -9711 3934 -3688 -8318 3990 -9344 -5040 -9242 -3999 3436 -1537 -617 9137 4298 -5174 -4315 9423 5333 -7025 -8586 -7405 -7826 -160 5792 -6417 9498 179 -2471 -3415 -7791 -5888 -4244 -6646 3575 -7622 -2008 467 1915 989 7119 837 7783 9299 -4340 -9197 7029 -578 -7100 8769 6737 -7322 5409 4952 -8509 -2158 -2340 -6819 -9877 -1951 7501 -9678 3354 -3443 -8778 -4173 6540 8189 -2008 -5522 6016 986 -5156 8647 -5402 878 3287 6181 2519 1070 1289 7473 2277 -734 9850 9782 4859 1653 5348 -4270 -412 4911 -2689 -9688 5398 -1095 -8220 63 -6354 -766 -5935 2181 5678 -1616 -5052 -9297 -4671 -6460 -7451 634 4901 -2359 8969 5337 -3175 -8601 320 7529 7009 -9507 7802 2504 -3345 -846 -7209 -4970 -3823 2298 6073 7806 475 -78 6151 -7196 -9121 2135 196 -7944 -8874 3274 -8618 7798 -8198 9373 1696 7712 1631 8251 -9276 -8961 -1361 -6294 6279 8405
2367 7274 2073 -2887 -1140 795 6299 -630 938 3917 -3266 -8076 -7354 -7255 -2413 -9182 -5155 -6690 -6047 3400 7724 -2654 5140 -7159 7277 1843 5352 434 -1321 8741 -1546 5193 7207 6803 3173 55 -2234 -438 2888 7660 4753 6892 -678 3648 -5459 -4926 -9794 -3653 -9635 778 -2259 -2915 1517 -5328 4811 3455 -8040 -4499 2772 6818 -9482 -9938 4543 -4197 3178 -5393 7219 3599 -5733 -3284 1494 1705 9408 -6259 -3077 -6827 4034 -9698 3984 -3891 -3020 -1891 -7104 -5656 2114 -7196 8683 -9225 -7379 -9327 -8527 6461 -2858 3403 8854 9798 -8244 1003 6392 8977 -879 -1351 -8234 -7380 -8216 8377 -5727 -7659 4887 -1784 9539 6675 3688 -2375 -2624 404 -3708 825 -7592 1459 7019 -2609 -3890 2752 2821 379 -8911 9046 7051 5067 9556 -9405 3203 -2088 1215 -2601 -3332 -9974 -1504 -7827 9070 3640 -2588 -4364 2750 -4954 3550 6399 -6456 8346 -4394 -1379 -8733 5624 -6394 4905 5447 -6825 -633 4380 4360 -2518 -2091 9477 -7133 -5933 8898 8029 3453 -5793 -421 -6683 -1559 8747 -3025 1769 1851 5582 3592 -760 -4783 -4085 704 -5322 3966 -7312 -6415 -3542 7424 6049 8318 1933 -9474 -3407 542 -5395 7755 6519 -9874 -7661
5169 -7815 7365 -2294 -2892 9675 -4073 9448 5689 8279 7898 -4370 -9708 9763 8273 1038 -4051 -5407 5442 6929 -6233 -9185 -7192 -4591 7895 -5282 -9679 2509 4342 2444 8914 -6915 -436 6783 -9154 9524 7349 -5241 -1712 -5496 1863 6038 -6561 -547 9565 -3710 807 6424 434 -7401 -6385 3778 -6381 4286 -1042 -9522 -2821 -7075 8483 -1515 -7886 -9429 5020 3669 -6181 2362 -6497 2392 474 4234 171 -7366 7378 -9724 -1340 -5713 8916 1740 5409 3810 5818 -8274 -3997 -6714 7994 1470 -1677 -2793 4697 4210 -119 8409 9603 3609 9505 9580 5355 9665 787 6329 5755 812 688 8970 -3638 992 -6321 -6378 -1524 618 7028 -1529 -9198 -7986 -5272 3820 -1306 -9120 -6751 3190 1172 -8671 -3250 -9892 4705 -1705 -2241 -2392 1896 7291 -4278 263 -9654 -264 6700 -2001 -5102 1383 9262 8770 -541 -3339 -489 8537 -5546 401 -2663 -1853 -9085 5539 6181 -7865 3380 -6947 5038 8956 9798 -4909 -8354 6762 3147 7726 -4114 -784 3985 -4741 -8602 -1058 -6254 -2585 -159 -5083 -1338 899 -5372 4922 6825 -9932 3082 6588 -6841 -5454 8421 2447 -8380 -8394 3247 -4205 8501 -5007 9231 3812 -6162 -6644 -6492 1997 9839 -2335 -5319 6107
4522 -6968 -4692 9410 -600 -2340 -8848 -5260 9414 -867 4276 3702 3726 5567 -962 1711 9860 3450 -237 -3869 4504 7537 6482 6739 -2433 -6173 -9126 -3964 -2281 -9999 -5628 9963 1336 5921 -1485 -915 -4210 4759 2746 -2643 768 247 1367 3677 -6037 -9505 5358 6160 6172 -1756 -9970 -2001 -2666 5957 -7533 -6543 -6300 3792 1439 -3330 -8625 -4503 -7693 8484 -7104 184 -6190 7331 712 -1680 -7957 -4329 -2473 6414 -632 -8583 -21 9709 3953 6877 -5291 -6680 2457 8388 2443 9578 -5986 1695 5269 -7775 -8944 4037 4116 -9779 8267 -6464 6795 -7024 -8383 -5026 -1237 7033 2673 -7633 -726 -3335 4557 224 737 -5979 -3988 5582 2148 -8389 -1611 -9368 2076 1205 -1652 880 -2363 4660 81 5171 6254 1281 -4670 539 5289 1593 2642 2824 5458 -3532 1109 -1926 -4978 -9712 -8712 2118 -6002 4213 9589 1285 -967 4905 -9757 -2187 5994 -4058 982 4571 7309 8513 7561 -8790 9888 6905 8755 -9441 6335 6861 -7795 -755 7870 -3608 -8891 696 -9016 4067 4158 7859 1279 1508 2911 6389 -1950 5618 851 -2670 4980 3416 9767 9394 6677 4300 1767 5115 1644 1374 -1533 -6584 -3773 7623 5868 -3663 4896 -3712 -8052 -701
-1774 -7859 -7299 -7308 9059 3515 -2670 -7940 -4020 -2748 1666 -2441 5917 -4524 9766 8701 -5621 5539 -471 -3927 -5681 2830 2879 7011 2025 -2484 5711 2759 -3620 4772 -5408 5239 4331 800 -8587 6419 8410 -49 1831 5405 -6504 2806 -5288 3942 -4693 8232 -7433 -1749 -7151 3788 2530 -6921 2563 -865 4133 9960 -1141 -2893 -4680 8947 -9271 -4504 6059 -3344 6323 -9223 -1469 -4341 -585 -9934 -9058 9459 538 -9296 9956 -1767 3579 9468 -5993 5664 -123 -1211 7522 1518 2657 6746 8196 -8730 -6910 -3292 -493 -5768 -3439 4534 6562 -9707 8820 2572 6733 -3071 4094 2549 3333 7268 -9723 6537 605 5063 -3293 376 -9150 9809 -4184 -5865 -9394 5939 -814 -7536 -4958 -8525 5690 5860 -895 -6847 6566 -9911 -1714 -6684 -973 -4485 -3279 8585 2353 1857 -4100 6457 -2046 -1018 6611 3887 -3829 -3422 5698 9304 -2017 7824 7026 2395 -4571 -4888 -3750 7862 -2278 7457 3899 8721 -2149 1633 -5904 -6922 7905 7468 2130 -5459 -6823 4215 -2013 -8534 2782 9096 -6265 -2112 -4267 -8650 4486 1634 222 6964 -1164 -2706 2026 -3463 -9730 -3157 3257 -2891 2539 8077 -8919 -8433 -5825 -2329 424 2675 -5787 3865 -4044 5279 8345 4826
2304 3672 2990 5824 121 6146 -3370 -1143 5510 -9781 -621 1996 -5705 2398 -7818 7285 -3484 -2248 4205 -5731 -6733 3386 9246 6870 -1565 1806 -5905 2188 -5229 1530 962 7384 1508 -3197 -4107 4035 7688 -7320 8138 -689 7420 9608 -5506 8521 -9852 -4443 3997 2934 -886 6227 -577 -7979 -905 -9017 -465 2783 62 -1138 -2033 -4931 -5066 6345 -201 -3648 -7933 6254 -9886 2097 8561 -6567 6324 6425 9262 5659 6645 4177 9246 28 1413 7709 7288 8798 -9021 -6015 -1712 9890 -2358 -6680 2062 6822 -9373 -8341 4482 2114 2223 317 -562 9748 5396 -7215 971 2466 3813 -3624 2583 1032 5917 -58 -7960 3139 -8750 9310 1238 6083 -4121 4753 4870 3671 6768 8540 2830 5578 -4830 3791 571 4413 6971 -2939 -8113 -602 -6114 -5921 -1296 -6808 -7184 -7466 -7591 5722 3461 -7841 4975 -6987 2058 8854 -387 4793 -1457 8273 4477 -7239 -2950 3339 -6722 1662 -2316 17 1948 7200 -3136 -246 -4593 -679 9560 -4017 -3718 4960 7426 2299 -4045 -2630 922 -1359 -8403 -3319 -2731 -9639 5339 -6113 -8732 -802 593 7285 5458 2643 -6210 -4984 5762 -5224 6761 6521 4338 -3728 -5213 2136 8310 4954 6606 -9936 5132 2698
6496 -3186 7093 -6873 -6436 -5828 2193 7907 -965 -2108 -7919 8452 -2784 -9351 1399 -2606 -121 -5851 -741 9997 -8819 -859 7665 -5030 6684 8498 9923 2080 -1956 1719 1396 -3207 -330 -5470 -8676 -5862 -8793 1450 -1829 5179 1798 7397 -9897 -4500 -1642 -2556 -3690 -1091 7865 -505 5591 9380 5033 -56 6676 740 9530 -1078 7461 7236 -703 8265 2316 -4875 2322 -5633 1684 1394 2098 -547 -9801 -9149 4113 788 -5562 -3246 -4222 567 -8880 -9347 4803 2642 2740 6067 -3133 4741 1059 -6379 7091 74 -4292 -757 -1991 -5811 7293 -9795 421 -2367 1006 3805 -3219 -107 1208 1374 -2796 -5432 -1299 -9487 2983 8225 4713 -5934 -6622 9301 6175 -78 5677 -6611 7728 -8313 -7001 4944 -2465 3705 9330 -5652 -8061 8458 -3477 -2258 -5129 4383 -8739 4382 9031 6328 -9681 1815 1613 1816 -6585 -6340 4077 -5778 7491 9938 164 -197 -3555 -5929 -3898 -6617 -3975 -9012 7475 778 -698 -4601 5155 1937 2487 2382 8916 5400 -2242 -487 -4571 -9257 -4555 5962 -97 -2168 -617 3863 8543 -5340 -8575 9816 -8352 -9440 -3854 7859 -6922 -4523 -2458 -949 -7982 -6556 -9787 -592 5600 6959 -6697 1729 449 3577 -5141 4623 -39 6179
-2214 -1972 -2688 7617 -6773 -4703 6483 -6294 -2838 7644 8993 -2691 -1135 -1016 -1550 407 -5289 3928 -5590 -3545 3391 -7094 -9515 -8828 1848 9446 221 4461 -3945 -8438 -7041 414 -5104 8213 -7518 5503 -950 -5165 3310 -3433 9324 -1667 5962 3862 -6679 -6401 -1277 1665 6774 -6616 -5378 -9157 -6101 907 5217 -4342 -9374 -435 449 5944 5090 911 5387 9385 7222 2038 4526 1325 1171 5008 -4947 -2111 9444 9552 -8270 -1471 -5377 7257 1822 -4932 1177 1299 -9312 -672 -2425 8107 5057 -7720 -3487 9737 7365 9907 8790 -8455 6803 92 3870 -4910 3183 -5976 7012 4177 -8600 -1752 -3528 -3185 5972 97 8771 185 -4153 -8891 -2863 8062 -7214 -25 -6984 6570 9667 8286 8486 -6095 1037 4660 1849 3339 -3077 3884 -3316 1755 8907 -4195 6741 -9752 9153 4467 -6551 -7284 -2515 3913 3410 -1274 -4141 9517 -2849 183 5333 -170 -7870 -2277 -6751 -3751 -3748 752 -6378 7959 104 6043 -3564 -7198 7321 1275 3171 1526 5045 -7604 -5317 5297 4112 -1240 -6689 4333 682 6371 -3329 3569 -6648 7309 4668 9842 4656 9137 -1193 9424 855 4546 2993 -7073 -5942 -8838 -6092 -6857 5733 -183 859 8907 -6995 6918 8229 5776
231 -7838 -7104 7064 825 7599 4997 2208 4309 -7438 -6557 -9473 -1857 -4729 4319 -4114 -3711 4669 -6682 -4008 748 -220 -4428 2956 8520 2702 -5252 -360 -6368 9197 -6464 6661 -9184 8473 331 5866 2753 -4220 -4093 -5992 9186 6269 -990 3406 -1025 9985 5944 -8171 9129 4797 -8865 -7241 -9981 -1701 2199 -7570 5040 -7634 -6087 -5104 7633 7080 9389 6109 -7312 -6634 -9792 6778 1804 7061 6283 374 -612 3277 -2875 4067 8923 -3501 -1790 -2538 2480 3226 -9834 5316 5039 -2535 3953 -5669 -1958 -376 9370 1835 7534 -5601 6030 6453 5991 1868 908 8098 6292 6427 4026 -2006 7017 8610 4437 4153 -5326 -6624 8671 4997 -4600 3923 6971 3224 8173 5249 -1742 4294 -8423 -6482 -1498 8410 -2607 5094 9071 203 8137 -9528 -1552 430 -502 6288 1620 9235 1113 2127 2369 -4315 7149 9695 1338 2815 2342 6065 6031 -5134 -7163 486 -7460 9593 -828 -1401 -9425 2187 1730 -9069 9304 8244 3208 -9541 9416 -4266 -5974 1618 -7018 -9713 1571 5951 -74 -6090 -1046 -5309 1470 -9606 -8797 5535 -2555 1112 8179 2910 3492 -5217 4646 -8008 -8836 -1135 -3092 -8970 2971 8124 -4185 9849 -3494 -5979 2317 -885 1305 8819
-5452 -3297 -1361 -2646 -4051 37 -4842 -3545 184 -9265 4545 -3685 -4508 -8576 -1628 8539 -6093 -9616 1173 5105 -4580 -8769 8198 -3894 3978 -120 3575 -9105 -4145 -2691 -3676 -6877 -6742 -5516 -2878 -8001 1130 6307 7762 -5340 -8519 -9906 -3831 7158 -9913 -4411 2959 -2079 6635 -6084 3911 -3726 77 6144 -9326 6310 -1433 3555 -9879 200 5605 7216 3894 -362 2931 5789 -8090 -8649 6188 689 -414 9118 9559 -2850 -691 -838 -8265 -1366 -9698 -2012 7331 1063 -6364 7484 -574 -6219 -8122 1858 3300 -3628 4035 -3875 821 3977 -630 -3148 -9591 -6532 -4332 8483 -6823 -2191 2515 2896 -7261 -959 -1433 -1701 -8411 1311 -4261 5545 -2907 267 3324 7009 8079 -7895 4227 1652 129 -281 96 -9952 3331 -948 -9610 -6684 3610 -873 3761 -5299 4078 -2963 -8807 -9910 -5702 -9375 -7461 2218 7737 -5993 7575 -6717 7999 -305 9791 -2415 9591 -2345 7368 2241 -6902 1396 -1055 -1548 -5227 -5648 -1483 4262 2518 -5125 4030 -7625 -9961 -1558 7636 -790 -7090 8848 -8225 -9050 3916 4973 -1980 9596 -1666 6665 7737 -1616 -4761 3013 -6018 -1043 9448 -8136 4787 6395 4543 -4771 2247 -993 8166 9943 -8320 9844 -9801 -7876 -2880 -2611
7696 9380 7332 7829 -5093 8236 9642 -7955 3239 -7912 8644 -3808 2033 6486 -5182 7669 5390 -6602 1985 6165 -2662 5349 -1370 6192 -486 -7579 -4260 7852 8542 5301 9309 6130 -5683 -7558 9522 -8471 6897 -7459 -531 -4476 8059 6337 6803 9976 -9430 -7371 -644 850 3863 1997 8340 -1955 -783 -2129 5076 -8023 325 -4070 -2610 9796 9061 3751 -8857 5290 1185 -845 -5001 9086 -3796 8412 1138 -8084 7498 -7226 7030 8463 5703 -9490 7346 1308 -4540 -85 6667 3361 -8195 1614 -1131 -3628 -198 -5832 3900 -2723 3804 5285 7495 -1946 3944 2606 4031 4647 -5594 -8242 4162 -7244 -8173 9977 9323 -2198 890 9869 -5543 -1186 -689 -8521 8143 6900 -8948 -2247 -8722 -9432 1089 -9316 -3804 1041 4225 846 2875 -4786 -2896 -5068 9612 -1164 -8245 -7199 2306 -5167 4215 -1513 -6123 -117 2778 -2630 8961 352 -709 7793 -9731 -1102 -8462 9640 7708 -9160 6042 -3531 6706 -3088 2040 1286 -2519 8269 -4648 2481 9312 -7638 -1818 2874 2276 -8750 6122 -6333 -8423 -1783 -5974 4755 9261 -2961 8645 -4275 3761 3105 -8479 -4422 -1282 2455 7118 2878 -4591 -7219 5606 -5095 -4144 -5015 4961 -7068 -6511 9708 -8873 3303 6961 -1138
-8262 3053 7157 -6543 -2965 3139 9752 -5817 -2554 9757 -1475 -2851 7242 1518 9720 -9027 2246 -3294 4056 232 -1331 5012 -1477 -2699 -2920 7380 304 9783 5665 91 -9783 -3358 1772 3955 -3865 -413 -7665 6599 -947 -2811 -1948 6608 8293 9678 3272 2127 -1290 6808 -7245 -3791 -6581 -5837 320 -7358 -9019 -8486 -3850 4924 -8904 3428 7576 5137 -4450 -9285 8231 5055 4719 -9896 8865 1379 -1683 8985 4858 848 -5274 -1075 -9825 -1929 -1379 6103 1948 2634 2413 -7497 9460 -2502 -3068 3232 -6954 117 -6224 5818 2017 5883 -3231 -9910 2025 4149 5528 8741 6854 2547 6483 9706 -4373 5307 5695 -7089 3961 8044 424 -1721 9481 -5963 842 2184 -9388 554 -1145 1734 990 -4611 5991 -789 1083 -6535 4488 216 4844 -3778 -9150 -9334 3072 -4907 -2469 4668 -8554 -7530 -8324 4731 -4005 -4431 -3868 -3656 7974 -627 6275 9843 -3815 -6204 -4475 7753 -223 5825 4629 7771 6490 -3134 -1070 2601 7411 -8142 -106 -2331 -9 6933 -1125 5727 -2675 2561 -3441 -9100 4717 -5496 -8891 -6622 4531 -3372 7643 -2018 6581 -59 484 5543 -2136 -1111 3297 -4303 1639 270 -5655 4382 6794 4020 -3228 8545 3923 378 1228 284
-3344 6223 5700 412 1187 2732 -5485 7747 -5531 -6015 -7789 3600 2551 -2401 -9615 1329 -4071 -4472 9321 -2376 -1295 4852 1009 2344 -7156 -8091 -8620 9728 -7272 -2935 -9775 7454 -8835 8297 9409 8592 5088 -9685 8694 4287 -2229 -6828 -6142 9885 -6275 -9184 6253 5913 1756 2987 9664 -3253 9858 9254 -1479 6908 5516 -1708 -264 -7008 1501 5201 -4589 -6436 -5246 -4821 2765 -7071 -725 3793 5747 7052 -1457 -3392 306 -7778 -4640 -4152 -5061 3211 4245 -2680 2993 -8775 -4334 9301 2230 -9570 -1688 -5317 -9772 -6153 -5697 -2380 5702 5839 2605 3491 -6262 2410 -8546 -7221 3997 -2199 -5429 -6606 -5993 -4943 -9805 246 -8706 -1704 4897 -7147 -4160 8157 -3955 7602 -1082 -8804 -9001 5195 -4180 2037 -4990 -9814 -4975 -4588 3560 -5483 6595 -52 -3400 -8583 764 8126 -9734 9451 -3796 -3307 851 5294 -5896 7452 5962 -3246 -5295 6229 -3549 -5296 6083 7226 6054 -7232 3227 -4792 -4982 9961 8604 -8625 258 7261 -2210 9513 -4395 2982 -7987 -7394 7711 -8754 -1954 -7121 8386 -3425 5028 -485 -4762 -1875 -643 1594 5929 6862 2401 9891 -1324 -6447 3300 -9430 427 -9216 -2389 -9920 -6422 -2605 -7503 6713 3191 -3438 8575 8076
-5917 1573 485 4265 -1627 -2890 -3217 -4510 -9499 5840 -6036 9530 3546 5616 4661 -1012 9921 -3377 6539 -4277 -2165 -6452 8542 1298 5981 3314 -9919 -9415 4659 -3574 208 -4488 -2518 -8940 3882 -3001 -8461 -8559 8377 -8322 -5052 -336 4158 1640 -1151 -647 6681 -9902 -4591 -7060 261 7069 9542 -7896 -160 -7539 2218 1052 -2979 -1165 9061 5628 -5205 -44 1396 -7051 -4632 -6608 -7503 8878 9996 2300 6334 -7929 521 -3229 3888 -6705 5496 4504 2534 -1348 -6217 -9805 3649 1266 4407 -9931 -9840 -2320 -2417 1067 6357 8391 -8542 3062 -8610 6558 8646 -1129 6149 6189 4299 -1168 2638 -4065 7586 1360 -6669 -2101 7137 7404 -4209 -9393 4996 3138 402 7540 -3057 8066 688 3821 9685 7096 5652 9919 -6480 -3980 6432 1804 9051 -7360 4604 -528 -8209 -5082 8256 -3239 -3153 9871 765 513 6056 8217 -5477 -4057 -5015 -7912 -2360 -6687 3518 -1997 8756 9647 -1484 4511 -8312 -6679 -5189 2676 4674 -7334 -9598 -4464 -1888 -4779 -2215 -7187 8595 -3350 4231 912 -8790 -375 -7897 3414 3968 -6488 -9240 -1390 9305 -8737 2028 7158 -963 9780 9260 9067 2664 -334 1510 2698 -5252 9932 8145 -2045 -766 3291 -5017 -3544
2659 -6327 -9109 -1930 5588 2385 -3950 7115 5648 -5539 7552 -7847 1012 5148 -2731 3769 -7773 4801 4700 9297 6069 -6948 -9946 7118 5110 8539 -9280 -7211 -2914 -1516 1492 -6094 -6419 3564 -8723 1365 -8423 6474 -1203 691 -7516 -3693 -2204 1625 -9268 7513 -9224 4754 -5977 -1928 8163 2307 -8363 -3647 9579 -4436 -888 2329 8100 3656 -7322 2113 -5584 -1226 -7226 -8042 3532 -2665 5617 -2755 -9628 -5269 -8008 -4283 3070 -8170 -2355 -364 -2959 -8983 -3005 7422 3049 -3935 2837 -9982 328 6891 8563 7189 6745 7133 8927 -9896 -368 -8421 -8708 135 3487 2862 -8520 3503 -2408 37 3346 -8903 -8945 5250 6294 -6082 -8016 9095 -9312 8222 3192 4175 -3568 -2361 2177 -4642 -8698 -8266 643 1778 -36 -4282 -8793 9777 -5322 3337 -9723 1170 4066 3353 5894 -9978 1 9225 3690 -4103 -968 -9773 7993 -9144 -1226 -7171 5622 -9327 -8552 8852 955 -4319 6841 -9947 6963 6877 6952 8182 -627 -2055 7960 -132 1182 2156 458 -1007 8651 7548 -5559 -3726 3625 -1384 2412 5908 8435 4918 -1593 2952 1688 -2676 5197 288 317 1349 68 7739 5530 -288 -3946 2290 9870 -2425 6317 918 -4021 -2869 -6527 5538 4330 6602
3429 4331 2320 2495 -4016 3240 -3822 6032 8964 -5440 -4301 -6297 1731 6407 9494 -8666 -7303 -3583 -9167 -1180 -8651 -5123 2882 -9772 -6676 -2774 9820 8664 -8337 2145 9009 -1114 7361 3250 4883 7711 9084 2516 -1026 8726 -4825 -4549 624 -6525 931 3155 -8644 399 -1052 2051 5259 7716 2784 -3055 -1969 -4904 -4283 9491 -9801 9763 -8055 3598 -7753 -136 6547 1359 1635 3708 -4248 9574 820 -2638 -9528 -9338 -3658 -1116 -2042 1432 -9346 5307 -4886 -5457 3271 -4828 2513 -2680 -7141 -3811 8482 -3428 4709 -8136 7906 2087 -9351 -6765 2295 9545 5155 -5547 -3664 1214 1523 -3268 -5437 -1078 5474 -3633 5195 894 2162 8648 -5819 -5809 -5079 3724 4686 4767 -4940 -4799 -4658 -4559 -9732 -632 -3746 7033 -6388 2604 2199 -7658 7843 -1281 3039 4907 -6358 4726 -9637 -669 5589 6028 -8010 9295 4014 -591 -3695 -8109 -2649 4260 -7821 6663 -3724 -1477 -9648 235 -1798 -742 -1984 5164 -713 5313 -9191 357 4955 -3526 7371 1483 4540 -7654 3771 -3675 -8245 -5852 2705 858 -5632 -722 8720 -777 -578 -4176 534 -7114 -7337 -391 -531 1244 -1817 1381 -8162 -1637 -2974 8770 -6926 -138 -4277 2219 1944 657 -2494 -6468
-9905 424 -4610 529 -2520 1168 -8386 1792 8011 7956 5069 2363 -5392 -6151 3082 -766 3173 2210 -2300 2528 7636 -5210 -4070 -8631 2511 -3964 -6971 -8631 2991 -1276 217 -2695 -4253 -7812 582 -5187 4048 -5669 -6944 -667 5189 -4386 9073 6927 1133 7256 7730 -2806 -3397 -2357 2244 2153 4906 2626 1332 1273 -1371 411 1891 -9084 -478 -895 -568 -4865 -9351 7463 -9954 522 2554 6777 3353 1950 5518 3954 -4505 -1835 9993 -4369 2125 -8380 -1384 -1173 8272 8531 2534 -1622 -9290 1629 -6306 6789 -2124 8439 3944 -2587 -9771 9492 -6174 250 -9609 1981 -4234 7361 -5052 9444 4777 710 5157 -2792 -8474 4621 4090 -4296 6361 9603 7011 4092 3764 -6684 3496 7425 -2240 -8429 6269 -9315 -1121 -9117 3821 -411 4065 7603 9017 -7112 -171 -7525 -8952 7505 -3929 -8905 889 3171 -7831 5581 2878 9101 -8646 1751 -5051 1874 8312 5295 1486 4 7540 -3803 4331 6304 -858 -6083 -8672 -4694 1682 -7139 -2713 -3038 -9303 -226 5053 -5647 -3717 4299 -1081 -1736 -528 1740 -980 1346 3540 6580 -5293 6938 6020 -1329 -4237 8064 2530 5245 -761 -1746 8697 -68 -4567 -5027 -9813 8621 1398 8454 5951 1483 -6547 -9157
-9883 4564 -7856 4016 -4396 6486 6757 -7111 -5498 8816 1308 -976 5093 7278 9651 -3207 1847 4369 -8055 5024 4647 6431 3567 -1032 -7014 8041 6787 -5802 3428 6033 6273 -7852 -4812 6946 4594 4124 8748 -8806 4545 -3865 -9943 -6726 -2292 -5895 6600 -4491 -2341 9318 7754 3748 4553 -5078 -3644 6534 3904 8621 -9380 -1080 -1372 9868 6249 -4553 6976 4808 -1306 7103 9605 1752 5575 8613 7830 -6207 8373 8465 -2214 8463 1311 9960 6496 8421 -1283 5376 851 7949 3805 3656 -3925 7706 1186 1688 1620 9507 36 -8781 7581 -5387 3856 7619 8411 -1595 -4748 -9416 -5135 2395 -40 1053 4020 6613 4668 260 -3530 -6494 6043 9110 5011 -8855 -1161 7096 9161 3923 -3007 7248 4391 -9663 9513 -8625 -8973 4583 1286 5780 9548 -1284 7242 5227 184 5016 -7775 -8074 8906 -7515 -5392 7559 -9107 1281 -2771 7934 -7753 7115 4511 9894 -4870 5437 -2017 9846 6848 539 -7490 -3529 4113 3084 5062 7899 -2981 -1277 -3364 2560 9094 1916 -4996 3227 4306 6609 -7249 4873 1938 1296 6666 7469 -9714 -8955 -1416 4894 -9180 -2572 -9233 -5463 7017 8714 -7929 2174 2623 9312 6688 -1934 -8698 2087 -6314 9825 -8181 5735
-6958 -6685 -5950 -8291 -8109 295 -1236 -2531 9831 7836 9821 -9182 -7176 -7167 -1176 7821 4677 3154 -9848 3390 -758 3575 2258 3529 8030 -6067 -8307 2325 7200 -1877 6690 -4408 -6009 9306 -5251 8234 -3235 2306 -3535 -8965 9657 -823 4666 1457 -3206 9036 -3961 -7535 1191 -4252 1182 4774 -7421 2565 -6454 3561 5257 -4723 5514 -769 -6138 -2832 -4657 -3362 0 -8270 -6363 -2761 6343 -2690 -7560 1111 3006 -2465 -9225 -9277 -1728 5573 7570 -5634 -809 9535 9938 -5613 3266 1602 -1747 6172 7222 3954 2622 -7306 2712 605 -6522 -8805 -2759 6601 -2268 1653 -5120 -1948 -9950 -3513 -2240 -7173 -8634 -6020 -3190 6023 -4131 2422 -8925 -6485 6125 2799 3918 -8895 7155 -4940 2344 -5538 -3115 9576 -2489 -1349 9337 -4535 1312 7248 801 -6084 384 -8072 -9783 -5139 8267 6260 2878 -7559 6740 9994 3514 9336 -6812 9263 -1732 -9006 2544 -1220 -1097 352 -3008 -5275 -2081 3780 -4392 -7902 -62 679 3566 -2129 5739 -9380 1796 -1189 -3059 -3007 467 2363 3312 4197 5761 1348 1012 -8800 -5149 4956 7966 5487 -9621 1872 9472 -2994 4592 5293 -7513 -6398 -6757 2396 -4424 1417 6970 -9303 8256 3071 5892 -1067 -6803 -2576
7170 -4174 -6387 2813 -2664 2724 -1223 -6747 8993 9944 -7914 -8348 3206 2313 -4764 -7949 9034 3052 4014 9158 7448 -9960 43 3538 7827 -230 101 2501 -9600 -9415 9015 -2147 -5446 -5651 -1652 1773 -4653 -8031 -9053 -5364 -7431 9740 -2417 3297 4035 220 -6960 -5199 6583 1429 -433 -7001 6997 -8367 -6548 7341 200 7191 5425 4497 8167 9314 -2332 -6498 6820 -9940 -1765 -4009 -1403 -7934 -8959 9003 -927 -8160 7330 8675 -5943 9153 -997 -4767 -7755 3884 4664 -2276 2308 3717 240 -355 -9449 853 -3897 -858 -5401 -7675 -5106 -7543 9179 -9263 -4100 2495 393 8353 3299 -2568 8524 9377 2459 4015 914 -4216 -4048 -1053 3567 -9506 -8897 8049 6025 4255 -3673 6691 2418 -4335 7654 -1198 -1591 -5855 -3236 9248 4688 -337 -4777 -1159 -872 8211 4033 9066 2441 4701 -7408 3745 -4527 6681 -2225 -6037 -9545 2047 213 3282 -3538 -4151 3430 -6107 -6142 2920 -1764 33 3757 2279 -7060 1241 -2233 -8566 -7828 4004 9402 -4225 -5998 8372 -4990 7365 2088 -4820 -1305 -6916 3757 1786 -9391 -2709 -9945 7869 1602 -1498 -5973 5801 -5932 8755 1253 1041 8013 1610 3234 -186 -8841 7484 -7348 1963 -9744 -513 -6683 -53
-3840 1083 7067 3089 7186 -4792 4994 8282 -991 5770 -7233 -702 9624 -9495 6333 -4156 -1064 -2405 8053 -1943 -1330 8322 -7156 2635 -6068 4852 -4514 -913 -5443 4372 4677 -6674 8887 3740 -7805 1533 -4941 9251 5561 -7362 3649 634 -377 5007 1213 3653 -8642 -7912 -4469 -1609 9044 4283 803 9355 -3541 5371 3619 1728 4368 5308 -2048 -319 -5483 8368 9119 3781 4292 5897 2193 1525 6844 -7290 8567 -1755 2656 -7591 -4800 2871 -237 680 4149 3728 1614 -1608 2556 8803 -5751 -816 8956 9330 -7129 3257 -4315 -9439 -7573 9000 -8321 3589 -5834 4612 2806 8952 -5248 6248 5756 -4060 -6869 3867 3590 -5671 8236 -2196 -6672 -2752 8552 1744 -6271 8740 6646 -6942 6591 4034 -2241 -3262 -413 1767 8314 -6441 -9132 4938 6818 -6209 -7655 1563 6462 -4093 -5772 -8511 -9924 -6575 116 -7663 -1294 3765 -2171 7392 -3952 9545 -2619 9404 -7047 -6431 -1038 8367 4116 -9274 1188 -7833 7855 -332 2586 1032 -802 1024 4896 -6941 -2687 7663 -5595 2432 -1150 -5054 1603 1115 2696 -4754 9022 -8301 -135 2254 -1000 -8546 -9386 1033 8884 -3784 4095 -8362 6710 9525 -516 -3708 5393 4474 2582 -1979 -7021 -2209 -7947 3252
-7258 4312 599 7162 -1481 704 -932 -1794 -1478 4446 -8736 8152 -4414 4962 -5346 8842 7551 6696 2480 -4849 -2162 7401 -1380 -5008 -6199 -4824 -594 -7418 -787 2188 1855 7304 -8556 8798 2890 -3029 -460 -9601 1897 5965 -8092 2983 -6549 7104 856 -8225 3312 -3151 -6159 -5077 665 -9298 7448 -3485 -7305 -9957 -8895 8784 -2264 6116 -8113 -8297 2148 -3922 -2763 -8578 5429 -9664 -3610 5573 -8686 796 -3677 2780 -4260 4285 237 -8651 1564 -4382 6766 7798 -1116 7906 -7786 8278 -295 3976 -617 -7875 8113 5972 -2621 -6908 3470 4319 4050 3630 6212 -7022 -16 -225 4446 -9227 -807 -2061 -8246 -5891 -9975 8158 -2859 -1982 -1792 -5575 -1919 -5704 -3287 5157 -2857 -3145 2432 8133 -1936 -9763 1912 -1766 -8985 -1583 2513 -2545 -9053 8568 8297 391 -9363 8110 -8173 -7807 -538 1257 7309 9589 -6299 960 -908 2760 3195 9704 -8128 8299 4970 8667 8292 -4425 -7564 -9511 -7675 5102 6455 2013 -8818 9269 5720 9886 -187 4761 6543 -5276 -3 7804 -6048 -1488 5515 5636 -8663 4570 -3290 7269 1153 -9323 3904 8752 5435 5404 -1555 -9615 9207 316 -4896 9883 -5239 137 7980 -7290 6918 768 6799 7571 7445 9657
-1547 9461 6181 5024 9570 -3370 -3616 -8080 5791 5425 6535 -6193 7501 8158 5968 4865 -6902 -7109 744 -2979 4918 -6935 -9363 9132 3156 3457 4734 9585 -6434 -2145 6612 9040 8823 3113 6462 -5841 -5066 -3118 5635 -7990 -484 -1029 -1725 -9068 9701 -7615 -2924 -5857 1772 -8542 -6558 4328 -4650 6295 5330 4302 -3199 -7456 -6171 3142 1907 -4142 -1701 -5878 4162 1579 2959 5584 8133 1381 5267 -4895 8072 5287 187 -9844 -1089 2700 -2543 1902 2591 -5031 3747 -6133 -1087 -6409 5765 7866 -8102 8079 2639 5925 -8479 7873 -5161 -126 703 -1443 983 4295 5864 -9739 -1888 5052 4751 984 2225 9265 7689 -5893 -2600 -7145 3237 2650 -9971 -2128 2427 7060 4802 -1447 8786 -2235 -4619 -5285 6981 -7150 -6490 6274 -603 1519 -7554 -8198 -6670 783 -9570 6623 -555 -9403 9914 -7977 -5824 8191 4174 6627 -8963 -4430 860 -9407 -5737 -3773 -221 1751 6074 -1466 9907 2164 -9875 2508 -5145 -8867 -1481 -4628 9540 -1240 1595 9202 4712 4680 835 1616 4885 -6039 4521 2180 -7324 8382 -4862 1777 -9774 5984 -6039 -5020 8329 -9703 -8900 -5347 528 -4560 8405 2710 6914 4678 -297 1033 5345 -1484 -3597 -9084 -4202 -9582
9591 3306 293 -2558 -5328 -1489 -5169 -3960 -30 405 3974 -2817 -9363 -4879 601 157 8473 5308 -7245 5689 8795 1956 3505 -9343 -6181 3203 1150 -7963 -277 -2119 8214 -4110 -4611 5460 -6752 -6419 1043 -5586 -545 1740 -934 -1366 -794 -9175 -3434 6043 -8838 2672 8792 3013 2690 1075 1867 9196 -3112 2770 6665 -1559 -1132 -3929 -8364 -3214 9673 6834 797 -7867 -5480 -7837 -1293 -4898 7562 -2761 4870 -4747 -8270 5199 6737 6549 8905 2480 2066 2925 426 -8272 -2569 -3903 1006 8622 6716 4185 8067 9198 -7277 872 8223 -4399 3596 -4160 7117 2221 -2838 6343 2823 760 4552 -189 -9743 -9147 5189 -8895 9017 5308 -1540 -9187 -9943 -9513 2237 1396 7875 3710 -2769 -8584 6662 -4625 -4005 5968 8935 8938 7765 -8916 5876 7761 -1477 6637 -5905 7441 -6578 -1818 6339 2819 8644 100 -3224 6627 1917 -4429 -2073 -6701 4956 7118 -4361 6542 8857 -339 1382 1901 8396 4161 9215 870 -9408 -5039 6241 9931 2756 -4026 930 9336 -4460 1325 1124 8478 -9901 7138 854 -4689 9555 -8060 -2694 -4892 -9826 -3963 -3859 5469 -1095 5665 -8255 -7813 -3380 -1282 5628 7097 8533 -8460 7993 2423 -4194 6982 5906 -2243
2371 -6282 6330 -1327 412 7254 3828 -6024 906 -3032 7787 -9931 5115 7909 -4468 4478 8194 9676 7069 7144 -193 -5734 4503 -4935 -7651 9018 -1475 -5269 -7634 8257 9653 -5399 1602 -8948 -6046 1122 393 -2313 -3030 6349 -5524 -3314 -811 456 6307 6981 8913 9426 -4620 4241 3645 -8149 -6375 443 5534 -1841 9956 5185 -3487 -9892 6631 -9889 -4608 1090 5093 -8757 8882 -3695 -3332 5393 -6456 1165 2612 366 -3176 8500 -4069 -9077 -5554 7387 5961 1711 8316 -1983 6803 -137 -345 2239 4926 -719 5741 -2596 -6675 -2142 9964 -9853 -160 -1873 7199 2888 8920 8855 -97 5370 -8682 7628 7835 -9144 4027 -9889 344 1102 7873 2219 9919 -3176 -3150 -9509 -3465 2715 9357 614 1091 9093 4603 630 8970 6757 5631 3010 482 3642 6055 -1063 -3570 -7510 2129 7349 -2646 -2247 7663 832 3549 -8489 2524 -9828 9348 -422 -1061 -7807 -6553 -5400 7633 -3736 -4765 9859 6549 -1659 764 -7177 -2479 6242 4220 358 -5799 4777 -6346 -9634 5264 5532 -6740 9815 3595 2957 -4280 7919 -6885 -1928 -2244 -4437 279 -5703 -5461 9309 -3035 -4050 338 3346 3850 6950 6750 -4845 2205 -475 -7849 -6434 3604 475 -997 -7157
3857 6262 -6545 3506 -8255 3266 -8099 -7440 -6009 -1668 1715 767 2503 4803 3110 -6167 -3463 -5896 9025 4487 1688 8305 -1542 2089 -2770 -8402 4722 -1922 -6248 6532 -8595 1060 5619 415 1955 6120 -6466 -5689 -4689 -825 9720 -1875 -7247 -3629 -1267 6144 7938 -3936 3990 9592 -4166 9894 7477 2516 -2924 2611 -3394 -3071 -960 7926 8620 4396 -7105 -3774 -6217 5365 -6992 -7157 5470 2072 9180 9413 -7259 -624 8088 345 4565 -881 -8788 -9700 5670 578 865 8254 -3722 3019 5503 -2946 -4206 -2758 -9827 1759 -4688 -6055 -2597 -958 8207 -8943 7087 6394 -6120 -1634 -379 293 3605 -140 -569 -5379 4853 3180 15 7853 9189 6651 -2980 -8069 1215 -1684 4664 1568 8192 -6973 1927 -6387 9490 -3798 -5140 1742 -605 7241 9349 2747 2064 6021 -2541 -9021 5439 1194 -6245 9050 1247 -4461 1707 4097 -4351 -9478 2657 8622 -5360 4826 -7692 -7272 4692 -7942 4127 6815 4023 -4126 -3728 617 375 -6128 4266 -586 -8625 5073 -3288 6349 5356 -6361 2575 -104 1362 1505 1953 -6129 7144 9467 1992 6305 653 4005 -7082 2494 522 -6808 2937 -7416 -1277 -9409 3574 -3194 4852 -7406 -5902 7158 7097 -3147 -3788 2133
-7960 8713 -102 -1606 9721 -3478 9100 2236 -8662 -1429 -6966 9893 6823 587 -796 -8199 -7060 -627 -1252 3256 5087 6378 -3888 -8398 -4992 -3777 8259 -619 -9067 6253 8876 6608 550 4791 -8555 -8737 -8271 -2814 1798 -1446 -8993 799 -1644 -5235 -5862 -4499 5142 -355 -8666 -4589 -7454 -8342 7784 2352 9516 -1161 2500 9806 5561 -4546 -1249 3902 -9819 -4744 -1442 122 4158 -6498 5737 7806 -4501 8272 6200 -8920 6047 -9854 -2770 9739 3311 -826 5723 696 8229 8350 1525 6595 2978 2753 5589 410 -371 730 -5550 -7712 6503 -8695 -7538 1152 -19 7271 -9762 906 7453 1753 -1501 1458 9458 -5700 2502 -2907 4909 -1151 -3952 -9318 -6015 5380 -8814 -5779 -4450 6339 164 -5667 -3601 -2172 -7305 9260 -1524 6215 -6849 -1078 6789 -1237 9303 5856 -272 4994 105 4891 -8577 -9122 6599 648 6893 5240 5252 -285 -3884 -8498 -8661 5401 -8926 9561 9805 -174 7165 1978 1476 -5142 -3887 -7341 6279 4076 -1378 -9859 -9245 8007 -4951 7084 -4597 5283 6101 -3589 -3365 -8479 5807 2697 -5276 -9872 2697 -9565 9847 -3791 -3052 4336 2744 -6769 -6201 7191 4455 -3397 -1188 8416 -4641 -9118 -647 -2360 -866 -5679 652 3070
7130 3649 4280 965 4508 -3368 -3492 -4302 2864 7399 2278 -732 1858 -5031 -5804 -9918 4512 -7347 8445 -4691 9668 9586 7897 -1313 6718 -654 -7664 -3798 6653 -135 5976 3195 -7428 9327 3472 5273 3963 -166 -8598 3932 -4342 -166 108 9682 884 -8860 7342 4435 -6037 3548 -8769 876 8812 207 -9842 -405 2034 -9612 -3717 5385 6721 9409 5121 5916 -4641 4803 1379 -5108 6237 8449 5271 -1290 6227 8804 -5600 546 7793 -7246 -382 121 -1306 -4507 -40 5322 4893 -3535 4036 1248 -4076 -2563 7652 -8811 -1758 7870 -6332 -5319 -6082 -4783 6308 1097 7369 7488 -4761 6072 9927 8989 -2455 -9431 -3356 1487 -2551 1145 9076 -5258 -2968 -3252 -9863 3199 -1111 -8771 6458 9835 5916 -5885 -8644 -6892 3441 -509 1821 6947 1014 5633 -7046 7119 -7339 -86 -5730 -641 -4768 6700 -3687 -1077 9150 -5536 1397 8843 -19 6955 4047 6112 -963 -6483 -3722 7496 6871 -6720 -9386 -2096 7808 6231 373 -6143 -2589 107 8489 -259 -6677 677 8196 2176 -6811 1104 1645 2440 -1681 4347 1423 7896 -3894 2211 6473 9139 3614 -9589 5521 -3509 1715 594 -1433 1831 -8780 5555 -8764 7100 3722 -7009 -2269 -104 -1961 6787
-8590 4250 -1822 8263 1717 -9897 -33 -724 -3159 5718 3547 -263 3286 -9330 -8070 -1491 5570 -1066 7132 1574 -4731 3170 9047 -717 4309 -4878 8708 -2143 5182 -4140 -10000 -9248 5676 3004 -7192 9885 -2099 3853 -23 -1570 -2712 5198 -2772 -2574 -6363 7393 -8433 5666 3689 -2698 -6901 -9602 -2526 966 9299 7684 -7075 -3313 871 2253 2105 2062 -2646 -9200 7634 8327 -1007 4653 6129 5213 -4266 -6583 -3691 9820 -3114 -188 4337 765 -1568 9061 1586 8790 -5211 -4665 9310 -8595 8353 -8386 -7911 1017 -2075 530 -85 41 -9719 7412 -6464 -2637 2561 6807 -9703 -8782 2951 -3408 9202 -7621 1294 2517 9463 7442 9939 6875 -4692 -9066 -1031 8795 466 -9053 67 -9346 -2177 2151 -6279 6093 3002 -7160 -7295 -4144 -1421 -945 -675 -9734 -2060 -1471 4894 3331 4397 -802 2493 5972 -5591 5679 504 1442 -9513 3702 9395 3946 -9468 -9230 8658 -9886 754 4395 -4054 -1950 7988 8467 -7858 3971 5154 7703 -2566 9470 -8222 -4582 7081 -1626 -3421 5155 7448 8551 8372 -7857 4168 9876 403 -8590 2995 -3004 735 -1659 -508 -5983 698 1007 1954 -9817 9175 -6056 5497 9580 -628 2452 -8305 8343 763 -7862 -641 -2197
-2124 917 4325 2963 1586 -3621 5007 8593 -2819 -1027 -6620 1253 9263 -845 -1609 -5648 -8167 -9966 -6439 3145 704 -756 -1771 1770 -7462 -9562 -2367 -5274 9697 -8133 -3687 7378 -364 3918 -680 7892 1297 -4840 939 7987 -2357 9210 -5616 -6185 -9585 6881 9339 5169 3225 2947 -3206 5662 4316 -3198 -5743 -212 5164 3538 2367 -2526 -199 -4876 9909 4592 -9522 -623 -6384 -3084 1281 -7356 5790 -3378 -4495 6131 -1093 9802 -4766 -330 3213 -3700 3267 6755 -841 -7531 7184 -6870 8915 1485 -5707 -5270 -637 7956 7860 8455 4718 -1163 8505 2487 -7275 -935 -7779 6323 2694 -7446 -6477 9919 -2586 -2554 6434 5684 6841 9372 9962 -6796 7268 -4600 -6602 7572 -2564 3118 -3236 3343 6014 7911 2833 -4740 3165 4249 2436 1528 -9102 9642 -8125 7103 -3137 8512 5990 1766 8254 7045 243 3560 6080 5545 -8826 -2279 164 4983 -7672 -7760 6718 -7086 5326 -5564 -5102 3455 3981 -2169 2115 2730 -4116 -133 -2828 -752 -3857 -5577 2500 -1264 -8958 -4752 4713 1834 9599 4268 -8467 2764 -4899 -5493 9600 -3546 -5824 7627 -3529 -7152 6534 -6682 5353 -1997 9910 -3961 7032 -1269 7563 3846 -2858 -8433 202 4115 -4779 -9159
7146 -4025 1970 -6387 -6548 -8307 3788 5005 3747 5937 2379 5540 -9772 6042 7896 -3451 8041 -929 3531 1382 2530 -2022 -862 7592 -2578 -3223 -934 2562 4288 9713 -8348 3953 -4008 -5652 8050 -1700 8910 -7420 1109 2970 -428 -2681 5718 432 2765 -7515 -986 6199 1461 -8779 -4703 -5323 -9884 9711 7660 -3240 -8687 -9950 5666 3258 -6694 8826 -4279 3960 7517 8873 -8899 9479 1415 5137 -7038 -4471 3662 6652 3925 3317 -4521 -1138 4945 2465 -6418 -638 -752 -828 4163 -8538 -8134 -9559 -4311 6267 -4379 -8150 -9256 -1336 9548 7505 -3780 5349 -8551 -5752 -2751 -7457 -5953 -1262 6210 3264 1222 -8686 8212 8696 -6216 8810 -4513 -8513 -724 5582 -8750 -5795 5556 -7212 -1984 4004 9050 1000 1547 -3316 3522 6056 9981 -6063 7583 -6150 4690 -5596 8722 9430 9197 3404 -3684 5175 4750 -1530 -7093 -9254 -2996 4310 6924 5693 5742 -6542 157 8645 4760 -7438 -5987 -2557 1151 1405 479 1387 -9146 5738 9128 -678 -2312 1875 -4387 821 -7622 -5954 -4821 3107 409 -2522 -8024 5830 719 7683 4582 -8483 702 1235 -3645 8257 -5977 184 -2247 -2713 8207 8432 -5831 -1208 9911 6363 -2706 6439 5059 9567 3768 -9170
4068 -5498 -5517 -4009 -231 806 2653 -6867 5788 -8741 -320 -3617 5105 5943 9812 -4328 6668 102 1131 -8721 -5527 -8478 -4127 -9545 2625 -245 -7439 -4268 -1616 -4821 -9283 -3429 2380 8794 4592 -8716 -160 9556 1313 -2315 6932 4005 7980 2690 -9356 6402 -4772 -7128 4207 -3222 -7065 3354 3451 8910 1627 1802 5555 1824 -8982 -8224 -3811 6782 5654 -1660 3112 849 9570 1170 -7829 3860 -5342 3146 -3696 -2828 9671 -6882 1416 -101 6540 -8180 2180 -5485 5883 5975 -9893 -4480 -1155 6278 1136 -8066 4371 -6966 -7417 9642 -9910 -690 900 8858 7063 -7120 9520 -1752 4969 9947 -1924 144 8565 7986 4819 -7465 -8117 -3633 -1423 1480 8140 4748 3443 3342 6981 -772 6692 7927 -6240 -7144 -6611 3759 3928 2851 -8582 2180 1768 -9847 6588 4717 -8318 8444 -8725 -8372 4034 1799 -5681 -3351 8257 -2332 3093 344 -5546 4432 9923 -1681 -7397 357 2157 5064 2997 -6199 6266 -1005 4801 -9184 -8084 4957 4762 8369 -1590 -2100 3992 -894 -155 2858 8602 4057 5311 -8901 -1303 8633 -9863 5366 -4595 -9554 7043 -8171 1082 -6551 -8836 -800 9292 -6974 5153 -3702 2964 3292 -2659 7622 -72 2479 -2719 -7562 7595 7706
8299 6266 -1826 -8565 5549 7233 -5127 -9457 6298 2911 8781 -1923 5904 -6193 2218 4648 2454 7166 2624 -7454 1721 -9970 -5799 1609 -5516 3767 4281 -3963 3765 9283 5720 -5727 3353 -3484 -7531 770 5298 -2828 -1720 2731 9301 5974 6925 2895 -7699 7702 5516 9968 -1724 -5055 230 8375 3769 -1369 -5468 -6624 -1916 9566 9884 2660 -1505 2293 6205 -2183 -611 3864 550 -9270 -9711 -420 2843 4946 -3459 -2234 -5300 -9852 -8378 3589 -6740 7548 9329 9931 -2872 -6546 473 -6794 480 1051 -2230 5186 -1219 1947 -9798 3556 2194 8568 2668 -2086 4477 8782 -4777 -2602 5985 8460 2893 2011 -1840 -1233 -1427 1983 -6901 -3026 -3821 -4072 -5576 8255 -8200 -9007 -8244 9285 4855 -4834 1691 9239 -2118 2118 -1435 -615 -7624 -3483 -5427 -8974 9304 2991 -7797 3236 6792 -4456 -145 3603 -7915 8486 -3989 5776 -5651 -2651 -7717 -4127 4028 -9388 -2550 -4473 8125 3945 7741 -5708 -6483 9740 228 2366 3172 -8269 -1194 8384 6326 -7607 445 -881 7458 -2399 29 -1156 -2980 2748 -160 -1544 -99 -6820 8833 -7099 -1980 -6522 -9463 7727 -7113 -5401 -4521 6769 -5246 -5505 -7540 -715 1072 -1235 -3852 -4617 -3469 4752 1729 8868
-3293 2285 -1506 7570 -8182 3714 8307 598 4690 -9255 -6599 3832 -4798 -7670 -4919 6154 -3947 -3304 844 -3533 -1125 6226 -8044 7294 -6007 7687 -3459 -6996 1270 2605 -4452 -9401 3635 5977 1108 -6319 5362 241 -6578 5797 -9205 -3087 -6841 5765 9971 8763 1946 6540 7362 8651 -2832 -3313 -719 -663 6715 -7835 -9902 -6806 6835 -6036 -2401 3353 5141 -5149 9797 2624 7608 -4608 -4495 3379 -1443 2583 -8859 5969 3842 -1319 -9202 -2738 -9508 -8741 -5254 5571 -8352 5188 2602 4408 831 1433 -1135 2307 4929 6407 -2768 9045 -1679 4203 -9711 -7146 2960 2032 -6145 -4152 42 9607 -7616 -4509 9641 658 -7691 -9604 -659 5562 -1665 7512 3647 4719 -259 -1364 -8973 -6151 2860 -6941 3811 -4251 -291 8319 4825 -4494 -22 5093 5402 9101 -1409 312 -3815 7336 5353 8321 6144 8459 6229 2148 9372 2747 -3882 1068 -237 -4908 7124 -8619 -476 -4774 -7171 1137 -6960 1875 597 -1935 9325 -1498 7460 1726 -5913 -7502 2890 -3024 1843 1741 -4011 -4356 9646 4958 -7075 5992 -2978 5670 -3830 -8477 -8380 3882 -1177 5375 -81 -4988 -3937 8120 -6745 1199 -6622 3161 5216 2926 4738 437 6834 -6387 -310 4946 -5425 -4343
1959 2215 4257 -8588 -495 -6958 -5897 -7355 673 -9198 705 6864 8165 -9817 -5675 -8401 7999 -5926 -9110 6754 -934 4785 -3485 -4610 -3367 -5814 -368 -8741 -5124 -7088 -7979 8695 8710 -3268 -5710 -7809 1943 5940 -3789 4838 3399 6911 5335 1761 9723 -8024 -6460 -6829 -9453 1376 -2753 3307 8510 2804 -1867 -9452 2317 2069 -8271 6643 5987 -9446 5418 8259 4686 5721 -4098 581 3522 6731 2419 -5947 -1473 7299 -5075 4575 -6395 -9875 6446 -6351 -6345 5220 -5134 -6416 9526 7075 9182 9839 4546 -5981 -3100 -3400 -9417 -8873 211 -3047 1295 2886 4240 563 -7977 8817 7010 -7709 -3904 2362 -8041 8020 782 7342 -2910 -7740 -9217 6580 3932 -6348 4979 8569 9639 6411 -4093 -4716 -8418 6390 -3120 -1023 -4772 1572 -1436 -3632 9468 -2906 614 800 -4178 -8615 1235 3918 -5197 4203 -8241 9525 5168 -6154 -7479 1693 9548 -4995 3817 -5729 -7098 -7454 -7255 9701 6635 770 6665 -7742 5175 9602 7891 -3412 -7793 1327 741 -4299 2486 -4121 8674 -7243 -8951 -9625 -9667 4423 7164 4620 8371 7999 -8819 5272 2676 -9610 -8251 3793 1106 -4898 -2821 -8800 -7472 -29 -7001 6250 -8500 -647 3945 -1676 7929 7028 851 -8526
-7682 3351 52 -8098 638 3373 -5044 6874 -8947 -1925 -5453 3974 -1966 4290 6512 -2480 -6805 9505 -1098 1414 -2197 5105 -364 -6640 5959 -3617 6164 6277 6000 3679 -9320 -5441 7493 -8321 9840 9196 5370 -4760 -1184 258 -1216 9752 6322 7691 -9868 7194 4857 -8045 -2430 6552 -7373 4769 -5784 9106 -2337 5644 2735 8428 9169 -9939 -795 5200 -8946 1063 -4324 -9188 -5578 7287 -9351 5030 -204 -4855 9440 1701 -8015 4166 -9638 -2097 -2711 5367 1153 6371 917 -1727 2123 1747 -2454 -1805 -2409 921 -7487 -6653 994 -1506 3071 3650 3578 -5107 -2599 6145 -3811 5134 8315 2922 -6276 6139 -2261 -3846 9419 772 2111 7585 6679 -3682 -6125 6393 9063 -440 4364 4410 7018 -3110 4962 3540 -7116 549 -4781 354 -7191 9108 -7150 9752 -9886 7426 -5845 -2397 6013 5400 -9927 -1739 -6198 2939 4669 6089 1783 -5641 -8464 -6333 -7905 -7639 -674 5174 -7536 -8354 -1837 3721 -5039 -5807 -3074 -249 9451 -339 -792 6714 6619 -4017 4375 9537 6636 -9263 6770 2692 1152 -9218 6099 -8820 -1436 9317 -8362 -5911 7702 7596 5466 -1491 6536 -5148 6770 -1398 3437 7304 7751 -3025 2114 4463 5082 9108 8464 7981 -6866 -2954
3736 1474 3427 4885 9853 -1085 4318 -6537 4986 -3969 2605 -6045 -3100 -4771 7752 4494 7981 -8732 7553 -5580 3577 -6001 -5866 1054 -4907 -5924 -1283 5016 4701 9364 4211 1449 -2614 -5624 8720 3631 -2613 6325 7043 2282 -4188 6968 -2297 8328 9305 9820 -746 -8250 9670 565 -7317 -5 5382 -6486 6126 176 -7646 7987 -3956 -4163 -9396 3275 9023 6433 -5408 3076 4747 -7734 2145 2649 1177 2165 -851 7065 7471 -7764 1884 -5328 9996 -6743 -4019 -1435 6463 518 8193 -3430 -3241 -4908 5443 -1096 4161 1983 -1864 -7332 4556 3525 3038 7500 2336 -373 -8279 -2389 -6246 -2625 1883 230 -2099 8910 4235 1441 -4884 -9077 3049 -2319 7640 -3903 7273 -5355 -710 -5022 5895 690 -4108 3497 2612 6385 7589 7918 -1073 6385 4111 537 9153 -3187 9219 6417 -4498 -3911 -8379 6405 -7262 780 -9807 4224 3765 6280 4291 -1421 -3386 -4913 6612 -7849 303 -843 -3513 -3013 -4835 4584 9864 -3378 2384 -2181 -8452 -6397 5762 -713 3393 6254 -6207 -7589 -6063 8278 -7165 4030 9927 7383 645 2313 -312 584 345 1931 -9831 287 -8412 -9191 -5537 3118 5039 4763 2289 7677 -3717 -2178 5261 9801 -5451 -5869 -9703 1644
-7205 3242 2805 -2409 3960 -4628 5537 -1446 -112 1760 3918 9328 8700 -8042 -6644 -7475 3420 -7782 -8081 2185 3933 3118 3025 2663 6226 1147 2312 -7462 -7021 -6240 -3550 -9935 -8187 5930 -8708 4569 3051 -8069 -4752 5649 4815 912 -3451 -3684 -5522 8035 7397 1295 -1408 7493 -700 8134 5314 -6351 -901 -1177 -5226 -8414 -2620 -2094 3049 8080 6322 -2657 6707 -8671 -3085 -7207 -9896 -3566 4266 2091 4086 436 -6128 1715 5963 3528 1805 -7207 -4547 2107 -5703 4230 2043 4947 6860 3284 487 -2308 4527 8483 2595 -9166 7788 5326 2968 3709 -5982 1812 7570 -5158 -2004 -6522 76 5599 8397 2087 4810 2287 5935 8476 4034 -3937 -4327 1952 -9015 -4837 -1327 231 8344 9352 3270 -4675 -9572 6476 8666 6906 -4 7960 -2814 -323 -2699 -6287 -3446 -42 -2637 -8871 9541 -9821 -8085 -355 5735 -4878 -7823 1748 380 -1457 3690 4798 -5976 5950 -6700 8784 -2246 -1475 5321 -4959 -7256 630 3630 -9389 1812 -195 -3380 -7766 -9361 -2802 2164 -8280 1587 9446 -9881 9415 4995 -629 4531 1486 2925 -8183 2331 -9592 -8659 9876 7765 2991 -2284 -2952 2197 3664 -1190 196 5979 8601 -4139 6347 -2873 -7122 -2090 4195
-9640 7243 2944 -7470 -8634 -9595 -5254 3033 -493 -5816 8382 -8935 8856 -3066 7783 3445 4355 -72 -3673 7502 -4743 2623 -3386 -3440 -9105 1136 4194 -943 6516 6157 -4776 -6618 -4468 8640 3999 2517 9281 9748 8377 111 1152 -8566 5223 -4715 46 5729 -7057 9068 4985 -4614 -9556 1981 -8366 2140 6717 -7827 3429 8647 -9818 -9882 28 -2192 7833 1007 35 -7971 -3226 7220 4504 -3391 915 -2679 -6389 -61 1108 2885 -3810 -9351 9337 2619 2380 -5801 5073 -967 9608 -7943 6632 5191 4174 -566 -875 -59 -1441 -3665 -1605 -9016 4154 1555 -8774 9532 -7408 8459 954 -7833 8711 8572 -2969 9122 5003 5871 370 2483 -7878 4171 -8784 9246 -6763 -6604 -5958 8455 2511 -4870 491 3832 -6387 -791 620 258 -6836 -9042 233 -5989 -7427 -9426 2396 -4450 2940 1832 -176 5778 2666 362 -653 6587 -5446 -9508 -1050 -4837 3487 -7192 -6559 -7897 -5132 -1686 -3606 2971 1882 9310 -8596 -7869 8183 48 -7212 -2114 6399 4849 5202 -8395 -6457 4976 92 9298 5361 -1733 -9652 2178 9765 -4113 -5124 746 9976 1609 6904 5533 744 3223 -8520 7748 -9806 -317 6763 -8698 -6587 9112 4519 -6097 -7286 -4108 -1753 -4295
599 -4792 -1046 5516 1327 5793 -1777 -1625 81 2436 6502 4257 -2452 3619 6628 -7342 -6520 -6846 3421 8598 9148 820 -6560 6424 5028 5655 5642 1175 -1088 -6284 -2144 -9466 821 -6518 -8157 7769 -5996 -8851 4985 9874 6161 -6925 68 -4737 3027 -3114 -2430 6062 -6943 8009 2936 6440 746 -8249 5862 4449 -3625 -5194 4717 2810 9500 -3953 -7976 4778 2025 -2479 4773 -9890 5872 225 -2898 5497 5783 8457 -2160 -5117 -2538 8915 -8430 356 -6796 7249 -5960 77 2929 -4116 -5462 1177 -7494 9534 9572 7924 -5428 -8578 7544 3119 -826 -5075 -9003 -8116 4250 -7173 1761 -9374 3267 -3169 356 9849 7039 5388 9954 3458 -796 2446 -8961 5058 -8348 -4068 8856 -8021 5344 -3809 -4968 7313 -7378 -1941 -1024 -52 7842 6498 2783 9512 6284 -910 2676 6812 2040 3135 -2158 -8723 -2006 -2026 -549 8922 1902 -788 -9665 -4355 -117 -3353 6306 -8909 2346 -7655 1259 1830 7070 4839 4334 8648 -5621 -7484 -9438 523 1373 -7722 3975 -2203 4265 -8804 -3969 3863 -7666 -8082 7330 5981 -1108 1546 1516 -2578 7831 8214 5552 -9111 6905 758 3116 3088 -8759 9305 -4943 -1764 -5855 5986 -6836 3445 6565 8724 7744 -2604
-1088 -9439 -9177 2663 2535 -1037 -5213 1658 -2428 -730 -6142 3181 4252 8109 -3323 -9420 -2585 -3687 702 3939 -137 -2921 2061 -1379 -825 8498 -7750 -4127 -855 -5630 -7198 5287 2843 6156 -6433 5882 3135 1676 23 9222 9772 -7860 9854 6172 -4385 1483 -7931 8610 -952 -1188 2598 -6775 -6307 -7682 -5676 5700 2341 1365 -1875 1599 8676 -8010 7621 -1912 -2045 -3593 -9962 -4488 -1289 -595 -848 -7033 -939 657 -1805 5899 -9044 388 886 -9342 -9931 2034 -4374 6532 -3563 6291 -6641 2740 591 5136 5943 9200 -530 4563 -5164 -6678 -1943 -4335 -4296 728 -4862 -684 -4837 634 -8739 -6996 4029 5835 2243 -3961 6965 -3976 468 -4925 -98 -6782 2140 -2990 1374 9745 1649 -7671 -5719 -6956 7521 9305 -9817 -5550 5387 8472 1400 -1912 -5040 -3284 -9826 -3044 -3887 -6429 705 3679 4289 5697 1201 -4880 3627 2886 -8241 -6033 9047 5469 -3491 6265 -5516 5641 -6242 5910 7705 4431 3126 4397 -9001 -8488 4125 -1485 3583 -5866 -570 7661 3674 -2803 -1638 -2116 6391 8663 -18 -1438 -2837 9930 338 422 -483 2029 9926 -3355 1039 -2010 9075 9744 -5949 1407 -6104 -2591 8599 -6213 2079 7555 -1656 -852 4222 -44
-8966 -3423 3232 -33 9056 2420 6805 -7776 3482 2465 -4217 -7739 -1319 -7852 -5741 -5866 -251 -6858 -2325 6632 9740 6638 10 -4038 8865 6264 582 1817 -1083 2875 -2049 -1518 -2380 6406 1165 -7821 4478 5327 4802 6719 4412 2846 -4587 -2471 -4939 7245 9323 2195 1612 -6882 5932 5706 -4684 -5512 -6301 -2123 -5202 -6443 9663 9878 -2368 -5241 4426 -8214 3412 -52 3462 -5896 -9586 2322 592 1727 -6024 7932 3080 -2279 8178 -6838 -3142 4806 -2447 -6886 9217 246 -7766 6020 8529 -6105 52 -2476 6986 -5626 -1962 -8928 598 -8720 6709 -7952 -801 -8374 -4980 -7675 4052 -1994 1953 -8988 -7163 -5774 9177 4715 8845 9683 7303 -8876 -6093 7151 -6821 -6661 6669 -3949 -7230 9437 -8680 8482 -8181 3548 -9472 520 2942 114 -8485 6768 -2488 -9378 7991 -6 9715 -7261 -9467 -4003 -2293 2087 1538 -7658 7640 -2910 1877 4969 7553 6947 -153 684 -5902 1453 -6495 -4718 9593 8420 570 2158 9515 2927 6530 7126 3362 1266 8721 5196 -7920 3834 -7304 332 4718 6808 9888 7983 7973 -8437 -5637 6863 2769 -6371 883 1516 -1866 7444 -2232 9312 1683 7978 8782 3657 -628 -4189 4408 8025 7656 4631 2340 -549
5570 -4070 -2796 -3661 -464 -2017 -1461 -6679 -3964 -1443 123 956 -7521 9025 6574 4840 -5886 -7771 1712 -7200 878 -6714 2342 2249 4380 430 -2192 2199 -4865 2767 4908 -4433 -5210 -1797 -2532 5986 304 9907 -2350 341 -7380 -9648 -9572 -1336 -8484 585 -3899 -6682 5070 4063 -709 3530 87 -766 -3483 -5150 -9980 4896 -9725 -8156 -5738 2035 7929 -6913 -4559 -4072 3255 7319 -6638 -7969 -9187 -2207 -5798 2528 -3615 6914 3335 -5813 -6434 -8650 -3988 6832 -2711 -449 -1739 -8745 8499 -5595 -6699 1462 6247 9907 -5291 -911 8811 4263 7030 -6383 -9409 -4528 6679 948 -8241 -1348 -3821 -3849 -8008 8218 6461 -8315 8933 7747 -3361 8911 -224 9891 -8511 8615 6983 -2592 -7991 -64 -6029 5263 -9877 5865 -9689 -6348 -456 -5563 8529 1854 -6089 -5275 -715 5131 3279 -1009 9577 -4812 6971 1295 4707 -4855 -180 1877 1393 2126 -4340 -7961 8939 -6950 3108 3876 -4724 -1795 -608 -9038 2832 -4464 -2445 7143 -5068 2187 -9532 -1795 -767 8996 -3509 -9140 864 -9066 4156 971 6046 -7747 7041 7516 -590 -5034 4709 5013 7951 9537 3372 -2728 5751 -1157 1440 6530 -2193 5141 6264 8934 9990 -8949 -1052 -6284 3336 6050
3603 -4601 2839 -8657 224 -2641 7305 5301 2366 2848 -7713 -9655 -2021 9601 4982 1077 -7562 -743 -5634 -3671 -8532 -6281 -6560 8223 -2129 4428 -5416 -4842 -1114 6684 -8247 -4128 1714 -6346 1611 -615 2004 8313 1225 -4810 -1001 5909 -9850 8195 -787 -8106 -7981 -3944 -9388 1553 2917 7063 -8438 -2912 7584 -2913 8353 -31 2782 7552 149 2901 -5673 -9918 -756 -7176 3043 4082 1110 -3392 3239 -2939 -4807 -4115 -7415 -1058 7451 -6449 -9873 1234 9141 -1487 2790 -3115 9061 2250 -3475 28 -9837 4624 -3110 558 -3693 -6318 -9876 6198 -3433 9807 -7501 -3451 433 -4220 6184 -5799 -3044 6990 -9681 4516 8595 5262 -513 -4025 -225 -6911 9254 8894 2448 -6040 -7698 -8848 -8523 526 -4542 -6654 -9678 4977 8577 5688 -8510 -4008 -1879 -8538 -5369 9912 5895 7908 5511 7044 3670 7781 -9325 5310 8324 -2593 -6265 -5878 3606 6697 5364 -8493 -3968 -9707 -1227 -6456 8197 6906 -669 -9891 4761 -4406 4468 2571 -3031 3143 2114 4402 9733 1261 -3284 1993 -4541 4841 -9426 5937 -3412 8911 2818 4608 -5315 2183 -727 6709 4912 -9490 9690 4632 -8089 -4409 9216 3725 9946 5186 3942 4596 -245 8486 -8830 7767 -5656 8453
6469 4563 -4538 -2363 -6438 2500 -4351 2661 -9857 1851 789 -8912 4483 6117 -2537 684 -7968 3008 1140 -3728 3578 -8593 -2815 -9895 6543 1995 239 -1122 7667 -8116 3458 -9011 2567 7252 9880 -9832 -8624 -5014 -1340 -269 5036 -5319 -5132 -4484 -8350 -5258 2266 6692 -3097 1780 2953 1302 -6454 -1913 6434 5700 7187 8240 -7109 -2051 -182 7328 -3251 -4067 1690 5755 9008 -9668 2124 3885 8915 -5657 -2007 2516 -7040 -6330 8768 -7167 -5014 -9672 1074 5987 -1597 1640 -4103 -3559 7176 3110 -857 4101 9589 -2327 4489 1140 2947 -9294 -5617 1620 -3303 9474 -5234 -3905 7226 9808 7083 -6679 -9314 6873 2782 -2525 -1977 6792 -9211 -448 7694 8622 -9238 2020 5151 -6593 -402 8921 -7778 2470 3388 3386 4917 3684 4829 4231 8250 7755 -50 -9673 -1693 8311 -3619 -5691 -4416 -5002 -6747 -4151 -2475 1321 4806 -3636 6298 -3032 7091 -7441 8940 5351 7034 2575 2892 3575 6040 -8774 -1274 9821 -4049 3228 4533 1770 3016 -9987 3529 7470 3698 -4976 2394 -6510 -543 -6935 -1445 -5779 2596 -8836 569 -9369 -9953 -3992 -2023 -1501 9986 -6239 -8271 8381 -4043 2318 -2862 -3774 -9609 -2866 -3195 -1233 -6374 -209 8009 7947
-4719 5659 -5941 3149 2467 4937 8263 -5802 -2429 -3941 -1152 3229 -1369 -6842 -8889 5053 -8995 -1923 -3406 -2169 7254 1358 -5958 5441 -2317 -5922 -6355 6547 -7097 -800 -9651 8544 6977 -3624 -6722 5435 -2055 -1334 6943 -8875 6385 -5225 6578 3598 5128 -3121 9003 6397 -7859 -6793 2245 -6544 -6485 3565 -6768 -9499 -2592 -1376 7697 2918 251 5682 8924 -6495 -7826 -5446 -1442 -3449 8122 -5559 6990 6113 -3447 -6206 8091 -1178 3886 4221 8405 3458 4378 8438 -1424 -8196 -9730 -5917 7435 -5754 8166 -41 -8098 -2694 4359 -4208 5263 -2554 -3094 -2048 4273 8332 1127 -5092 7885 -3641 -5250 2071 7073 -5072 -1219 -2201 3641 -4497 2375 5981 6533 7249 7525 1376 -4208 -2259 1651 -541 -2346 9528 -2374 -2418 -4626 3549 -9841 -8605 -9847 -4614 -9777 4935 6522 -8801 9455 -346 -8570 -2600 -7984 -1337 3947 -2523 -9874 -7304 8377 -9290 7863 -4504 -7644 -3916 9902 6679 -2489 4902 9100 2074 9259 4440 -3191 -4043 211 -2046 1145 -9443 -666 -1103 -5618 -4582 5832 4276 4434 -9254 948 2982 -7517 -6451 9850 899 5323 4804 8815 -162 -4225 -4261 9631 970 -6872 3181 6718 8745 7228 -8733 -927 8508 4521 -2594 -5644 -4987
4285 5881 -388 393 4039 2526 -5263 -5487 150 -9930 1535 8543 1044 -657 -3985 -8473 -4387 1321 9402 4226 4116 -8960 -1479 7485 -2831 -3015 -1895 -9748 2463 8651 -1546 -6155 -5149 4202 -5925 9354 -9168 -661 2365 7941 7771 -9690 -9843 1574 -1184 3578 5631 -9256 3967 4542 -1669 2172 -5541 -5581 1535 -6542 -6966 6914 2433 -5275 -7921 -318 3227 951 -3027 -3371 -9999 7186 6764 6599 -8723 9138 -7116 4605 -6805 53 -3708 -7431 7770 4458 2611 5161 6940 9184 -426 9339 4088 1396 3166 -9786 -163 62 7614 1500 -3546 -8511 7205 9130 -6462 -7607 -9368 6050 -1034 3827 5093 5830 -2682 780 -5142 8575 -3261 7890 5032 2741 -5545 6661 -1817 -4071 -789 -3511 930 -5377 6292 -8180 -9944 8463 -9230 7603 3022 1770 1710 8966 7503 -3110 -3600 4259 817 2403 -5296 -2386 7324 4034 -4505 -9105 -1966 -6363 1818 4558 8117 4459 1980 -2533 7813 -1187 -6249 5308 -1251 -1107 -5196 7518 -6422 -7204 -5584 -1158 8026 -5424 2233 -6615 -4481 5489 6178 -5924 -8032 9992 1869 -9622 9873 7919 6062 -85 9783 -7115 -655 -479 9788 -923 -6096 -6224 2368 -3304 -7242 -1086 -7056 5578 3680 -363 -3676 -8279 -1824 -4409
2387 4713 -5763 -9016 -771 7187 -1214 -4123 -5752 6260 3931 3325 3731 7451 7121 4154 -2700 -3095 -6917 -7377 -9387 -8266 7907 -4048 -9957 4378 5895 -2786 -7056 -9763 -2210 3498 2674 -3877 -6339 8986 6750 2698 4793 -936 -4684 1749 9159 -3305 -6465 -1915 7583 -602 -8905 -2469 1003 1686 8353 -4374 721 8214 -1015 -1609 -3094 -2722 -5924 -6789 9911 -7961 -1869 -635 -7197 -3246 5184 -7498 2139 -2908 6542 -8930 -8744 9141 -4127 3037 4217 -5823 8657 -1746 3024 -8733 8506 -7875 9147 -4520 -4774 445 6618 -2724 9431 -3590 1565 -5581 895 -9723 -2684 -9249 1070 -4986 2596 -7446 -1477 -6819 -3895 -5296 -8226 -1965 7578 -8871 7349 -6687 735 6699 -292 -4237 4851 -8560 -8112 -7744 9743 -5797 1055 -3003 -8113 29 7217 3253 -2528 -1475 900 -6699 3124 -8773 7064 -1880 -6134 -4429 6401 7329 -2878 -3574 -487 -8750 6243 4388 -9912 -4525 3804 -396 4427 6214 -2919 8367 -1673 6184 408 4953 1580 7347 655 8719 -2668 9441 -2511 -3174 -4999 7329 241 -261 4988 -4535 -5897 -2119 9768 8121 -7634 -2495 7663 9832 5149 -1931 -6347 -3874 -7736 2398 -5468 -3947 -7313 -5131 8397 -8232 9932 -8656 2183 -8002 -4388 2520
8465 -8627 -9109 1524 -4366 4947 7703 -7507 -6581 2936 3044 2857 2557 -1773 8723 -5774 1812 -4120 -3041 9179 2780 -4167 9778 -1627 4578 7524 -15 -2944 -359 -8952 519 -1663 -2092 -2778 -5302 -3605 -7830 6430 -8985 -9344 8536 -6844 572 5607 -6638 -6878 2882 -371 7781 1022 -1180 -588 -4809 -2342 -895 7277 6709 -1822 3157 -6251 607 -6888 2618 2637 -157 1021 3010 -8889 3943 -2015 -5069 -5134 -808 7591 -3348 -7228 5907 -7632 -3867 6716 -6058 -3479 -969 6768 7909 7676 9144 -2082 8067 8645 4463 6065 6862 -4915 9743 6798 5896 720 -5761 6983 6711 -343 -8170 3719 -7637 2066 -9081 -785 -7566 1522 5716 -3865 9381 -5239 -5429 -2549 1888 -5518 -1849 -9045 -2700 -4594 2915 3851 9304 527 -201 -4197 1861 -500 -2747 -9898 -7497 2136 8643 2072 -5789 -9527 -1450 -6515 -9787 -2882 1008 1808 -3475 -5008 3134 6404 -5147 8801 -6422 7365 9821 6733 -4868 698 -8486 -885 5371 6788 -5138 -5904 7199 694 3221 7252 -9679 7740 9753 9255 -7161 7951 -1819 8643 -292 1571 -7783 1183 -3870 -611 -9566 8286 -6555 -4310 -6594 -2489 5479 2177 -9511 6469 6120 7126 -6289 2127 -4405 -2520 -4303 -9363 7163 1891
-8981 -3714 9418 -8585 -2653 -9465 -6234 2875 -7977 1962 5263 -2850 8470 9165 -5446 375 1869 -8427 -6240 1349 -8220 3277 510 -2711 1796 -4152 -6259 1266 1870 1043 -6838 -7260 322 7082 1118 1695 -6164 -9982 -6470 -5634 -8406 -820 -4966 -523 1638 2615 -6728 -7447 -2210 8493 -3900 -2052 -4062 -8124 8086 5003 3156 -5174 -5399 2939 9820 -4843 -327 8170 2983 -9455 5066 -4947 6326 -5796 -6560 9016 1428 -3328 1058 5078 3874 5332 3317 -5961 -2773 3112 5168 -7247 -3219 -185 -475 -9254 -3959 3771 1564 -9861 -4601 -1115 -9336 -4388 5027 -7952 -6219 -6431 -2670 4463 3941 6873 5185 -9479 1157 -7018 -8948 -2894 -7494 106 -7154 1088 -3702 -7544 -3681 8163 4526 5436 -1045 -974 8749 4709 7812 -7505 1689 -907 7072 476 -6616 3244 2448 7540 -7861 8032 -6401 -7307 4906 -4823 -6258 -6644 2461 7867 7551 3292 -8884 2659 -4225 -9014 3974 331 5889 2491 -7181 1915 8788 -8583 212 -3624 5 -3294 9984 -462 4630 4556 -1161 9602 -2870 5349 -2069 -6346 7422 4259 -4590 6559 6723 3583 -4763 9525 -8309 -1830 -2231 -4274 445 -8959 -4932 -1530 -531 -8841 -5595 8758 366 -486 -492 -9809 481 -5838 -3637 3048
5969 4354 -4669 -4216 9877 -3230 7122 1611 -2520 4255 7781 -8773 7213 -2881 1759 -5805 3784 -4082 -4815 7857 9376 -2921 -4191 -2375 -5689 8445 8858 8447 1473 5666 -7725 8117 -934 -4866 -6235 5577 -5859 8273 5707 -3803 7368 -2758 -4416 2473 -4150 -4124 1288 -5338 -3484 5649 7241 -6062 -6212 8091 -2278 2573 -211 4968 2631 -5781 -3637 4994 -2884 -1307 4350 -5701 -1466 -7750 262 -2491 1862 -1162 2896 6544 -3822 -4775 5855 3985 -5691 -4726 -4354 7906 6310 -5200 -7768 -9369 7604 9804 3956 4178 -8813 -3347 8952 2593 -1988 308 5284 -4702 -7347 7189 -4635 5623 1596 -5797 -6721 4004 2770 6232 -6341 9546 -4636 -7281 -3703 8982 -1964 -1618 8340 -5948 3675 -5581 4770 -9021 -1473 -8656 7002 -1620 -6937 9849 4334 7559 5944 2354 -7133 -8750 -8923 -3169 -5189 4365 4235 -7525 2448 -2371 -366 -3002 246 -3174 1221 -2608 3621 6936 -5186 5311 -9945 -8684 8802 9427 2937 -7750 7808 7687 -4232 -2653 -9081 1104 7514 5291 6130 4662 -2852 -3092 1384 -4479 -7190 4867 1794 7701 7360 6431 -9099 3875 9526 -4259 -7903 -377 -1338 620 88 -970 8770 -8758 -6680 -9514 -6206 -3321 952 -940 5074 -5831 -8679 6923
205 -5539 -1967 -987 6780 -2335 6651 8815 4676 3007 -4321 -4811 7406 4349 1928 -283 -6931 8846 -154 -6257 -8327 6821 -7860 -9599 979 3325 3687 1019 -4456 6119 594 -3210 8780 2654 1516 6957 4750 -7031 -1727 4919 8802 7514 -3743 9219 -3177 730 -7957 -6502 -3799 3258 -8589 -572 -2607 152 -2573 6462 -3736 7433 -3463 -5230 8445 -9255 1016 7681 -5052 7760 -4009 9653 -7335 3021 -5051 -4121 2864 -6749 -6410 6055 9283 -5600 2100 2209 5841 64 -8442 6991 -1041 -7228 -3873 -8153 -5613 4856 -2219 -903 2831 2935 -7673 9287 -479 -7825 363 8357 -2607 5863 -6457 -113 8237 -5737 8371 -4404 8329 4424 -3302 -6358 7501 1267 -1439 3254 -4012 2717 -4271 -319 4452 -4536 -9403 -5187 7247 816 190 -3241 4641 -191 9437 5220 7904 -7081 4071 4306 5494 6538 7607 -5201 -3267 -9356 7494 2555 -574 4805 9104 2388 -8794 -9659 -1768 -6862 821 -7564 -5660 -5038 -4002 -305 -3670 -3610 2390 -4114 -9600 -6961 -5944 -6973 5161 -9989 -1986 -7633 -861 1285 -9280 -9051 405 -4742 236 -8950 -7432 8952 -6918 3817 3694 -9157 -6680 1861 -3206 4933 1030 -8035 4837 -5519 6110 -9544 7880 -5839 -3887 7191 2044 -2827
-8408 -8661 -8914 -925 -5141 8275 6905 9294 8141 7893 6583 6275 -910 6218 7768 -5510 5003 -1041 -7564 1479 -5338 -9214 -2334 -8137 -6841 -1906 -7998 8890 9360 -6573 2767 -9972 -5393 -7792 -3588 9493 -8348 -9983 -1429 5847 9085 -9827 -3769 8865 7486 6297 6294 -5273 -2792 8170 -6796 1816 9432 4684 -5141 9601 3480 2179 4194 -1487 3119 -6829 5004 2326 -6015 -6680 7810 -206 -1363 -6234 -2898 -7465 -1190 8920 4928 -6058 735 -4001 -5606 235 1475 7883 -4143 -2902 2413 2274 4294 -6641 -9644 2366 8329 3708 9442 9139 -8580 -8555 3932 2803 -7514 2695 -9006 -3629 7077 -715 -6829 -1031 1787 978 -8389 4529 -9269 8573 8322 -8302 -3939 6077 -2343 5246 5604 6608 4547 3539 9194 -5872 -1238 -6720 2188 -4889 7823 -709 6779 -3577 9483 -5197 5299 -8119 4015 -1171 6556 1811 -3041 76 -7538 5408 4997 7676 4528 6118 -6889 5274 6676 -6659 5829 -5066 4981 4246 5882 613 8777 -7850 2663 -6316 -2696 -1898 9239 -4748 8432 8722 8988 5585 -1925 -5452 -2859 9551 -969 -7290 3908 -8320 -8803 -7364 -2196 -3207 4093 6899 -2995 3644 5109 7088 9786 -1202 -788 4833 -320 -148 -7087 -3472 9580 -797 -1185 9360
105 -7331 755 3357 -2783 6050 -8001 -6389 -4976 7441 9525 8865 -5676 -1973 -3180 -7900 9501 6767 -9978 -4317 -6427 -3849 2338 4221 -7652 3543 2872 3061 2942 6383 6529 479 9850 9344 9691 -8893 8824 9017 -8240 -1933 -8478 3213 -8883 3499 6713 9585 -822 -4725 5151 9071 1600 -5875 -7582 7969 9460 7812 -1524 3296 -4081 -2469 -4361 1922 861 -1363 4979 -2772 7391 -7914 -8549 9654 216 8670 5321 -1323 8933 -4617 6221 6922 8528 8687 9352 1613 8616 -2647 -9317 -3846 -8128 3618 1724 -9491 9970 -8860 -6549 3049 7149 6220 -3869 6294 774 -1678 -1476 -5797 -2605 -2993 -5981 7455 2366 -9640 -9470 -2899 -4420 -1857 -8797 713 -5456 -4355 -5041 -287 7556 6213 -6094 3773 1110 4120 -9167 6141 5394 -6572 5818 3597 -2004 2814 -8688 1579 -7989 200 -8697 -2190 3898 -2424 -306 7322 5491 -4051 -6603 -2843 -847 6494 4265 8057 8072 3029 -7581 -417 9710 1476 3056 2393 -9441 2604 5728 6289 -5686 2805 7414 -9875 -7687 -9532 -2326 4806 735 -4512 -2674 4314 9838 1122 -1900 1552 -8528 1222 2642 963 -6303 -7985 1403 6845 -7305 6311 4450 -4279 -6954 6141 -5619 -8740 -2970 -8569 5793 -1045 -5923 8111
-1819 5570 4195 -1713 -946 1997 9826 2315 -7463 5107 -3073 -8056 995 8116 4078 -7210 -2417 -5937 546 5754 4681 -2012 -5401 8886 -2133 -3591 621 -2127 1092 -4151 -7215 -9765 565 4813 9183 -8305 9248 -6393 2430 -7253 1551 -9452 5849 -2750 -6122 6949 -6886 -5868 8345 -2825 -6659 -8467 6623 -6384 -9734 -3874 -452 6124 -2975 4728 3130 9907 8327 8088 5223 7489 8681 3162 -1484 8778 9977 -6126 -5951 -2669 -556 3757 9504 892 -6026 -134 3125 -4240 3420 868 -2180 662 3165 -8757 7260 -7509 -7599 8032 -2392 -4341 7306 1653 5227 -6760 7698 -1522 -1329 3285 8959 -7668 6094 6919 -8881 7439 669 1988 -5475 -4247 -7915 3652 9007 -221 8668 1485 -9952 -8771 -5171 8281 3259 2564 3425 -8329 -7190 -7348 -9878 -2336 -1514 5205 -971 9320 -8357 -6151 3286 -855 8459 9668 2490 -4390 -4121 -7473 2053 -5379 -4881 350 1542 3999 -9361 110 362 5456 -566 1306 -9537 704 -3791 9780 3778 -5130 9403 3849 -5818 5595 7075 7520 6742 -3548 8021 -5183 -1354 9375 4416 4293 -4027 -6031 -2745 -6326 1275 -3341 -3280 7239 8878 7873 6405 829 -9936 1287 4219 -2337 -8991 -3107 -5515 -9703 -101 2954 1297 4390
3264 4323 -2015 -2469 -8599 1212 760 -1785 1466 -9182 3594 1047 -4647 9951 -5157 4781 -5414 5423 -3063 -2950 8539 -4528 -3077 -6644 2717 2282 107 -629 -5129 1127 8144 4039 5116 9814 1269 8349 9931 -4790 -466 -8234 -2234 7898 6252 3908 1909 -5617 -3331 6018 -2187 8780 8334 -1769 -1243 8987 -8231 3836 -1600 -472 -2042 -886 8355 -9093 6444 -8507 193 -7041 -4080 5684 -7040 -1421 1011 -7536 5076 -8126 2674 -8833 3961 -2895 7341 -1608 3787 -2050 -6087 -1723 9577 -5444 -7850 5630 -6283 4062 9453 5704 -7632 9684 2920 4525 -3379 9779 1763 -4866 -6589 -231 -909 -7323 -9545 8070 3449 -3895 -4126 -1162 -5230 -6327 -2549 5579 3227 -8242 5959 -5956 7241 627 -4987 5572 7082 7927 4784 4788 6033 -567 7463 -3831 6445 3416 3402 1070 7156 87 2732 8013 -861 4473 3602 -8324 8459 -3350 -8593 -3644 -8365 4172 -2040 -4761 3309 -6007 -4979 -9427 -7596 6740 1638 6974 5135 2915 150 -6975 -4995 -4716 3592 6908 -5155 3685 -6787 9905 9912 -117 -7905 -259 -1756 -4781 5392 7030 -9586 -6158 8903 -3759 -8858 -5878 -3194 6247 -5045 3903 -4093 -8765 3452 5005 -9568 3661 8234 4862 9559 -3461 9297 -2588
9837 -6584 5600 4626 5573 9537 -6713 -2066 689 -8140 2734 -4377 -593 3556 407 1572 3676 176 3568 -9376 -8256 -86 9278 -6636 6045 -5671 2910 -4061 -4493 4682 -4859 9097 5391 4825 7651 5610 -18 6887 9951 207 -187 451 6347 9663 -312 4889 891 -607 -4703 1237 -6492 8863 -1662 2284 -6681 3995 -9436 -4305 -6314 -5511 -3971 2028 -3960 -7233 6211 -4813 -8284 -8742 -7197 -9029 -2273 -7840 -2383 -1457 7684 252 1311 4509 -3581 -8544 1611 4791 -1230 -914 9720 3616 -983 -59 4097 -4213 -5840 -9434 9336 9612 1559 7393 4807 4772 -8645 4415 8562 4897 1291 2867 796 -805 -8077 1877 6337 -5882 3887 -3777 4535 2441 9628 -3936 -5266 -3869 -1028 1175 -531 3321 -2340 2555 -2270 2430 -6812 -6995 -7368 -358 8459 4104 -3768 3903 7892 5309 -448 3546 -9631 -8252 2453 8592 -2352 4877 9920 -2541 9852 4500 2809 8782 5591 3405 464 -1516 1738 -2841 2710 9075 -6299 -3998 -6564 -4439 8536 4243 8355 1667 -3173 488 -4743 -8781 1138 -203 -3013 -7524 6945 -5052 4058 6300 -7650 2981 36 1554 -3376 6740 2182 3055 -6479 -7852 -295 9445 9754 -7067 2845 2641 -667 -4840 7334 -7346 -4683 -1651
235 -4613 -8211 8072 3958 -4138 -9055 8649 -4039 6132 -7206 3683 -7456 7410 716 -968 -7832 8128 -9661 -8823 5563 4765 -3166 -7818 3120 9836 -3169 -114 -6954 -2392 980 -713 -5271 -2729 9180 2471 2335 3094 8905 1139 -6263 -3850 7948 6478 6849 5772 -4826 5499 5492 -5232 -7835 -1338 8194 8349 9877 9936 -3104 -9933 -6322 4156 6160 3829 -952 141 -835 8226 2317 2054 -2420 -8881 9703 8423 3073 198 -7423 -6601 7263 -5780 -5168 -8744 1324 -8597 9953 8616 -1556 7238 -7441 -2968 2738 -6895 -6574 7490 -677 2424 -2500 -5457 6468 -1762 996 9991 3513 -8933 9537 3190 -5524 -2977 -5093 102 1692 6818 -1510 2314 -3862 8805 9135 -1303 846 2111 4283 -5521 2477 -8638 5302 -8561 -1954 2735 -1526 -9772 -724 -4173 231 5781 389 8783 -7737 9306 6906 -8210 -5074 9430 8078 -3541 -7202 4719 -6524 -1308 -7320 -9921 -5180 -7157 -4252 -151 -6072 1361 -1444 -5348 -9529 -2045 1088 597 -1095 -8281 9141 -1699 7803 -6248 -5594 7304 -8154 -3702 -3725 5800 4406 1108 8283 686 4953 1422 -7372 -5159 -1312 904 8194 4268 9096 6296 -2564 -1134 -2773 -3658 -8638 8552 -8783 -9028 -8445 -9775 7192 -6816 -2226 -14
-2848 -9385 -5021 6258 3694 2066 -7439 9094 9283 9733 4592 -5110 -1775 2126 6649 6959 -7717 2140 -2929 -9051 -1957 -9713 3685 4094 6341 -9781 2791 -1626 -717 2638 4728 -9843 4934 9064 6885 3245 8433 1720 -6145 -1686 -1240 -4059 -6252 -7369 6843 -3778 -3321 -611 8224 8851 1791 3190 -768 -3674 940 -391 5893 -6635 4942 -1491 3987 -1343 -7472 5888 1894 -9060 -5238 -2933 5403 3028 88 -4030 7426 1537 -1462 -4189 7573 1004 8096 -873 5162 -4814 9337 369 -8726 4576 7958 4421 -595 -7186 -3754 -1009 3286 -7106 -8826 -4117 -7028 -7741 865 3341 -8299 -1420 7386 -40 -6923 754 1922 -9444 7806 7889 -1452 8646 9221 2789 1573 -1278 -3586 -778 13 1607 1577 -3647 4526 -5680 -620 7246 -6550 1213 7249 -4617 -6381 809 -5901 -6445 4368 -8961 573 -412 5429 -2032 -7578 7486 9702 -9478 528 6378 6600 6654 -9875 7893 3181 -4908 7648 5687 -5046 -1649 -3810 -2292 -6212 2803 7835 7145 3618 3178 -7281 3112 978 1521 -3289 -3060 1115 2989 9377 3955 -8108 -1224 -5753 -7762 8570 6195 -8860 4461 -2351 -9503 -2675 -6281 4243 6579 -8590 6586 -910 -1127 -9681 -2331 -3021 -2645 4973 753 697 -998
-3872 -2701 -6645 -8003 -1168 -2984 7937 -1596 760 8742 7945 8066 -5230 -9533 -6624 2617 7091 -1286 -1215 -7091 5585 6688 -8033 -1915 4735 2108 3647 -5381 -6908 -66 -1405 -4223 2509 -3734 -3784 -4876 6721 -3546 -1034 9414 -6319 5601 1043 116 3579 213 -2590 1017 -9877 3893 -7812 -5084 5771 -591 -2687 4290 183 4172 -1467 3922 9804 -4395 270 -3356 -1303 -6955 -4740 -4866 919 1823 -9053 -3441 -6161 -6563 4888 -8302 -9771 -3577 -8720 7914 -7379 -2803 -9841 -5624 -4607 -5801 5492 7666 6706 5461 -536 1388 -8694 -3103 8298 3315 -5664 -2421 1782 -7432 -6462 -984 -9152 -7937 3191 181 5924 7445 -9726 -2303 -7179 -7274 7782 -6041 8449 531 3111 1228 6102 4326 6310 -6582 -482 3692 6218 5300 5398 -6021 9725 -5928 -4848 7910 -8030 8553 9916 4867 809 2879 6676 -4396 -6231 4751 3370 2767 -6024 7289 -7714 6716 4037 2396 -612 -7875 -6670 -3019 -7749 4819 4746 7133 7860 9423 -6336 6480 -5647 -8239 9789 -6547 1395 2456 -4285 9630 9627 -2068 -6431 6641 -9630 -1476 2992 4167 6514 1888 8080 -7156 -6063 -9084 -7510 318 -4665 -2838 -7931 -7334 -5513 4699 -1309 -6795 7174 983 -17 3395 -8496 -282
-5578 7677 -1205 9507 7132 -9819 -6371 -305 -102 6046 -3355 -6131 -7264 2144 2210 5415 -2742 -4177 -3585 -6873 -8040 5424 -4544 5492 -5290 -7818 -7487 1639 -1023 3806 9072 1901 -5616 9331 -4117 -1168 -1465 2151 5365 4761 -1503 864 2654 4307 8208 4849 4458 -5392 -7249 2254 9085 7351 -2012 320 1311 9013 2915 -5306 7346 6579 4318 2637 -4362 8756 9770 -7697 7090 -9741 -7172 4048 6224 7411 -5731 -7409 -5440 5862 2104 9780 4067 -4293 9178 -273 1783 -196 4489 -1007 9152 7310 -7762 8312 5022 -4152 5180 -6013 -4884 2370 9241 3236 465 -904 -5887 386 -7497 6697 9319 -3743 -7760 8518 5697 -5799 -8237 4836 -6531 9158 -8428 -1385 -7228 1246 -6884 8789 4877 -3015 6103 459 -1371 -7877 6555 7819 3294 4864 -5722 2255 1994 -6523 2468 -293 8048 2471 -3734 6023 -338 -7464 -7880 -4045 5196 89 -2783 -2189 6416 8046 4312 -3263 -3822 -7806 -1613 -7084 -2109 -1428 -3787 7216 7144 -4063 1572 -3651 -2434 9843 4253 -2543 4188 9733 -7106 8603 -8495 -8611 2751 4477 3937 -784 -8431 -3443 8727 -9545 7669 6321 4318 -5726 -2036 1189 -6403 7829 5310 2421 1198 2103 8273 -3790 -1119 -8712 8238 9395
5649 -8053 -9921 -7809 8588 4375 3023 -3408 6094 -9724 -9187 3563 -5088 -1097 -9830 -3820 812 -5893 -9621 4495 -8003 6373 1956 2847 2748 -7008 414 3063 -2053 4896 -8647 -9430 -9785 -1508 4475 -1133 172 -3632 -8934 -8425 -301 4736 6670 5264 4107 -3208 13 -5697 -4778 8914 9925 -714 -3156 4043 7444 351 330 9177 -7433 8962 6720 4086 -2574 8714 -99 -8479 -8725 117 -6915 -7920 6290 4485 9650 -4270 9490 -390 206 4503 -8354 -2729 -3104 -7351 -9620 5303 9767 7087 -7125 -6076 2730 5342 7151 -3462 -2505 -3671 -5977 -3456 -9507 2311 6903 -4433 -4319 489 650 -7976 4883 -3535 3990 3022 -2078 -8812 6228 5203 5191 -5581 1330 -1913 -9963 -2695 -4059 2478 -5226 -1772 8304 4406 7268 -4925 -4362 -6402 1740 9084 261 -3779 -1160 7016 5313 6216 3430 -8487 9983 392 2029 278 -1076 3431 -6719 1032 2037 -4212 -7826 -78 7702 6337 7506 -8147 -7446 -8356 -6329 429 -4874 457 -3897 1028 -8392 -5066 7443 8753 -2243 -5846 -3410 763 7729 -6619 -8340 6421 9509 3842 3011 -7844 6439 7668 -4752 1364 -9886 -6909 -8431 -4257 -4904 -7346 832 -8342 4976 2523 9884 7126 -9249 -5423 9267 -2603 -5441 -6700
8627 -9602 -8017 8166 -7785 -1688 4728 6775 6272 -7242 -8403 4655 -1350 2469 7245 -635 1796 -6738 8091 -445 -3087 -7970 -5475 -1492 4097 -7319 -2633 7983 -9122 -5844 3645 -1768 8831 -6885 6911 1931 -9110 -170 -4314 5282 5485 5806 1261 -2764 4639 9896 177 9468 -3342 -6347 -6938 711 -7984 -6478 -7184 9714 9989 1415 5082 4847 -7708 7432 4646 -2745 -331 5727 -6732 9756 -9357 -7931 -8362 8500 -4833 598 7609 -6685 9969 8647 2961 2652 -2858 6421 -8557 -6158 8597 8204 7170 -8629 -9424 563 -5874 4655 4862 -6564 -3761 -6001 -4263 -4764 8033 -6241 8533 7661 5549 2697 4967 -131 4470 -2057 -9623 8773 -7644 -3289 8946 -9205 5770 -5275 6294 6662 -636 2980 -1717 2567 -7576 2173 273 4675 -9221 4261 -6381 -1788 4864 5994 -2181 3109 5434 1320 -8260 1284 -7836 -9022 4914 7926 -598 -9285 4088 1590 -6501 3650 -9893 3083 6657 -4394 5881 -1776 5397 5574 -6726 2124 -7459 9902 1519 4949 -9026 -4252 -3053 -5882 -6890 3586 4833 -4612 225 -7484 3254 -1452 -2462 -3971 2891 9930 -1240 4 6914 7427 7735 -5645 1877 367 5218 7951 -3973 886 -9340 -2279 9272 -6337 -3881 7743 -1936 6473 -8908 -7996
-6179 4697 2776 -4544 -1736 -9783 -1383 -1001 -1502 3939 -7173 5049 3116 -9193 427 283 7091 8015 -1803 -7974 -1835 4805 -8497 -2568 7663 438 -360 6905 -8267 -2836 7509 -8174 -4038 2176 288 -333 -8879 7894 3589 -503 2383 673 227 7582 5139 -8506 -7335 3926 -1955 5564 -7415 7696 66 -5069 9600 22 -7932 -969 -7871 -6481 4977 5513 -1316 863 -936 8363 -7715 -9533 2976 2279 1652 8409 1111 -9262 -4136 -4966 -9538 5452 -9187 -798 9973 -9961 -3931 -4296 1224 5424 5695 -5760 3570 9490 -5096 -1755 2193 2612 -1326 7092 -5584 -6705 4852 -8898 -6127 -1213 -2842 -4678 -4406 5514 6607 -4789 -5422 9373 4972 5426 -8857 -6655 -6806 -3006 -5087 3420 3688 9264 8915 2064 9869 535 -5156 1044 8492 -938 2441 3450 -9943 -4162 -1574 2200 -3983 2331 -3734 8863 -5555 -7964 -211 1888 -554 8638 9238 -272 -6245 3364 8709 -5907 -7343 633 6826 5252 -4674 1090 7387 9680 -6350 -8648 3241 -4552 7786 -8903 860 -9449 -437 -9517 7777 -4820 -4653 -8489 4471 4395 -7869 -3426 5759 9470 4756 -2248 1106 -1968 4376 -4743 2211 -3464 -7652 5854 3378 -6559 753 -5229 -5949 -4196 -6582 -4903 2579 6916 -2966 5196
2371 6907 -7143 353 5905 7550 7401 -7049 6106 -2369 9420 7324 -9248 8903 2646 -4626 -5077 1719 -3893 -6151 -5549 -675 760 2797 -4105 -1618 -6922 2318 1294 677 -8432 8566 3516 -4794 8437 -6759 3711 3819 2743 -103 5985 -5278 8360 76 -1402 4718 6873 -3326 -3201 9495 3311 9985 6921 -1770 -5515 6583 -2962 -459 994 9811 8333 -9293 1445 -1886 -3886 4432 9094 4840 -4827 -4008 1548 -7510 8278 -9512 1900 755 -3947 4016 198 -3416 9309 630 -7761 8835 -2719 7739 1767 2381 -2138 8281 -5383 -728 5491 3278 -5464 -5624 1694 -5367 9272 108 -8941 -9935 6805 -5623 9739 -5 -2114 -288 -8924 -2450 2141 -5655 4813 1373 8087 6661 5971 1645 9585 9716 2872 8213 -1207 3906 9465 -2605 -1029 -7833 3910 -5550 -9880 4173 -4406 -7148 -9891 -4246 -4572 -2580 5569 -3708 -2585 -2094 7590 -9881 7189 -48 924 3004 -6492 2891 -8605 1240 1090 2914 9305 -8416 -6902 -2509 -768 -8648 9751 5099 6762 3948 -7027 7727 6989 5787 7685 6393 5745 -6833 6610 3487 -2587 4620 -6053 9844 -1837 1643 6994 5865 -4981 1831 -1256 -2199 -8821 4764 -3887 -6092 -6952 -6524 3077 -3740 -6040 3377 5490 -3898 8382 -5941
-4095 -4692 -1014 -6147 -9952 4247 2512 -4844 3289 -9929 7989 3454 -7158 9912 1391 4272 -5097 4876 9082 -568 -1841 6050 -7917 4899 9818 -9607 -1479 -3534 5416 -7545 9520 -6782 -6798 -6700 -3813 835 2083 -7721 9752 2484 -8027 -3075 -4670 3649 8189 2727 -7415 1709 427 2557 4691 -5120 7798 5108 3012 8593 -4394 -7176 9561 3205 5347 -1936 1871 -7358 -9558 6966 -9004 -6033 7536 -5032 2032 3739 -9870 -4955 8646 -7051 -6262 -7335 -7866 6080 5643 5124 1885 838 -7005 -1315 9221 5191 9637 3856 -7663 -2995 -6748 2003 -4479 -7697 5043 3193 -3059 -5290 9296 9925 1134 -2179 5951 -3954 5396 528 7125 -5987 -7803 6069 8346 -162 -9810 6926 -1454 -1308 9907 6344 4264 -1646 4277 9100 -642 -6091 -8960 148 -3165 -6414 204 3380 -3558 -3955 4097 -4762 -1926 6966 -4509 -7469 -8626 6393 -6310 -9682 -8907 6956 -7217 3225 6093 -3887 -220 -6674 -2316 1725 1950 -4694 -2979 6199 -9236 -9764 9491 3423 -7621 -9455 6734 6382 558 -3859 -8833 1558 5541 -9039 2558 -5752 6902 771 1024 5273 2825 -2540 -3448 -586 -2189 -1470 2751 -6654 -4268 -1505 5972 3595 -7872 6412 9658 -2857 -7063 7118 7575 -7778 4980 7983
-7933 -2358 -7719 554 8793 8166 -9572 -702 -6647 -286 -4066 -2149 -1572 9247 344 1991 -4016 -3452 -891 8600 1564 4515 -4784 2277 8907 -661 -4358 -4105 2612 1300 -8884 6222 2038 1398 1035 3840 -7745 -5753 -6594 5761 -1544 -1933 7303 -2052 4798 -2709 -8037 -1471 612 2255 4332 -9151 -9260 228 1340 1988 -1582 -9943 4452 -8726 -2012 -9903 1266 4447 -6703 -1708 -9017 4988 5189 6721 3526 1226 9082 5494 8884 -3228 -689 1113 -272 -5902 -4929 -2489 -4169 6285 -5805 -2229 -2105 9294 9535 7322 -5282 4184 5534 5981 -3573 -1029 -1292 6888 -6230 9543 2641 -9086 -7694 5363 8982 -2854 -4396 1204 -7634 1845 -8507 -3373 3571 -4702 8437 6127 5615 -7919 7906 -2075 -4427 -1254 8214 -5957 -6958 -3384 339 7276 5370 -7315 3102 -742 -3786 8769 -7351 -2619 -5465 -4825 5785 -1433 885 4083 -4329 -982 -373 8188 -5903 2915 4384 -3170 2937 8795 4453 -4695 5802 -5785 -9876 -1955 -596 -1053 -1242 4637 -7658 -2180 6362 -4248 4556 3528 -8857 -7129 -3352 1671 2371 -4080 -3862 2283 6731 -8330 -299 3822 4560 1246 -1265 -7324 6403 -9915 -4631 -7478 3907 -9657 -8106 8853 -1033 954 -8048 2222 -1385 -6691 1807 -1221
-1249 2868 -7734 3024 6678 -752 6064 -8971 -2147 -8823 -56 -240 -130 -774 -8854 799 446 -2698 2242 8761 5268 8910 -5037 7620 -1772 275 9884 -8516 5412 -9764 4615 -2892 4979 -2261 8608 4859 -7577 5756 9256 -2912 9190 3925 4954 -7973 4006 3105 -1816 -2976 6935 2940 1096 1396 -2163 -7442 -5028 -9920 -6477 -4177 -9662 -711 7083 6255 9427 7821 -5253 -9944 -8210 2528 2673 801 505 -6582 -8926 -2603 4422 4138 7232 2310 -6703 -92 -4182 9710 9147 7809 1962 4383 7904 -3672 -9075 7097 -8974 3371 7494 -1845 8195 -5144 -8688 8858 -8446 6530 7474 5348 -6931 -4274 8136 3498 251 9070 8141 -459 -44 -4738 -7714 9633 -3397 -4217 6158 3716 2959 7763 9218 -9478 -275 -3374 3824 289 6009 -9067 -8351 -3473 -1970 -2620 -7795 -358 4805 -5251 -9912 6641 9411 -4395 3309 -679 4777 -3671 4941 -620 2705 -3662 -9319 -2602 -3673 5419 -6055 -4069 -6536 9387 -9318 771 -351 -9950 -8256 -9472 6268 -8049 1271 -556 5305 9327 1941 -7595 -9869 -3889 3984 -9708 1255 9601 -9105 -2669 6991 8504 7468 5308 988 4583 6410 -1177 -6732 -4200 2917 5429 7872 -3548 -7349 -937 -5547 151 -6144 -5011 -4082 9614
-1684 822 -7532 4904 2661 4739 7744 5613 -3020 3799 1998 -6286 5666 3772 -2530 -8137 -7164 -7108 4657 -846 -4434 -5269 -2965 584 7527 8021 1177 1047 -7689 -2714 -8225 -7663 5083 -7977 6570 852 -3112 9200 -3085 -3306 8441 8773 -6317 4696 2689 -3013 3597 -4736 6313 -682 -7206 -9805 -7807 3552 -5032 2981 7678 5633 9939 -2363 3220 -6293 -2780 6279 -230 -6341 -3194 -1531 3317 -7668 161 4465 -7340 8643 -327 6592 2053 -2257 4235 -1208 7104 9460 3343 -66 702 -4235 4521 2183 -8763 -2005 -4672 -6125 4078 4725 -8643 6506 -55 9388 2144 6570 -4308 6014 2143 -7230 -5280 7784 -8545 6299 -2142 -7082 -3317 2345 -1573 -5393 -8025 -2992 -8247 4255 -4513 4598 5624 3538 -8568 -3805 -2431 -9684 9068 8778 5138 7752 -3173 5938 7594 -6257 -4110 -2275 3906 7495 -298 -2157 4436 -1478 -1926 6490 -4651 -6495 -6478 -2024 -6602 1499 -301 -2503 3030 5060 -7454 85 9573 -7153 6428 7858 -8378 5054 5004 -1960 -9810 -409 6225 6483 -986 -6153 8680 -6623 8443 -4394 -3748 7908 -409 4288 -4000 2498 2521 4874 8829 -9306 -2389 -5889 -689 874 8234 5531 1661 8228 6855 -7208 7792 -8881 92 -6612 -6299 -316
1934 7384 2590 -6472 -2020 -378 -9013 -6399 -7271 9624 -4194 2593 -8627 -1855 -2227 4217 -7377 4011 4398 9880 3238 -6342 6318 -1869 4084 -2846 1467 4950 6611 9298 -8218 1405 385 3192 4591 -6727 -1422 -5280 4890 -1345 -4867 -2853 -3247 -9897 -8343 3572 432 -1444 -9079 -536 8751 4409 4374 5259 -9865 -8186 4636 2356 3508 7878 4689 2333 6101 645 -740 7162 -6577 -1379 -336 5121 9734 -6371 5521 -2527 8476 9293 -7136 3969 368 -5395 -9019 6819 5909 -8571 1266 -9928 8878 4944 8553 3889 2712 7918 6214 -9149 3238 -1961 -8542 -4376 9257 -4131 -7167 -8977 2796 5001 8596 -4858 4580 3808 -3351 778 -4485 -6340 -1952 -6479 -6165 -6171 802 8842 -3787 -3058 -4759 6108 -7239 7891 6759 -4878 -6858 -9383 -9000 -1514 -1353 -9285 -2167 -1565 2785 -3075 8408 8148 -2661 -5215 2800 3620 -5862 1954 9517 -8976 -9154 -8979 6017 -1961 7566 -2037 -3556 -9844 -8743 9236 9366 -6765 7348 2706 -7747 5649 744 2736 -8783 6555 -2564 -4022 -1385 -9395 6994 -8916 1280 -6416 4080 2769 -8952 -4406 9971 2303 278 1260 424 -6459 -1048 6193 -5892 -2806 -8358 6335 -9036 2741 8766 8304 -2783 7840 3760 -6449 -8690 -1731
2975 -2013 -9148 -5423 1422 7150 1889 -6472 6448 -5686 -3908 -4582 -8533 -9710 1804 -9563 -9884 7639 -466 -8151 -7453 6458 -1967 -473 -1543 6545 -407 7042 -5415 9736 -125 -6995 2152 -1537 238 -3284 -9785 5634 -4805 -5758 4479 9467 6986 -6146 -2467 6355 489 1567 -3660 -6245 -9045 4827 -8256 3679 6821 -1169 3063 2017 1975 8549 -7963 451 -6577 -2035 8279 -1183 -721 -4030 4835 -8199 -6367 -6264 7428 -8756 -2649 -5816 -8648 -2999 -9210 2124 -8039 6636 -5509 8986 5104 -8343 -3839 6464 -4220 7814 6677 -1691 -2928 946 4640 -8324 9124 8217 -6873 6673 -6268 -3709 6295 -2458 5913 8713 -836 7835 2631 1557 4782 -3907 -8565 603 -373 4004 -5262 3897 2327 -2670 7489 -7824 -2549 2517 9784 157 7071 -2642 -3055 6302 -7039 -2325 -6605 544 1365 5242 2817 -7984 7430 6265 -278 -8677 -387 -5855 -5445 3427 3814 5809 -3757 1706 5233 4405 -5225 1906 -8205 1750 -968 -7372 5644 -6703 -476 -5054 -2760 -8068 8638 -9964 -3009 -290 -2351 5710 989 -1841 7706 -929 -577 6532 -6020 2148 -8650 -1235 1847 6973 -7856 6924 530 196 -2363 -9892 9426 -1710 -5074 -4854 -7173 -4500 4881 -323 -6650 860 -8320 -9413
9214 -2676 -9185 3894 -9577 305 525 -6319 -5873 5449 -7360 260 -9743 -5682 -7313 9592 -8004 5792 5097 -1292 -8244 6274 6104 -7679 6809 -979 -4050 -9316 3424 5345 5439 9191 6964 7961 7358 555 5581 9176 -8674 -329 -7378 -1102 -2257 5183 8252 -5444 -9688 9116 9331 6130 6853 5718 -4888 -3 -1252 3659 -343 1570 7578 3835 3467 -3103 513 9241 6473 -7509 1246 -7937 7859 -8609 -1470 -2211 -7211 8266 8834 5935 4346 694 -3500 3043 8797 -1003 -7824 -8669 1037 2828 -6299 -5709 8191 3536 9783 -7747 9538 2166 -7331 7738 -4430 8025 -2064 583 -281 -1176 2950 8832 -3599 -1116 -5099 -2114 4484 -7205 -8500 6867 3803 1371 -8458 -8521 6873 -2388 -961 -1429 -8266 -8091 -6305 9840 -8340 -7199 2099 -3320 7632 -7343 -9051 -6390 2202 -3844 3174 -5451 4457 -6841 -8066 -8124 9434 1040 6477 4998 2956 6158 2810 -8070 -8567 8863 7563 8474 -1761 -8989 5361 -701 9811 1262 2388 -5377 87 -6749 -9178 -7133 -3970 -5593 650 -1697 1987 -1710 -3545 6170 917 6231 9145 6658 -3770 2944 -3638 5931 8210 7068 4796 8974 8174 5680 1487 5289 -5669 4217 -4378 -1646 -6575 7372 7284 6714 -2678 4934 6522 3256
-6825 8082 -284 -1250 902 -5610 3483 -9762 8277 2913 -5771 -7666 7180 -4465 -5905 -8233 -2410 -1209 4432 8363 1747 -1887 648 -9492 -927 287 9526 7192 -331 922 -5238 2129 6719 -3687 7088 -3897 7877 4399 8984 9104 -6848 2057 9210 -4851 -9926 1215 -1288 -9455 4408 6785 7133 -4648 -4868 -4915 1964 -9783 -4535 9380 4758 -7528 8704 1637 -1170 747 -1377 5800 9389 6027 1301 -2024 -8213 4303 9256 -9305 1811 5269 -2072 -2997 7013 1800 -9798 -1322 604 -9665 -135 9512 -6384 7896 -7832 -9651 6253 3258 3391 1947 -6286 9061 -2440 -5867 6177 5331 6921 -6278 3390 1694 -6606 -5809 820 1152 -2862 3945 1234 4177 -9932 9446 7972 1772 6613 -8321 8754 -8383 3948 7217 4455 7382 7148 -986 -1664 -1041 1008 7662 -2549 -3068 -2597 9420 -1894 9619 -6623 9618 -4146 -8153 6589 -1152 3337 -9353 -1709 -7111 -7881 4647 -875 1398 -5726 -2144 2826 -3575 7229 3851 -5530 -4128 1152 6832 8540 2218 7641 7014 -6393 6728 -701 8338 -733 -4275 854 -8014 -9767 7377 -6269 4772 4064 1022 2920 4921 -2017 -702 -957 -2489 -4779 -4752 4450 7088 8589 7658 975 6826 -9432 549 5726 2039 5472 -5594 -2385 -6032
-1537 6407 -8477 9045 3335 3007 6537 -3457 -7245 218 -2409 641 714 7774 8430 -4548 844 5057 -6340 -4891 3116 6103 6165 -2593 685 -9740 -5278 -3174 7702 -2823 5814 -34 6166 -7585 8113 -4098 -1334 -2426 8756 1479 2464 -8144 3632 9984 6112 -1975 94 -8416 6640 6297 7801 5502 6053 7371 -4341 2167 7736 1493 -6607 4677 3222 -3496 -7504 -8052 -6408 7319 -2698 -9626 -9589 3373 3832 -8504 -1177 6503 -5167 949 -2358 -2748 279 2385 8386 -7161 591 2050 2775 -4192 1438 -5777 -7228 -9727 -7933 9454 -1257 9416 -1530 9588 8470 1660 -9838 3111 8227 8218 4908 -3046 -7474 -2956 1373 6549 3037 -4644 -2443 -9546 -7557 -7680 -3508 2890 7991 -3569 8402 9799 -8380 9447 -8922 7293 -5573 -71 165 -2304 3721 -2493 -8527 865 8691 9474 -7829 4814 -5329 4247 5189 -5186 -82 3195 -5437 9888 -5545 5359 9713 -5132 -3768 -3143 -645 5959 3408 2550 -3746 7737 7921 -5110 -2297 1979 7465 -7306 -1034 -7261 6195 -7684 -4121 6702 -3471 -3267 -2419 3882 -573 4320 9622 -2535 6704 4868 -1156 5831 4530 -7604 2933 3779 1247 -443 256 2071 126 5288 6409 -6987 6754 -8287 6015 791 -6291 -4697 7001 -3597
-4824 7708 -4505 -2076 549 8944 8678 2083 -7734 -3787 679 7522 6556 3477 3301 -2427 -555 -1222 -9742 -4060 -8318 4154 6572 4832 -8546 6688 -9568 -7099 1255 5893 8800 622 -4956 6316 3823 9897 7902 525 -8903 247 -6215 6020 4257 -8568 -4157 106 -7757 9299 -8063 -9354 -7828 1738 -9529 -7780 8124 4263 -4556 -631 4661 -6245 -5601 -1830 -4653 7825 -7007 -1386 1460 -1802 -9468 9272 -7637 8641 -7273 -6352 -394 173 8927 -760 2370 4181 -8022 9833 7749 -7946 -4583 -3282 -6976 5851 2054 8517 -3878 6575 4531 5752 9857 5164 -3502 -4466 6042 6868 -594 8146 -2551 7280 8101 -5997 -1135 5797 9620 7886 3468 7230 5233 -721 -9173 -1326 -6458 6199 6974 6057 -9984 2643 2902 -3920 1535 5317 -2642 -6803 8603 128 9527 -4711 3882 2378 7044 75 -6972 7456 -6147 2914 2553 2416 3952 -3821 4947 1140 3447 9396 -4981 5481 -5719 3721 -6687 -6413 490 3985 -959 6808 -5582 -2149 8434 -4411 6044 2418 523 -8887 -5220 3760 3703 9193 -2068 -1816 3206 -7476 9939 -5332 -2431 1628 1700 2678 5384 -7377 1354 -843 -7036 6243 -6757 2113 6925 -3005 7657 -1906 -6828 1846 -2408 4860 7821 -737 -8327 2116
9437 -5254 -5839 9274 -8324 443 -2449 -907 3567 4131 6260 949 4976 -7652 6062 -3673 5140 4388 4970 4657 4289 2338 5060 -2401 -7179 5788 -1129 7627 -9916 -9402 -4066 7975 -1404 -5151 4231 9146 5233 0 -8951 6237 -3060 -3425 4664 -879 -5463 6841 2378 -3974 8268 7673 5919 9760 1513 6492 113 7535 2649 4510 1890 6267 -4532 3875 280 -8702 5658 5509 -2946 -2814 4695 9219 2809 6807 -1911 -3050 1135 7263 -6493 -3071 -6215 4752 -9483 9744 -7899 -5380 4149 3456 -4530 -4481 106 9309 -3924 5331 3610 8746 -968 9831 -2659 -5503 -8277 7815 7404 -2621 -7182 -2015 5502 3625 -7115 -6 9467 -8370 -1770 -5445 4312 7896 5413 -1942 -5178 -690 9527 7393 107 1483 9081 -6336 5872 -8868 8525 -926 -8342 463 -3391 -4560 -763 3404 -4523 -3473 7633 9110 2617 2257 4903 8006 -9232 -2609 672 3324 7318 -6085 -5209 -3433 -1013 4600 9992 581 -3628 -9114 9644 4695 -5112 2756 -4945 -2682 7469 -6091 6399 4301 -9000 -9003 9773 5319 9646 4369 -5034 -802 -1582 -7104 -1339 -1599 4105 -9748 -4850 2173 8973 -2217 -2159 -537 -1563 770 5687 4269 -1103 4238 1957 -8065 -9360 -8927 4395 -4809 3949 -9587
-9074 434 -5829 -6720 -3735 -818 6280 7890 6924 5135 5963 928 4918 -3332 -2963 -7204 -2478 -5787 -4749 -1015 3341 1252 9409 5637 6465 -702 956 8103 1075 -3221 4130 -7123 -4431 8437 -1964 7323 3744 -9902 487 359 8912 1292 1551 5444 9512 800 -4152 5132 -6701 6514 9826 -9265 -6318 -8172 -4110 9576 -1694 5440 -113 -7653 -2048 1806 -6537 8503 -1840 8711 -7617 -3178 -9336 -8842 6578 -3983 9013 -9861 -3061 -9909 5172 -3210 -8618 9806 -1582 -6590 -1696 8769 9025 8080 -9267 4988 -2109 -1609 9418 -9425 -2039 -4073 3491 -9599 2786 -9909 4473 9408 -2386 2144 -6476 6614 1050 -1414 9352 5668 5209 7317 -3880 -7566 -2336 -5809 7497 2827 5885 -3536 5105 -6704 7985 -2813 8510 -3598 -147 4244 1846 1314 -9711 3014 -8699 -6247 -5750 1701 -5748 4783 -6441 6438 -1693 -8731 -3602 -906 9496 8857 -5051 -729 1493 -2447 -3415 9908 7761 5927 1807 312 -240 -2220 -1954 -1314 -2016 -5682 -7801 6585 5367 7092 8815 5506 2749 -7742 -9457 -3356 -8013 -5641 6107 -2874 8146 1943 6278 9471 7741 -1217 3910 3003 691 3461 4974 -3505 6717 209 2632 -2095 -8281 -976 -1177 4022 -6874 7510 -7203 830 6213 -4317
-5164 -7795 -3137 7789 2071 -4899 2687 8398 -6631 -2173 -9611 -7818 -8519 6048 225 -9000 7064 -7659 5466 -3180 -7392 1014 -809 -1843 -2109 -6468 -2660 4877 6738 2999 -8900 -6339 6174 -7605 9158 2767 9774 6972 9057 7727 -7522 -4346 -583 -2085 2349 -4922 -9656 8513 3396 -7641 -750 -7494 2149 -5547 4425 -4842 2557 7761 4387 6112 1106 6157 -4158 5035 -4742 8458 -8953 -3542 -6176 159 -9585 4300 -4006 -6788 -3183 -7597 9252 4176 -4462 -4819 1383 -4596 4577 7361 -3376 1080 6545 7141 3530 -3207 -1104 -5923 -4305 1818 -1041 2383 -482 -432 6553 6901 6565 -8920 9616 -6851 -8125 -7929 4392 -7704 -2642 3063 3242 8649 9643 -7328 -8617 -9962 -6249 -7689 -1056 -9745 3903 -7613 6694 -3587 4968 5642 1224 -2694 3009 -716 4286 1573 1974 5850 -2563 6543 -588 8731 9294 -2161 834 8446 -9731 -1805 -6613 4070 -2459 2459 7833 -707 5353 5810 5608 4301 -5536 -7844 -4352 3410 6484 -5485 -2120 8252 6591 -8078 -5254 -1450 3086 -4021 5701 -8121 8677 7202 -689 -3202 -4603 4519 2551 7754 -6878 -7358 -578 5632 1990 -1750 -8707 8761 2072 2736 -4999 3735 8153 2315 -1593 522 -1887 -9811 1429 4142 9509 5076
6172 -4594 6825 5015 742 -7575 8868 4983 -5526 -9027 7432 6864 -9839 5468 8616 -5398 -6149 9740 6987 -2559 3665 1016 2106 -6591 9387 -3637 -8997 -6372 -4232 2286 -6187 4078 -3544 -7531 -8115 -6700 -6131 9738 -8569 4565 -5790 78 -9500 2590 1578 6516 9814 100 -2992 -5500 5955 7430 7338 8452 -5573 4464 -2268 -9800 7804 -3734 7559 -755 -6909 -2827 2720 -3919 8807 7453 6913 9528 -6903 -2839 -5153 9479 9965 -4788 -3026 3365 -7808 -9214 -4895 864 1932 -1192 5209 -9108 -7454 4486 4764 7173 -9689 -9011 -114 -9170 2081 -7912 -4320 -2498 9004 -5398 -2304 -3679 1162 9148 3856 -8630 -3979 3158 -1854 -3168 -367 3052 7014 2995 -1602 -4597 -6838 2210 -4604 -9435 -3770 7082 -738 9690 6678 -7180 -5173 -2823 3005 -4065 2972 -946 -826 8580 6076 -1920 -2227 -8661 3525 -5330 -2655 -5606 3595 -8439 -4390 -7974 -3397 6213 9600 -5753 5234 -8423 3873 1719 6582 -2299 -1317 -3176 -1861 -2078 3290 5501 8248 2560 -3067 -6952 7083 1564 -1942 -8452 -3323 4469 -9425 -4969 1946 6613 2723 304 -9319 7594 7408 5895 -9238 5860 -9738 -7603 6267 -1808 -5646 -4133 4267 -1349 -3363 -6415 -102 -1532 -4406 7370 -1485 7602
-859 7358 -9186 1298 1945 -3772 2926 9436 -1368 -9172 2868 -8344 5926 -6399 -853 -2687 28 2156 2666 -5968 -4978 3476 -9302 9956 8552 -3604 1328 5501 6763 811 -343 2731 -9888 -3001 -7607 2525 6368 -3670 -1328 640 -6716 2874 2035 2041 -4533 2159 -9248 -4781 3687 -8513 -1808 8868 8855 7106 -1502 2628 7918 2406 416 3951 -5892 5089 7246 6030 1142 5367 -2358 174 -9121 -1814 2145 -3343 -5027 3030 2465 -144 5362 -5773 -3792 -4524 -2729 -718 -7578 -8926 -6196 428 1416 -1377 -586 448 5730 -1717 3333 -8346 2689 8837 4933 3398 -5936 -7730 5957 -2790 -4814 694 -9092 -5564 -9262 5778 6729 -3774 21 -2476 -9232 -170 -9928 -5515 7718 6733 -146 -613 645 1115 4109 -6795 1088 -6148 -8121 2101 2384 -2160 -7410 -9694 -3803 2923 -2350 -7616 5959 4921 124 850 -8539 4496 2341 3512 801 -723 8477 8934 -2762 1395 9119 8257 -8221 4684 6507 -1998 2159 1839 8744 8297 -8754 -8598 -7152 -1602 -7650 -1986 9038 3846 9747 8057 8377 5455 70 836 941 -6241 2282 1268 8007 2421 9892 3609 6712 667 -9999 -4383 -7117 -6853 4736 -1996 3067 -7056 -248 -9217 4238 7118 9750 -7478 -9011 5521
2579 -4301 -9937 7831 -1836 8298 4343 4963 -1252 1463 -1330 3922 8561 3166 8253 6762 -3002 6747 723 -9354 7325 -6992 -3143 5879 -1803 -4862 -6347 2809 9071 49 -7392 -7615 -7416 -2662 -2517 -2254 316 7825 -3467 6552 -1503 9177 -1988 57 -4198 -7754 9168 7379 -6725 4722 6861 92 -515 -3803 7740 6337 3390 -5537 -670 -580 -8206 -9644 -5228 -2967 8540 1440 -7478 2311 8414 -198 -6651 -6661 -6157 9784 1577 7724 -1719 4506 -2568 -2892 5561 -5501 31 -6432 9151 -1839 9950 7488 -4407 -5726 7586 -8114 1446 4330 816 744 -1057 -5038 -4588 4988 -2060 -4321 -5283 -4471 7720 -5104 1151 -5778 -4565 2390 2937 4126 -3014 -4930 9804 8428 9889 8739 2698 -7946 217 -5326 -2978 2257 -8315 -8607 -1530 5171 -9641 5745 -5050 -8552 -3685 7522 3465 7001 8291 -4832 6769 218 9951 -6964 -9839 6189 -3817 -1526 -9450 5093 -4113 -6402 -8700 -2218 -3283 7481 4720 -4023 -9457 -4792 6179 -7594 -8528 2408 7523 2824 -158 5140 -7696 -6169 4528 -8025 -8897 6716 -8279 7736 2346 -9659 -5019 7755 -3487 -6692 -2424 2384 9645 8033 9244 -319 5454 -7860 1076 3426 5369 -4603 -3128 -1384 -8596 -7721 -2341 2044 3606 -347
5843 -5765 -830 7802 -3551 3790 -6767 -9693 383 -9021 8286 -5965 6725 7597 7653 -2735 1359 8577 750 6828 -8737 4308 3954 8775 -7502 6516 -282 -603 1792 -4511 -3839 -6080 1430 -5523 -202 7294 7791 6679 4307 -895 -4196 -3092 -2928 -1911 1348 9972 5062 6113 -7758 3487 1077 -8683 6060 4962 -5011 578 -4321 -7192 6367 3233 -4832 -211 -2601 1449 -1343 -8327 5587 2848 224 7327 3675 -3723 8009 -7513 8154 9744 8278 -10000 6028 -3854 -6076 3783 -2549 -9684 9033 2536 -7673 -5416 7897 -2817 5642 6076 511 8972 3250 -688 -2184 5455 -4405 -7566 -480 8669 2230 1870 -4754 5355 7193 4691 9438 8932 7408 -6824 -3274 -1316 -3217 1443 -4649 -5362 8291 -6742 -7253 -1485 3060 -9741 -8768 -5788 2196 -254 -1021 -4432 5629 -5899 -7194 -20 8574 2884 7712 -9029 -5022 -137 -2898 -3434 2290 439 -6455 3536 -2021 -9681 392 -9311 9588 -1968 -9497 -6598 8391 1209 -3574 -818 -1981 3051 126 -6393 1006 3987 8811 1501 7656 -2261 -7703 -3587 -3078 -8763 -827 -2208 -9044 4749 -4758 -8640 -8944 -1693 -5068 6780 -6325 -4296 -8040 -9597 -7128 5706 -9157 8087 8801 1625 3918 -887 2892 1274 4740 8904 -5381 3912
2862 6433 1288 -2041 3325 -2129 -5622 5767 -2542 3688 -9381 1954 8817 9850 -1598 6651 -4720 -6845 -7854 4404 -3028 -3304 2638 7134 -5304 131 -8216 9517 6677 -1133 3342 -5861 -9926 -5364 -7967 -2570 8890 -7702 -4933 414 5886 -9342 -7125 -1391 -2142 5738 7714 9417 3407 6799 5715 -1718 2552 -8542 3103 2415 6276 1990 2321 -3930 -7532 -4969 -4835 -2947 -4437 1258 6119 -9476 -9000 -8901 -4633 -399 -287 4444 -1354 -5147 7264 -1729 7307 -7822 9821 7607 9609 -2349 -7756 -3960 1193 -2706 -6497 5246 3897 -8599 -4041 9168 5051 -6267 2577 9039 5700 -4826 -7054 9913 -5353 -240 4384 4342 -2549 1624 3015 -3344 -343 3712 1430 8061 -543 -2128 7992 -3116 9814 -1114 1165 6492 -9324 2883 4517 9306 8298 -2899 9795 7765 7749 8020 -869 3573 -5044 6614 -7954 -5244 6068 2064 -1127 3559 -1301 -9438 937 -8521 -4588 -7030 -226 -2665 -7193 -2100 5680 -6261 939 -6428 -5083 -9504 -3222 396 1540 -9288 174 7305 -7318 7752 8032 -9946 -7505 -6037 -661 5885 9042 6056 8576 -5745 981 -431 -8180 -8233 -1523 7140 4591 -4790 -73 -8426 -7076 -54 -2767 8212 5129 3738 6898 8284 -2656 -2714 -3486 7132 189 -5609
-1878 3326 3362 -2473 5453 -723 9994 8644 7076 -6145 -1836 2273 -2804 9035 -9610 1307 2562 9634 -8435 -8863 1773 -9577 154 8873 -9684 1923 9512 8887 -7455 8860 8696 7757 3535 -2149 5042 -6432 6112 -2431 2970 -6759 -6091 2642 9493 -6301 -7750 -2431 -6427 4174 364 6193 4600 -8573 -7103 -8819 9340 -3959 -7385 3634 2107 5960 5442 5001 -5260 -3133 6283 -9817 7677 -2703 -988 3933 3498 -8426 -9573 2395 2606 -8828 6902 8802 -5806 -8377 -332 9240 -430 -559 6154 -2637 432 1696 -7310 -6403 -990 3115 -5235 -164 1962 7627 -843 1069 2946 5972 1985 4907 -4554 2090 261 -8396 -8451 2321 2337 1855 -4155 3581 6253 1405 -4392 3517 -1386 -4433 2459 1285 6065 -3449 9621 7892 2807 8191 -2378 -5997 557 -4895 5022 -8328 -1761 5989 -248 -532 3366 5785 -6579 809 2329 266 1757 -9834 -8392 1368 3594 3299 3328 1734 167 696 6035 -3335 7045 882 -8187 -931 -9054 3408 -5537 -1940 9031 1125 -3224 514 -4642 -9847 5864 1357 9462 5309 -9358 3010 4211 7028 -1756 2014 1280 -6096 1295 8939 -1621 264 5098 7149 9998 1056 -6784 1843 -6314 -4433 -5639 -6141 6000 9164 -4183 -1576 -7746 -2140
-9945 8039 -2520 -6032 9722 7213 -4015 -3424 -1568 9044 -3036 8182 8078 2493 326 -9862 2664 1041 -686 3429 -5152 3012 7904 -6254 8088 -3550 222 1132 -3623 -1489 8879 -7954 -9411 -6617 -2095 -9343 5762 2063 4260 -4774 -2801 -6867 -3613 -9750 -5757 -1027 -1340 -3760 -1039 -7940 8942 5596 3016 -3591 1882 -4988 -2078 -2312 -7297 1715 915 -5172 1469 4775 -452 -7666 6780 4283 -9825 188 -7971 5886 -3444 2526 670 -1313 -7313 6393 -811 3031 -111 4534 -6850 7216 9429 -2342 -1345 1625 7229 -6586 -1923 9998 8066 2663 2367 -9343 -6082 7632 3635 -7670 9688 4494 248 -7416 7657 -68 -4889 1043 5453 5679 4216 -5404 -9694 3867 5923 -7924 -4769 4477 6073 -8758 -2505 600 -3675 -3087 4878 9948 4683 7542 6226 -6391 -6551 -7454 -2151 55 -5426 3402 8666 6838 -5696 -643 -6582 8921 7627 3337 -7119 -416 93 8267 -4048 -9891 5236 1698 -2262 6147 -4431 1576 -2910 -954 2588 3200 9449 -8851 7661 -1064 -7289 -2506 -8285 -8870 6657 -7607 -1578 4811 -1473 6937 2522 7710 -7311 -7698 -3890 1552 5566 -9152 -9093 5932 1003 8807 -2417 -150 -4189 7694 8972 -2949 6970 -970 -3824 -8819 -1691 -9056 7103 -719
-1634 -4197 9600 -5232 3529 -4169 4998 2871 -1617 5430 4333 6062 4671 5308 5003 -246 3512 -6543 -273 3712 569 747 9765 8092 -2781 -9544 -8007 9944 9222 -1415 -6552 -2404 -2605 215 -1239 -3903 7013 -7094 8108 2180 9928 7430 2954 6787 5755 5198 -2743 4733 -4395 -3158 -8383 -2673 -4139 -231 8282 -5034 6541 -8910 4669 -2038 3582 6993 4810 -3786 3364 2904 -4886 3795 -7293 5685 8567 -2079 -3637 8425 4320 1959 -4802 -3148 7529 -8173 -7116 6559 -5589 -351 8191 6618 5295 -9584 -4252 -775 7688 6255 6463 3847 5738 4371 2798 -171 9663 9946 -4877 3510 -2816 2324 5263 1824 3209 -7301 -3436 -3240 -7983 8893 -8964 6190 -4219 -5062 -4825 3635 7527 4243 86 -8131 1298 -4714 491 -9092 -7972 -9284 7432 -6114 5781 6978 2616 -6585 -8884 -8066 -5897 -4362 -3057 9021 3802 -2251 -7072 -7248 78 800 -7840 2905 2890 6140 4111 -9101 -2702 7535 4379 8007 7861 -8206 -8380 6739 3336 3006 -4691 5107 1192 3520 6337 7981 -1156 5430 -819 -8955 7007 1514 1571 9075 -8254 -6555 -9497 8245 121 -4071 -7105 6957 -8101 6065 9887 -9126 -7319 5496 -7094 -1294 -1141 -8846 -1314 8586 744 -7430 766 6533
8735 -5630 2758 -9639 1908 8578 3075 2535 -8695 -1102 -8771 2234 3886 -4604 4386 4835 3648 8667 -6407 7494 -7734 -5831 -5898 -7305 3040 6387 -8239 4109 -6856 -4123 1067 4302 7286 6759 1393 -490 -1533 5682 3265 -5650 -6551 9016 -7271 4815 -8988 -1154 8698 -1440 -2186 -5243 -8044 8737 8336 866 3482 -1566 -6613 -9831 5888 9599 -986 -2509 -8415 9487 -6265 93 -4041 -4319 4482 6251 3828 3456 9825 -8480 154 -4673 9541 1717 -4436 -5081 -1857 6230 -2458 -6395 -2487 -1351 -5789 5535 -2439 -131 5205 9595 -8379 -6658 3989 9930 1812 -4073 -9495 5277 -4673 -9574 -7282 -1582 9307 -6718 -4248 9950 -6054 162 -7597 8567 -3058 8761 -3568 -5949 3955 9140 5695 -5566 -7582 1934 -3102 -308 6085 -4584 -2414 -1784 9945 -5481 6132 -2950 -9576 3334 9324 -6080 8545 3879 3622 -2707 -6118 9325 -5760 -9750 4179 -9913 -4033 5851 -8382 -347 2350 -4795 4119 -4183 9590 2275 2660 -3469 -8362 1915 5851 -1525 3016 -2116 7414 9766 3415 -3295 1126 3225 3984 3519 7012 -5597 2073 -6318 2249 5303 3658 9212 -4351 -7199 -1884 3827 2583 -4001 8543 -2004 -8953 -5656 7935 -8509 -495 -963 1844 5084 -5365 5308 -4652 6267
-3372 116 -8511 9470 -9067 -2719 5269 1601 273 -4694 -2817 -3218 8323 6809 -4515 -1014 3664 -7267 6602 5788 -5197 -3900 -1592 3245 -1118 2794 -2717 -4120 -7736 5374 -8818 -5054 3512 1889 5733 -2457 9378 -2776 -3980 6666 -7459 -6873 -569 -9396 -1321 8841 -2655 -50 -6358 -6279 -6903 5485 1411 -6439 -4914 3218 2959 -6216 5886 8711 6149 9370 -8789 1106 -7804 -5060 -2981 -4150 6158 -8067 9098 -7658 6961 5740 -3240 8075 -3847 -1694 1340 -389 9400 -1463 -395 9163 -98 -6871 -3576 9937 -103 4093 5622 6306 2995 4019 3584 4052 5369 -536 4777 7513 1605 7476 973 -8134 -1516 572 5558 -7376 7313 6881 7433 4604 -1065 -8088 2546 6640 8064 -8151 -5060 8775 -4386 7990 -4497 4942 6562 -2025 -6431 1459 7894 3549 -7165 1029 -552 -9522 2550 3153 9238 5179 -9940 587 9130 -7862 -9161 -9019 2671 -3727 -2315 -6547 -632 -8050 6307 6955 4960 657 7903 2417 -2522 -792 -7609 402 -7310 9237 9232 3659 3366 8552 -4446 2895 9684 290 5261 -3512 -8565 -7286 7168 -5645 -901 -8275 -981 -452 -6642 -2373 -5805 926 -8206 -842 3274 3500 1311 -5730 4672 8290 5253 -375 941 -1510 -5417 5399 -7446 2157
4932 -9207 8650 -8215 9762 -5405 -3930 -4215 8246 -403 1791 8605 -345 1088 -9289 8105 -6176 7865 -6438 -143 6739 4719 -9277 4282 -6718 -205 -2789 4268 -4919 -6202 -6651 5993 -9341 -6170 -8843 -185 9900 -1470 7007 9336 -5608 -4517 4106 9641 4440 -1735 6105 -7944 -9359 4867 -4997 4611 -7517 -3590 4490 9298 -114 4715 -6345 -3719 8403 2653 -5425 -3248 8371 -9426 4303 2764 -5570 -371 -4697 7765 2831 7998 -7379 2669 409 4527 7939 -5448 -6308 -3659 -5309 -5670 -6583 2132 4245 -1554 3580 -7907 9992 8721 -1125 -9015 -2156 -5310 9635 -5664 -9855 4237 6851 -6834 2469 8314 5141 -8247 -3119 -112 -7305 -2544 6338 -7760 8527 -5590 2970 8184 8917 9014 -2441 369 3495 -9870 9624 -7584 -270 8425 -4405 1926 7170 7324 1471 -2157 1923 9776 7324 9776 8861 -8520 -5688 7896 2901 2705 -5483 3522 -9496 9907 7896 -5087 -2347 2015 4718 -6860 -2215 1250 4042 5618 -6475 1030 -8223 9207 -700 -6619 1940 4499 5816 7431 5746 -6915 6151 -433 -6072 -1243 4982 -9739 -2870 -509 2371 -3807 5166 -9972 -7543 963 -5222 8180 -1105 -9485 -3449 3330 -3524 -7004 -6899 7990 9430 -5991 7135 5867 1375 6359 4992 -1326
270 9100 7062 1083 -1852 -4237 2291 -776 7621 -1770 1316 6866 -799 -906 6017 -4447 1508 -3326 -3086 980 4486 -5135 7408 -6708 -3922 9518 7063 -9771 7722 -9658 1729 3927 -8577 6660 4962 -3574 -8305 5591 4816 -7080 -7118 6540 4821 -731 2222 -3645 8174 -3568 7544 2975 9836 -503 1553 -7898 8809 1771 -5207 -3949 -3648 4349 2455 1092 -239 -8251 -3733 -1344 8769 -2420 6018 -6942 -3122 3996 9997 817 -5610 -6420 -8563 1760 1441 2110 217 -8108 -676 2555 3085 -2155 -9115 -2671 -8891 -5089 -4200 -6719 -5833 7878 -4140 2277 -1934 -6842 -8907 2687 6100 -4017 6388 8586 -3369 -1069 -7040 -1191 -9539 -7533 -8864 1477 3983 7644 -8376 9364 6218 2348 4022 4992 -1588 -5816 -2046 -1109 6451 6198 -4060 496 3319 7572 -8416 5841 -9645 3092 -3948 -6660 -2683 -3401 905 2930 -68 5519 -6857 9644 -2408 -859 -9765 1323 -2742 4227 6284 5016 -9979 5736 6083 -1661 -6233 -8776 -7397 374 -8529 3877 639 2078 5230 807 -4324 5632 -2319 -9521 7245 8606 -9597 -1912 -317 74 4499 5863 -3077 -9437 4455 -1877 -7860 3480 -9380 6650 5638 -4490 4838 3260 -4121 1014 9275 7674 -9182 2206 7599 8907 1233 -7005
4741 4030 -8482 7834 -2647 -3134 -7702 -7786 -3769 2438 6639 -3628 -6413 -3009 5071 3368 -9655 7159 -8723 2134 -4131 789 -1271 -386 5577 -163 -14 8854 -4873 1095 4797 5880 180 -3856 -3199 2308 6050 5122 -1017 7676 -1298 -5167 -5984 -1998 3240 -6827 7752 8516 4129 -5131 8640 1514 -646 -9103 1871 5373 -131 9235 4648 -1462 6869 -1371 6835 -2081 5857 -1627 4927 -2310 -2509 2730 -9759 -6078 -7558 6268 -9953 6505 -5516 -7719 1496 -8440 -6528 3979 9930 -5529 4285 -2529 -8029 -6440 -6466 -2691 -860 2959 -847 6780 -6904 -5286 1717 4822 -7335 2183 6690 -4072 -3768 2135 3255 -3994 5148 -3498 1273 -1598 -9034 4272 -1636 -8362 -6206 6581 -4234 9385 4816 6757 -4462 3191 1114 -1407 5992 2302 7704 -8906 8125 -1542 -4018 4979 6938 -6700 2761 1106 -6391 1506 -9336 -5653 -4737 -4778 9544 -8967 6332 2110 -2136 6798 -8778 1650 2313 4420 9063 -4671 -3221 -6943 -857 918 4676 -8525 -879 6660 7763 817 -8573 6484 4980 -2163 8897 3593 9725 7125 -3064 -6402 2535 9014 1338 -8548 1986 -901 8741 -1899 -7966 202 2626 5593 -7832 -9559 -6351 5011 481 -281 -2677 -3424 2572 623 -1147 8282 -6122 -4129
9506 -144 9792 2567 -7633 2716 -9667 2168 -6506 -1312 -8169 7345 4311 -8779 -4122 2623 -7924 -833 -8242 6533 -9602 7946 -2410 7476 4965 5409 4029 4029 -6855 804 1595 -2686 6935 -3550 8070 -6751 -7549 -9557 -6823 5964 -1416 8569 -7909 -9163 -3918 -5742 1794 -5129 5548 -1614 -5774 -3161 1897 -6816 -5893 -3058 9374 -9877 -4540 4375 -757 -1838 2562 8322 800 9546 -1533 -6602 8233 -4254 -5994 1916 -2399 -4716 135 -154 -3477 -6954 7556 6578 9098 8995 -1434 9194 4052 8827 4981 -763 6562 4093 -9631 -3200 3750 -8447 5731 -4285 7372 6368 -6852 6759 -7516 -2401 75 8466 2785 -6803 -3547 7984 2767 -5302 8396 6603 5350 3706 4788 5706 436 9721 1479 9763 7619 -9894 8185 3255 9881 7889 -4014 -5350 -9359 2154 -9080 -9872 5558 9425 -2338 1131 -8116 -3659 -4685 5054 -7062 4089 -8059 688 7802 -7355 5488 -5271 -9270 -2925 -7715 -1275 -3086 7625 4541 3710 -4890 8205 3358 4484 -7656 2035 -6414 6346 -1577 -7870 3154 -6340 -5066 5937 -4678 -9724 8820 -244 588 2702 -2997 2630 -9707 2044 7658 -7298 4325 9174 4484 467 -7084 -5352 -2411 5103 -7868 -1625 8262 9854 -412 9669 -2905 3845 7723 -3017
6007 5631 6105 2526 3833 1651 8579 -2094 -9208 -6825 3816 1303 -6265 7375 9427 -2317 8920 -3459 3749 -3033 -5904 483 -2449 -4035 -1071 2128 8932 -9537 1465 4807 -4494 -5730 -2987 6126 9429 8735 9270 -5198 -1867 4659 -2233 -2245 -7409 2568 3105 -2071 -500 1941 -8262 -5596 7763 2696 -7880 -4506 -1327 -6817 -2022 2314 4215 -3150 2475 1953 9716 -7980 1092 5870 2111 -3804 -9071 -3496 -2020 8453 572 8883 -8685 3722 1641 -4900 -646 5723 9864 8364 8451 8247 160 -9509 -5224 -4864 890 443 -3780 -5149 839 4245 2867 8225 9965 8346 -782 -4798 -6208 3726 6371 7928 -6909 -6529 5917 -9146 2924 -7752 7623 8290 -532 -8012 -6454 2976 -7044 -383 -3594 -3579 9534 271 -8018 4624 8760 -9482 6847 -1816 7024 5299 617 4916 1644 -3047 -1173 8088 -8881 5784 -4394 -4656 7083 8032 -4309 -8728 3205 7655 2262 -692 1134 5027 5447 2881 -4384 -7478 780 4452 -4008 -7886 3453 -6371 2657 -5771 3350 -2226 -4910 -8662 5290 8897 7162 -9775 4120 -8707 -2191 6087 7736 -5310 7742 2433 -1010 -3899 4480 6546 -9259 -5045 -9365 5465 7950 -203 -8739 7285 3377 192 -4363 -5188 6854 6185 5093 -219 -4584 -3646
3662 275 3894 548 -3313 6692 -7883 1157 -5211 8483 -9530 -8735 4680 2163 -7747 -9823 -706 984 4526 5172 -2078 -5551 -5177 -5832 392 -1733 -3614 -6690 -5254 6620 2085 2370 -599 2424 -1634 -7127 8195 4143 633 1785 -4009 9150 3696 357 5297 8620 3805 2368 3059 9324 873 -4548 9180 -2479 1700 -9200 9878 -4465 8770 8814 5463 -7239 3405 3008 -2412 -5447 -3119 -3701 7325 -3015 -6120 -6610 1003 908 -9075 -915 -9619 7214 4974 -6130 2558 -2629 2494 -7214 -1399 -4970 6527 5508 -3977 -6110 -3181 9829 -8911 -1497 3242 2957 -3022 1632 76 -8875 4297 -2724 -867 -4018 -2396 -7846 -131 6057 -9450 3180 2979 -1274 7614 -4583 2015 -8240 1079 3350 -321 -2054 8631 9242 513 -5255 -311 -872 6377 5839 4846 3932 6739 -4904 4213 8067 -8416 2880 1550 2576 3609 -8534 -5532 -6896 8758 -9913 -838 2075 -5069 -472 -2355 -9051 -1529 -6221 9318 9517 6041 668 -9141 9335 -2683 -4340 -8324 -9206 -4666 6386 3462 -29 -438 8179 6988 -2108 3133 -6207 2827 9137 -9343 -7308 1377 6600 6774 -7771 -2692 -6499 -680 -664 1049 6092 -4454 6491 7818 5967 6813 -9968 8021 -2299 7294 8967 -722 8069 640 7476
1459 4949 935 1392 -7442 9088 4343 4244 3927 7463 8997 -8445 -2652 -7163 6996 -9284 4604 -8421 6292 811 6426 -6970 -871 -635 3160 2836 107 -4024 3876 1040 3420 -2300 -7290 462 -4269 3859 -9738 8930 1865 -4148 -8171 9271 -8887 2629 7304 -3474 54 -946 5915 -7911 979 1041 9794 -6286 4888 6045 5362 -7565 -9603 -6219 2659 -3702 -7561 8343 -1630 -9048 3454 8981 -3162 -7804 -1987 5610 1541 2300 7399 -9733 2038 233 533 -8774 6707 9814 -9677 -6716 2305 1896 -9612 3001 -3231 7649 3080 2210 8116 -1220 -9027 -8208 -9589 -7169 7988 -8863 4986 2888 -1318 -5116 -2326 5909 1632 4734 -6425 -3543 -4725 -6500 2243 -3449 -1855 3036 8631 674 -3631 8487 -4738 2998 9899 5615 3487 9283 -4858 -6513 -9882 2887 -7173 6887 172 9578 8286 -2665 5633 -5987 -4123 -6516 6066 -6350 -1602 7011 -6377 1844 9786 5218 8638 -2556 -8571 -1869 -6944 -1043 4902 -3030 -5159 -1399 5259 6212 -8213 9675 5926 9952 3249 3900 385 -1797 -4073 3237 -4204 5083 2980 -4490 5675 -9702 2718 -7463 -3457 4144 6933 1989 -8258 423 -6432 510 9547 6462 24 -9986 -8295 9818 542 -427 -621 2037 -3764 -342 -3832 6634
7124 -4434 -7773 -9910 8064 2132 -4887 5866 -2061 2039 -8339 -4594 -6644 -2878 -1374 -2287 8659 -7650 -9694 -393 3930 -6478 -6092 3672 -761 -819 2360 7364 -6039 -8521 9043 4826 6217 4007 355 1701 4618 6119 -4373 -9718 -4463 3502 -2933 6979 -5324 5884 7718 -7398 -2392 -8550 5506 8060 -5866 1789 4943 -2689 8938 7697 5272 -6768 -1333 -7086 -9110 6666 -7115 -9806 -3689 -840 -8538 4624 4013 3003 690 -5810 -6371 -6116 442 -6541 545 -4145 -6971 -9805 1699 1795 -4864 8660 8239 5122 -8602 -3555 -2525 -9890 -8975 1142 -1617 9140 -9364 -7482 9472 -6516 -2769 79 -3302 -3845 -732 -4652 7123 -9549 2658 -8262 6321 -5603 -1627 -434 1910 4222 -8500 253 -8801 -9638 8147 -2553 -9020 8855 7381 -9215 -392 4401 -9522 2128 6198 3572 759 9120 -6129 -1857 3889 -3569 -5763 -7328 4055 4317 9125 1143 2899 -2598 -8312 -2433 14 -5945 -7819 6832 -8576 3297 -9140 4296 -1975 8820 -727 7319 -8895 -8951 998 1686 21 -8795 -8053 -6159 -4658 -7357 3239 -8660 -1166 449 -6980 9433 1512 -3997 9042 -9045 5509 9894 -5347 -3675 -536 -9677 5410 -5607 5092 -6333 7210 -1213 -3621 -3275 9744 -997 9074 5296 -2356 -4493
7026 -337 9064 683 8730 -3073 9370 9216 115 7235 4235 -8431 -2406 -8278 7916 -3135 8162 -1010 6960 -5011 5085 9948 -8903 7843 -9151 -971 9053 432 -3214 -9745 6286 -8151 4746 -4061 -8298 -9247 -4179 -584 8887 -5104 1846 6623 2538 8466 -4683 9916 -513 -8603 -3835 1822 -8390 7167 -3250 4973 -2348 -8822 -6460 4986 -5011 -9315 -1966 3745 -1723 3395 3852 8639 -8411 5710 -3372 1988 4323 -6585 -7147 -3614 1326 -6058 2946 -2596 6417 3022 -1793 -4162 5282 2924 -6496 1065 -306 5985 5240 -4911 -200 -4696 3908 4321 -1300 2360 3853 -7461 4803 3881 -24 -740 -1292 8546 9672 -5081 -6704 1763 5994 -1384 8166 3568 -8195 2056 -3868 -5315 460 -5939 4221 -5251 -6706 -2003 3137 -2786 -9156 -229 3694 -2116 2140 -4027 7779 6442 2089 9970 817 7471 3587 -2754 -3748 6349 108 6729 4230 7119 6741 2634 3076 -8797 9920 -5489 4970 7261 -7858 467 -2324 4642 -8270 1549 7618 6985 9867 2577 -5049 -3154 -6786 7414 -4914 -6224 2212 3165 -309 353 5597 -7700 3647 3812 6395 4655 -3799 960 5687 -5631 -8664 -8347 -8094 6829 -8060 -6158 -3966 -428 -7984 -3876 -7725 7101 -3221 8693 6594 8542 -6168 5545
-484 -3842 2084 2041 9442 4828 -1357 9562 4601 -229 5187 8888 -262 1987 -1513 2746 5514 -9292 9062 1976 6839 5918 6381 5719 4591 -1533 -182 -2040 835 -3861 -8296 -2252 -2500 1615 2691 6202 7203 476 -843 -9092 -6367 -2691 -1607 3512 -1701 -4454 -3700 8459 -3095 1333 9 6386 -460 3192 7271 -1214 328 -9185 -8981 -6363 3651 -9010 5171 3259 817 6308 -3961 2659 -7686 4704 -6623 3744 -354 -7690 5005 3909 -8089 -2719 -4279 -9675 -1645 1784 -7850 6793 6544 -5030 -4919 -1213 -4528 -3234 -494 -4891 2928 950 -4769 -9341 6350 6538 3076 -2477 4461 5477 -5455 6256 7538 -4584 5351 783 -2995 7400 2731 5000 8573 -7590 2098 2816 -3818 -31 -5469 -2160 7062 -8744 -5351 -6539 4488 -978 6514 -2835 2477 -9299 6198 3154 -8945 3445 -7395 -5434 9989 9361 4915 6665 895 7458 -9206 4159 -2163 -9442 -4514 1815 -2210 -6297 2965 -390 -7276 6554 9845 7567 2555 -5765 4291 -7979 -2052 -7893 -2135 -1571 -4808 4715 24 3703 -4137 1946 -5636 -9939 3975 6833 -5189 -5460 -3131 -9868 -7707 3258 8845 8608 -4374 -7055 9742 6302 9631 9292 6961 -7595 -202 -1553 -5570 5176 1577 8424 4592 9705 2568 -953
-744 -3891 968 123 -7261 3285 -8373 9303 372 -176 -3573 6949 -3803 -4763 -9314 -6317 -2734 -689 -3761 -5677 2612 -4587 -5379 6631 -9730 4341 3196 3543 -6148 -9804 4273 6572 -2979 5474 6298 1500 5282 -1591 2288 985 5917 -1248 911 -3879 7586 1055 1570 6067 6334 -4878 -2711 2888 -9367 -2698 9118 5748 -7295 -4739 -1955 -4294 -6018 8223 -5920 -6268 1858 4932 -1173 -8880 -6340 4060 9256 -182 -1952 4939 -1257 6392 -6972 -4176 -246 5953 -3854 6110 2527 700 205 9367 8136 -5471 5960 -9782 45 9357 401 7625 -7788 -2419 2807 -3589 -754 6869 -9785 4163 -1704 9753 -9956 -8123 4212 -9190 8228 -105 -7945 -5469 -2119 -3875 -6688 -5448 4596 4775 -9247 -4700 6108 -6722 -1799 6463 3657 -5397 -4442 -8415 4554 -4474 -5035 4047 670 -9476 -3972 -3209 -3684 5137 -4821 -2437 -1404 1198 -4398 5094 9549 -6437 4356 -7571 -5249 2748 2112 5086 6729 -1791 -6602 1464 -5490 -8320 5527 9618 4670 -4591 -6058 -5776 -2697 1406 8385 9593 3965 -1878 -1164 -8785 -2136 4939 2675 1103 -1993 9801 8441 -7132 -932 -5664 -1350 6544 6590 -3389 -8013 4589 8502 4772 -4313 -1048 -1230 7087 -3163 1385 8316 7131 -5774 -3308
-2596 9777 421 -2793 7065 -8556 -4442 -8926 -4025 -985 6375 -9483 6137 1243 938 5262 -7061 -8165 -9920 1982 -6169 4516 4874 -5196 -4552 9587 6671 4286 2129 -6946 1496 8105 -6747 9305 -5062 9678 8378 9299 7873 -8763 3418 -4665 -7466 -9544 -796 -29 -3781 -2893 -7603 -9825 -916 1927 -4427 5847 3169 -2539 7526 3652 6521 8437 -8984 -8684 6183 -7685 8025 9502 -5075 7446 -8765 1377 -1062 -2472 3579 -2156 -1429 -7819 -7318 -8878 -2029 785 -6807 8273 6365 4210 -2689 4116 -2444 4224 -3132 -9212 4652 2526 -4923 7801 4010 -7274 -5472 -5621 2508 -4113 -1034 196 2849 -4137 -5112 -3959 5306 6883 -9357 -3132 -7401 -4794 -3773 1456 -4867 1829 8615 2014 6569 4025 6600 -9245 -7865 -6527 9575 -8930 8937 -6479 -9728 8653 2842 4969 6546 1626 1584 8978 5982 -674 -7351 9840 1040 6517 -4750 4862 -7495 3678 -7438 6972 7000 4170 5604 -2511 5555 -8282 -4137 5480 5879 8601 -6133 7214 6282 -5495 -3103 8497 -1333 6046 -1709 -1986 -4050 1467 5942 -3518 580 -7580 6275 9469 3744 -2730 -9077 9815 8223 6894 -9818 -1446 -5843 2269 -1770 359 536 4682 4222 5311 9987 -7726 -2778 -4100 -2546 3209 5520 8571
-9596 -4348 -4764 6926 -9627 -8576 1346 -2906 -9373 -133 3598 -6820 658 -2728 -7292 6249 4590 7395 3114 -6404 9102 5321 9945 6435 959 -4014 -9666 -8001 -4943 -9116 7592 -1368 -8963 -9531 2045 -3363 -2127 -8729 -420 -4738 7185 -6129 -209 -1364 -7213 5081 -4345 4161 -6238 -4982 -8826 4721 5486 -6772 -2768 4594 511 -8632 3833 -6644 3997 7467 -4460 9254 -6244 9684 778 -5250 -1895 -9578 7270 -4624 -9419 -8268 3413 -4777 -8252 -1065 1952 -9046 -3814 7444 -5218 -4127 -3409 -7731 -8520 -3453 8672 -5619 3328 -7726 399 733 11 2293 5093 -2433 4656 7415 -5144 9554 3129 4540 -7462 -3844 -7919 9280 -9186 -5358 7144 -2633 1322 8391 545 5849 8686 5372 4303 -5424 -7780 -6128 -1405 -6984 -2779 -2620 7837 5501 6943 -3680 -6718 1401 -2083 -9934 3829 8907 9612 -2336 5607 -7863 7075 5208 7623 8417 -8644 3091 3913 2152 -4664 5949 8424 -7735 240 -7323 6081 5749 9629 -3168 -5810 -8342 5206 -7439 -5659 -3106 -9568 8721 -8626 5892 5447 -6750 554 -7052 1486 -8854 -9614 -4313 7710 -8131 -3817 -5763 6000 -1129 -8289 7291 1005 -7568 730 -6104 -8288 1731 -9808 -9846 6749 -434 7526 -8496 -7005 9454 -7862 -3399
-4234 -4451 98 -5538 131 -8978 6865 -7001 -317 -5906 -9519 -2214 2863 -9567 -5330 -1938 7887 1 7060 4755 -407 -1560 -8539 803 -6664 5975 -1234 4780 -2508 -318 1412 -4677 1335 -6048 3928 5327 2294 -9450 -9207 6908 5450 -9388 2651 -3690 2123 -2311 7473 -3446 4187 23 -6701 7527 7322 -3471 5901 8890 -6584 -370 4377 5405 -2998 -9090 5554 7444 -3512 -6218 9654 -1541 6391 4385 -1115 8924 273 4176 6904 6303 -4787 452 823 3334 -9150 -5616 1049 2179 -6149 2594 42 -8190 2242 -5075 9130 -566 9152 -6483 -7954 7105 -8423 8390 4791 -2244 -1094 -5518 -6660 3286 4973 -3357 5603 -1563 -2386 8147 4064 -445 4968 3383 3493 2077 -3749 6276 -8040 -5053 -1733 -6750 4230 8173 -303 1956 3415 -631 2195 -2860 9469 -4754 7476 -4265 -8191 -2190 -5544 -4141 -770 4902 -9247 -2309 -1421 3449 7487 3608 -6702 -9431 -6775 7602 -8292 8526 -1800 9089 -9192 2669 -2330 2320 -827 2621 -5523 37 -2481 -309 -3294 -6547 -1554 1181 -8893 3704 8454 8306 710 -9720 8641 -9521 9508 -4986 4348 5328 7046 -2201 4320 -7794 -3402 7255 5646 5794 -9016 -4728 9994 4202 -8768 5076 -6589 3538 -2739 9790 408 380
-8618 4598 -809 -8339 4038 4266 -7781 7545 3314 201 4806 9129 7392 1255 -9916 -2611 -1107 -5045 -3187 -699 -2486 -5434 5620 6066 1229 4327 4503 -3543 9562 -4847 -4105 976 -4925 -3892 9197 -7367 8091 -8279 -6919 -2361 814 -6500 2433 5362 1340 -7790 -2453 9100 -4321 -2211 -1002 -5968 9852 -5572 -5645 5684 -9534 6204 -3526 2885 -4069 -1259 108 -5672 7722 7409 -5284 -8565 6335 -2986 -5833 364 -2849 1590 -172 -3085 9673 3533 -6434 4287 2721 8564 -7462 6772 -5867 -4120 -3286 -9962 459 -1131 -6875 -394 524 9673 3045 -7899 -9708 7117 9132 -4546 -3915 -7328 -8438 7573 -3411 5484 -2119 -9293 2194 6095 -2587 1355 -5781 318 6370 6674 596 -3546 -9438 1667 -8838 3803 1914 9029 7137 184 4730 2806 -5803 773 -3836 8370 -3332 -5089 -1187 -7914 -3381 -3379 -8878 -1098 -3652 -6549 4897 9100 5818 -4033 -7889 4124 3038 -7852 -4419 8131 9785 535 8705 5181 3117 -8823 5751 -8677 -9504 -1716 -3138 7946 843 3154 -7055 3931 8378 -6771 -1512 5422 -7445 7561 1535 1856 -6502 4495 4301 -3868 9620 -4738 -6270 2142 7976 -2993 2006 3024 8318 38 2830 -5848 -2072 -4211 2496 -7851 -7882 -9516 -6311 -7649
8292 9197 -7191 -2261 8989 -3354 3370 -1951 3285 5574 1330 -6347 489 -4363 -4382 -7242 4592 -1140 2763 -1256 288 7520 359 -4277 -4546 -5086 1312 -3969 4083 590 -3608 9134 8825 -6171 -22 -5633 7375 -4928 -5436 -5177 9121 -7691 2348 6708 5654 -2283 -4491 6243 1748 -4075 -6552 -6550 -3122 -1204 8271 -4101 8673 4821 143 9498 -2300 -9487 9129 -1826 -3267 5180 2781 2925 -3028 -5194 -2273 -8720 4715 -5168 1809 -5176 -3652 5219 -8310 -1105 3435 4025 8045 5043 5651 -511 5852 -2263 -771 -8214 -8588 -1623 -1712 3864 3716 5094 848 -1695 -532 -3087 2195 -6814 -4390 -8268 -9348 4496 -3838 -1120 -3895 6674 -9307 1920 -3567 -3536 6904 -2146 6907 9966 -4367 -5185 -3049 9052 9 -2365 -2799 8937 -6857 -8082 -9004 -1276 -2746 6292 -9959 6307 -8370 9581 1271 -3815 2316 -1661 6960 -4675 -4729 2899 6965 969 681 975 9418 7814 -8891 1996 -8617 -5843 4313 -3068 -1650 9315 -8809 -9631 -6817 7058 9823 -1622 -7439 -5944 -1990 -5869 4505 -3394 6153 3597 8367 365 2967 -6005 1600 9463 -3888 7474 2068 -7751 7903 -6986 -5877 6538 4894 -1505 3685 6916 -5991 -5971 6190 185 -1638 1658 -2786 3419 4466 -7149
-3290 -4030 3938 -8407 -4547 9156 592 8119 -9547 -6215 7689 -3398 -756 -8369 -2722 -8954 5211 -9340 6276 672 5880 -2993 -8011 -8676 -7409 -1223 -9711 -8821 -2302 2986 4097 9922 4758 -9714 7714 7485 -8432 -7262 9664 -2616 2592 -8282 -6532 6414 -439 -5458 -1390 -1681 -839 -8417 8478 5253 5400 -5804 7907 821 -2287 -6125 2088 -8833 -368 9620 9205 -7567 5555 -2366 -2015 7018 7651 -6658 -8562 6011 7055 -170 -4097 4526 1327 974 1171 -2583 9881 1929 -5845 -7735 -9285 -4300 9561 4102 3642 -6559 -5916 -6470 6469 -5365 7413 4892 -2925 3181 -8481 5224 456 -4115 -6343 -144 6294 9345 2752 1842 8988 -3437 -1276 6875 9684 -4982 5135 -8394 -1295 -1457 -2187 -2295 5835 -1495 -5162 3300 -5983 7427 1759 -3165 -8786 -9661 -2455 7828 -1827 -1773 -6915 -9239 6963 2654 -8708 5027 1377 4508 8169 -3212 -9986 -863 4343 7404 -3117 -143 -9654 6122 -6176 -7589 -3430 -1161 -234 -4845 1602 -3690 4544 -2296 -7514 -8271 -8951 430 5752 -8139 -2292 -9157 5186 259 -7799 -5220 9100 -3097 4532 1003 4242 -4097 9767 943 5561 7044 3755 8068 -1465 5657 6362 222 -6244 -57 -790 8525 470 3017 -1163 -4201 -5846 7440
6318 -4754 6629 2832 -804 2427 -7250 904 1394 2743 6725 -7334 8519 1886 -8036 -2648 -5842 4551 -7187 4095 295 -9198 -7989 6536 -6545 -8029 -3534 -6713 -5356 -6874 2349 -4637 -2243 -3122 8695 177 -1280 -4349 -5809 565 8868 5549 6521 -7402 3855 -6402 4678 4163 8493 8241 6383 -4842 7410 9198 2060 5923 6436 -1371 6352 1785 -5344 5798 8910 -2987 -4018 9820 2953 -4706 -2444 3462 270 -4364 4123 4410 -4459 -3783 -3773 -831 -490 5397 -9011 -7688 9598 5462 -484 -5454 -2000 3608 -9115 2626 -3760 -1424 451 -4446 309 -7221 -8048 9170 1578 4006 806 -843 -3151 5692 -7780 -1165 -8105 47 -3057 4458 -8431 7489 -9279 -5741 -2679 -8388 8066 1829 7378 5257 -1577 -3799 1966 -9132 -2488 -9500 -1965 -8681 -8183 -1572 9589 -6751 -3142 -1769 7275 -2659 7399 -2448 798 -7773 -1247 4843 -5228 -4938 -9863 4229 2433 -2053 -845 7038 8288 -8021 8757 -5458 2713 9108 -6535 -2560 -9780 1710 3373 -7313 4786 6001 8336 -606 -5017 6865 -3652 -832 8467 -1047 -6023 759 5731 -8555 -3189 1748 -3297 3013 -9947 -5170 9640 3558 -8203 5375 -1148 -154 -8642 4358 -3515 -7396 -348 2832 -9540 -8843 6464 9223 -543 4947
-1210 -4262 8516 2427 3561 9532 5872 8496 -9327 9771 -3232 6863 6197 4564 2053 7350 6231 438 4722 5575 6470 -7276 -7407 6050 -8041 5838 -5874 9519 8708 -5747 -6606 5617 -6690 -5371 9812 -6912 -7833 -2879 -1686 9445 4336 3986 -4338 8744 8464 6082 219 7823 -9095 3416 -7423 9540 796 -5385 -9718 -8809 -5345 -6864 4071 9122 -2925 7321 -1368 -7941 -6974 7805 -6631 -1172 6716 -1304 8324 -235 -1164 -9057 7726 9958 5698 -1686 -9382 -458 -2496 -5662 -1756 5661 -4912 -2086 -1895 5329 -8443 -3391 9194 -2789 4767 -7278 6098 -7803 -3896 9105 9338 6873 9198 -6564 5523 -2375 -7752 -4822 9726 -6274 -2772 -3062 -1683 -679 -8826 -4598 -5169 1319 2190 7616 5645 9755 -7237 7828 -8144 -3658 -9014 -4067 806 -5668 -5700 -4966 -6544 2539 -9099 -4399 -7595 8846 1903 2539 3532 -2203 -8884 -4770 2302 -7267 8424 -3953 -4392 -4686 -8263 5651 -8454 -857 -429 2067 -5546 -6196 -303 4057 -4856 -3392 -9395 7262 1068 -7920 1732 -5002 -949 -2926 -177 5037 5024 1247 -907 4682 222 797 6922 -1956 -2941 -682 -3784 -9831 7481 979 -6254 -2795 -7317 2281 -310 437 -4459 1206 6263 -3419 -2647 5366 -135 8178 162 -3003
4905 -243 7458 8098 305 7227 -1336 -5231 -7497 -3252 9214 -1002 4298 -2693 6755 4519 -5502 -6209 -2880 9833 6029 4610 -1153 -622 1717 860 3849 7794 2 9680 6999 -9180 8934 -6897 -9573 -2576 4377 -1718 -9141 -5244 2415 -883 -2480 5041 2065 2991 -1563 518 2396 9469 -1965 5129 2924 -6119 -2949 5237 -7852 6484 -6801 9411 3516 746 -1006 5549 -9801 -4035 8704 3989 -2716 -8478 4190 9146 148 -1144 -1004 1134 4826 -6595 8638 -9147 875 8357 -8525 -587 5510 -1719 -890 2266 -6711 -4768 -2556 -1185 2033 -167 -4843 2210 -4742 6316 -6635 2530 -7959 -5516 5156 129 1996 -4818 6755 -8161 -8991 -3617 3248 -2063 -6983 6876 9854 1551 8805 6188 -6774 -1531 -6336 1881 4562 -1734 -1010 -6584 -2580 -8945 -4595 5144 5336 1776 -2878 -486 366 9733 744 -7698 1079 -4743 -7588 -1492 -1479 3447 -7782 -3458 344 -7911 1947 7647 -9079 -3802 -1838 1567 -5411 7738 -1416 7162 7849 -7247 3044 -8245 6264 5810 5911 -3288 393 -9706 1443 -4676 8391 -8104 5390 -364 3012 -5208 1361 -9627 -900 1390 8029 -37 -9615 -1089 -773 9806 8381 -8332 770 -7972 4376 -1866 2628 3793 5287 8908 4689 -1679 -8935 -9836
-4355 -9732 -1629 7403 -9721 8900 -115 -8449 -5010 2990 -9704 -1460 -3156 -4549 1321 -8391 -6090 4999 -7091 -9706 2710 7501 2915 -588 -1627 5255 -9739 -4253 -1468 8038 -5536 -5594 -4684 4384 -5288 3994 836 -3048 -5587 -4749 6410 3633 7423 8739 2709 -3838 2552 880 1174 1956 9010 -7783 3192 3889 6568 3619 7033 1657 9991 4327 1325 -2543 -3355 3827 3811 -5828 -1145 -6646 -7980 -1408 9220 7271 -6109 9947 9386 8557 313 -6397 -5057 7302 -3844 -435 -4679 -6126 -8053 6240 -1745 -3390 -6452 9710 -2513 -8165 -2786 5907 -1732 -7951 5678 3300 2146 2084 -54 4909 -3778 -2187 -3220 2946 8638 8209 7940 -3644 5110 -6250 -731 8777 1689 -3901 -5051 4472 -5819 -6569 -8677 -3786 1121 -9859 -5712 7017 9931 5915 -701 -2925 -5713 -6003 -2871 -4113 6064 6301 6218 9961 3288 9466 3646 6507 -4791 3548 -3029 -8917 4616 -5654 -6661 -4061 4395 -6347 -5042 -4879 -47 -1516 -6038 -7013 8788 9409 4154 2452 -1000 -4868 -3480 -2476 5933 938 -7814 891 -2632 7234 7629 6348 433 -3589 -8898 -2978 2078 4987 9649 -2222 -6771 5540 -131 5424 -1325 -6098 -3439 -1919 -4227 6655 -324 126 7523 -3843 -5624 7276 -7617 -7602
-3045 -1694 8935 -6834 6064 6882 3633 7007 -1588 -3889 -3325 1241 -6223 -2115 3395 -9972 9883 -5686 -8469 6744 -8334 -6986 8385 -9629 504 4188 3963 -7799 -8755 337 2927 -9953 5752 -4515 -7748 -5817 4341 2549 2518 1828 5573 877 -1764 -9267 748 -450 -2345 -6851 1011 3425 -8929 7779 5544 9441 8428 1638 8145 195 896 -1008 880 -2403 9076 6834 3288 7528 -4225 -7165 -7001 2046 472 5271 3341 407 9577 5024 1859 2372 -5045 -5745 -5411 8424 8214 7466 -3617 -8098 5984 5899 -9014 6086 1604 8465 4076 8770 -3394 4410 -852 5345 -4412 -578 -4481 -5587 -3926 -1767 9925 -3741 -6083 165 4077 8744 1525 -6835 -4823 -8403 -1682 3590 -6678 -9836 1037 -5210 1809 -3832 -3881 4820 7588 -1411 -8692 -8247 -4740 -8829 -6452 -3668 716 5110 7737 8550 4582 -9983 -6037 1952 -702 4755 -6041 -6888 5946 1743 -6439 3095 1231 -5312 5145 4624 -6545 1700 -1532 5450 -8136 6623 -5206 5431 -2070 7111 -8979 6876 8855 -3728 -6010 1593 -3554 2385 -6733 -5728 -5128 2365 -5499 7713 3645 -4260 -2132 -5579 86 -7615 669 2760 5392 -3008 -7832 -1562 -7495 7844 -4425 2440 9479 -4601 -8930 7250 -4196 -8418 1890 1287
1596 3295 4291 1837 -1499 -1405 3881 2461 -519 189 -5818 6188 -4495 2017 9716 4851 -2281 3857 7809 -3138 -5555 722 8463 1315 1669 3641 3685 -4448 9928 -7382 -1836 -3749 -8447 6313 1390 1100 -8799 -3760 7993 1007 7498 -3811 -2654 7536 4082 -8337 6509 -741 -4940 3769 9916 5660 -6424 -4282 4589 -812 -4484 -6331 7794 1397 -3603 -959 4294 -2372 977 -6842 -1195 178 -135 -970 -4365 8164 4058 -1996 8666 3129 4950 1284 -9040 2119 7525 -404 -8448 345 -4804 -5075 203 -2019 1113 -1224 1831 7054 2629 -1880 -6507 8185 -1945 6336 2280 -8286 -2583 -7920 -4511 7767 -6547 414 -3100 2595 -322 -10 1321 -9905 -5638 4703 -279 -9596 3624 -6206 9250 -1848 1361 2050 8907 -5296 7967 8879 -8307 -272 1328 -4866 -3860 7123 3054 -5582 -4316 -1858 828 3893 4326 -3834 -2746 -1549 -4315 3509 384 7674 -3479 -8594 -4907 8324 7687 7789 6707 -9829 2267 9199 -545 -7756 -7909 -8707 9559 -1955 -7899 -8519 -8318 -1868 -7073 886 9595 8643 -1305 -6191 -9713 8544 -1557 -2583 -8707 8888 -4837 -9154 2709 -4273 1221 8354 1969 7495 -8684 2070 -3495 -6901 9082 7328 8005 6273 -7659 -3637 8225 -7139 8061 -2799
7475 1049 921 -450 -5626 2570 2424 -9053 9309 3629 4946 -1807 -6864 -5249 -8580 -5404 6277 -8868 -2512 -8095 762 5587 -350 -3744 -310 -5608 2322 -1378 -7444 -3201 7283 7966 5592 -5720 -538 7927 -252 -6219 -2751 1197 -226 5682 -1827 -6403 -9469 2457 -3991 -8202 -3246 983 5120 7846 274 -7876 3562 -8324 -2013 -8832 514 -1195 -3495 -9051 -4502 2187 1358 -4309 9895 9671 9150 -6651 -5996 3903 -9762 6579 -6520 8141 3264 -4944 -6182 9696 1969 -6199 -6769 2024 -3098 2504 1251 -8898 7940 -6481 -4528 -1245 -7432 -2436 3218 -3430 765 5227 2393 6084 9879 8162 -2136 4057 3549 -1173 -7995 -9173 2725 -5572 -6336 9648 -7866 6086 7130 -5010 20 -3263 -1224 6729 -3177 -8063 979 -243 -761 8543 6387 -1795 -9986 -7072 -5386 215 188 -4976 -9038 -5139 8141 6245 4843 1039 -3213 -943 -3936 1904 7349 -150 2837 5610 -8413 -3875 2236 6305 9843 -9133 -6162 -8360 -6863 -5424 -2493 6011 -2673 -97 7254 3573 -5026 -8477 4429 -4163 4172 5330 2001 1706 4390 2086 -2 9880 6141 4656 -7949 7899 9912 1937 -5153 -2310 -735 -1909 -9968 7614 8140 3805 9166 2052 3626 349 4110 -2374 -9307 -1036 1277 7404
-3180 9027 9694 -2606 4088 1018 9998 -495 6612 3668 -4417 9141 2259 7481 3187 4779 8234 1702 5810 -1387 1862 -6684 -8805 8255 9971 8690 -6407 7321 -7132 -5607 -6494 7741 2446 1852 -7390 -8698 6336 9073 6927 5484 1436 -8632 2279 6819 6000 -5996 6425 1801 687 -3665 -1110 2041 -5776 -1075 1599 -2738 -1257 -2208 1349 -8072 -810 2911 -8830 9971 2931 -4136 8260 -9331 -5419 3543 -1540 5809 2202 -95 -1930 -3432 6648 172 4933 -9781 -6400 -3106 -3002 -3811 4515 8711 -1756 4447 2875 5657 812 -5092 4881 -8803 -3340 -4318 117 1167 -6568 6913 -444 4328 4418 -6635 -4273 -2890 5708 -1700 -3472 -3731 -4499 -4672 4890 -751 7135 6919 1882 7441 -4310 3401 -5739 6081 4257 -396 -9766 -35 -1345 -4597 -9569 6551 -2459 8077 1583 -464 2139 6118 7442 -8627 6973 -5254 -2532 -8245 6080 -2453 2580 2073 8022 -16 2050 615 -939 -4481 -6941 -3013 421 155 -2963 3691 6089 205 -4833 3266 -1943 2550 4583 3315 -1403 -2403 -3366 -9785 -7370 -5765 9430 -7668 -8742 -8140 -1544 9493 -6848 8666 -2777 4497 1789 5703 -1385 -9649 335 5318 513 1860 4119 -3543 -9533 -7803 -4911 -4498 -8426 959 2634 -5145
4146 -8544 -3443 4337 1912 8351 9474 -4163 -3320 -3425 -2355 5181 41 -4768 7554 1949 2814 -4326 5683 -9341 -2536 5399 -9929 3115 1252 -2143 -144 -5012 -6210 4469 -4287 -4526 -2399 9857 -7349 268 2707 7068 5265 -5066 2984 6721 -2057 -1994 627 -4433 -9438 -8663 -2321 -115 -9679 601 7238 8915 6824 2236 -8934 -8621 -9562 1929 -8935 -1711 -4040 -6808 7675 4751 4237 -3507 -5777 3896 814 2226 6207 -7480 -9409 -785 -6500 -7801 4446 9645 -7148 9299 8846 -7203 3950 -2191 -1493 8415 -7958 5453 3708 -9800 4566 666 8662 -4374 5167 -9636 -4318 8625 -3285 -9600 351 1857 -9351 -626 -8507 4188 -5947 -3632 -6014 -604 -8522 6212 -9554 -6658 -1063 5489 -8375 9437 5737 5615 -1295 1341 1488 -3476 -4477 6138 -379 -4901 -9616 -985 334 4820 -7253 358 -4318 6815 2151 -8511 8808 -9589 -4393 -6335 -6543 3132 8860 981 8012 -711 1827 1915 -572 -3786 7843 -2167 -6693 8758 3265 1862 4015 -4225 6900 2963 -574 -1150 4011 8427 954 21 -2481 -8898 -2529 360 -9174 -6125 7757 5210 -5054 6148 -8661 3134 -2165 3916 -4721 9756 5198 9766 -2177 -1449 5451 -4789 -7262 5529 -4729 8763 -4263 8136 1033 3061
-4125 5247 -6367 5302 -2936 -4136 -2609 -9372 156 -4566 -1690 -1407 8471 3212 6811 -2080 -6341 3615 1815 4044 349 -4714 -1486 -9347 3833 9516 -6554 -695 3934 -9779 -5905 4221 -6782 3511 -1675 -8538 2819 5516 -5711 -5424 -6884 6968 6482 1243 -638 2375 8353 -2085 8860 9063 972 377 4646 5563 -9112 6914 4209 8385 -6223 -816 -6238 1564 8385 -7165 -5675 2484 -2133 4249 9473 -4779 -7729 -4032 5662 7347 -2075 403 -6049 -1960 1624 -8551 -3023 6945 -3292 -5804 -813 -5268 -7190 3822 -9827 9404 8169 -7094 4316 -6529 4359 9787 4868 -3060 2397 -1104 2765 2629 8802 -8254 8334 -8585 -617 8117 -6094 12 -4228 -3728 -4897 7120 551 -5197 8805 -8298 7946 -6869 7909 8423 1440 -7255 -2973 1984 1067 7068 -1720 9423 -927 9214 -8426 7538 -4204 -5531 -7612 1608 -1342 -9977 6866 -5438 -7216 -4149 -9718 3321 2215 -1781 -6478 9915 8159 227 -5248 108 3703 -9663 -34 -7611 819 2341 8890 7069 -1412 93 9911 5225 -5304 -4801 7624 9906 -3090 2643 6142 -4173 5111 -7481 5039 -6479 -2400 8855 9177 2477 -8194 -2800 7641 5954 8461 -2390 1033 9974 1327 9653 -5051 5309 -8429 5006 1570 6423 -1481 6873
-1427 -2461 9753 1057 226 -7953 40 9571 -3139 -3391 1215 6257 -1980 2245 7974 -8560 -6897 -8997 4609 4335 -5371 3703 -888 -1575 -5136 -2081 -2494 -5408 -2174 9146 4135 950 -8746 1753 2038 -9090 6477 7823 -188 -950 3915 -5558 1354 -1256 8599 -4773 -3539 2070 -5310 -2053 -1099 5902 -7711 8634 -8973 8595 -8087 2192 2293 9462 2305 -9585 -2616 1606 -2764 3886 2434 -5235 5103 -6350 3138 -6655 4860 -6035 6637 -8339 -9195 6655 5495 861 -9412 3005 -9036 -6913 -8518 -9378 -5372 8093 -9567 974 -3082 7700 -961 -1348 390 -1798 -3219 8480 3375 5388 3223 7880 -4152 1251 -2850 1506 -8065 1925 154 -2231 4985 -2183 -3588 -1144 -3081 -6552 -4727 2849 -135 -6724 2256 4492 9662 -7877 -9795 2944 8146 -4030 -7101 -4749 -5525 2695 -7857 6968 -7122 -9007 -2661 -1737 -6178 4376 -7284 -8647 8682 -8885 -7149 -6985 -8834 -6458 2797 423 -2559 -6422 5951 6359 4992 -2876 -9841 5891 -3421 1263 3668 -7941 1780 -6361 6406 -275 -5340 6256 4514 -5463 2989 -6857 8061 -7822 -4543 3950 -5549 8299 -6053 3482 -2104 8270 4325 -9897 9119 5079 -5299 -382 -2961 -863 -8368 1763 -7034 4047 3007 1973 -2772 4825 9660 -8439
7430 -1463 -3844 7466 9854 -9125 -7785 3273 5923 -2253 9761 5558 -7044 -5386 7084 8067 2248 -9470 -9537 5225 -909 4023 1241 -1445 -11 -7466 4417 6756 -8770 -7842 -8147 3908 -9722 9869 8435 -4157 9406 4647 -9683 4307 2414 -2678 9868 3112 -944 -2708 7232 -2442 -8509 -1625 6197 8394 9111 -4759 6669 -4392 7463 -5885 1518 -3680 -4003 2257 6832 -963 4035 -4067 81 -13 3433 6813 9738 -3693 1485 3592 -5870 2077 1824 4300 -4955 -1942 -7786 -4988 -437 -2040 2548 2012 -8899 6476 -4862 2333 -8882 3507 6657 1462 -8740 9285 -1192 -9025 -9034 -5204 -834 1136 8857 -3840 -693 8299 -1769 -3558 4032 -8555 -6255 4726 -4301 9128 -4925 -7448 -3138 -9804 -5309 -9252 -6250 -4691 -8466 8368 9228 4101 3661 8165 2852 225 -4344 -3498 -9127 -9164 -518 3661 2290 -5994 9282 -6330 3846 9458 -7793 -2774 -6044 6933 -919 3907 -5611 2167 5057 -808 -9364 -9499 -3603 -8724 -1384 4332 -1770 892 4547 4502 3816 1819 -7090 6374 8870 3392 -4550 -6796 2685 4647 -6130 6442 7665 7623 9216 -2147 -9147 -8618 -228 -2003 -4713 3442 9913 62 374 6001 -2643 -9729 -4234 8936 -4382 6707 -6681 1794 716 -3263 -4817 -5850
1520 -5243 2039 -7164 5605 -8871 6159 5904 -2351 9471 7730 502 -3285 9505 -7260 -2316 -7015 101 -2540 3888 5391 -4779 -3967 -2505 2131 -6896 -3425 8376 -1061 154 9998 2530 4620 6190 7249 5644 -1609 4980 -8965 -6814 5637 -4498 -3097 -6349 7432 -3563 -6167 -671 4773 1488 -4642 9262 -1241 -9496 -8209 860 6011 -9126 3358 -6230 -8659 9350 -6047 -109 -1594 -7640 9956 6072 -3719 3301 -3814 -5307 -5190 9508 -440 194 -9826 612 -3977 2175 1180 -1551 5451 3616 4440 -7345 -9830 1371 4846 -9917 -7406 2893 -6771 4926 3014 385 -1496 2 8260 -997 5311 7922 -235 -9883 -4728 7794 -8192 6606 5624 -4138 -6451 3411 -4588 7546 1379 2401 5769 -4829 8447 -2047 -3022 -7536 -7974 -8911 2432 4741 -7008 -4042 8253 -9033 -4022 -5997 8468 6906 -989 1161 -1977 4134 919 -7449 -7292 1475 -1573 -4294 -5558 887 5673 4120 9761 -3903 -7325 2601 -1360 2655 -7654 6861 5699 -888 6318 4843 1625 3488 -2208 -9257 -4521 -5715 -5474 -33 -7457 -5129 4036 4725 9465 -7154 -5593 1164 -6274 -2673 428 5413 -2810 -1070 -6622 -3437 5031 8824 -8725 653 -1033 9100 6962 -9621 9642 -7238 -5585 -9615 2811 6216 -7097 820
-6738 -9787 -4009 -2359 -9768 -4030 9608 6941 -1976 -9076 -883 -7958 -8937 -6359 -8780 -2672 312 449 6964 3929 -6591 4618 -9096 -3471 -2328 9172 5880 -2364 4273 -318 -4335 -4714 2182 -6548 8471 -417 8307 -5347 -6474 -4779 -130 2489 -2690 -4787 9853 7854 8196 109 -5254 4061 3107 910 -5343 -3542 3629 -9791 1530 1795 -5998 -1862 7072 -696 -3223 -5562 7804 -1926 -3600 1986 -5007 5422 -4285 -1125 9242 4405 5961 -5829 -4453 2576 3905 9673 5705 8123 -9618 -2467 5336 4829 9041 -8174 9420 -5676 -5400 4725 3525 -949 -8525 3720 9929 -1233 -8030 -3206 -2384 -8573 5931 -4302 526 -8669 -2009 -9482 4201 -5051 5752 9347 -4910 9291 5943 -1492 -7878 -8733 8608 4087 -6002 -1962 -3365 7964 -7835 1609 -9989 3460 4184 -4274 5275 354 -3197 7584 7658 -7658 4576 3157 -460 7376 -2707 11 1557 -2707 5630 3015 -2802 -864 7811 835 6487 -5689 -9813 756 -1330 -2182 7948 -9534 -6012 -1 -974 9926 7562 8123 -2912 1340 2653 6001 -7581 -2488 -7711 1057 7773 773 3523 -4435 288 7355 5908 1383 7670 -8293 8560 -6248 -2430 -3797 3601 4533 8912 258 -4149 -4413 3355 -1374 6365 -8271 4484 -5995 -9637 -1254
1036 9125 7497 -4455 188 -1126 -8793 -4506 -7230 7343 -7628 4365 3891 5230 -2848 -5993 3372 -6430 -9079 1521 3432 9950 7548 7297 -6778 9897 9621 -1246 2580 3495 7649 -2794 7812 3306 7181 -6088 -6804 6119 -1862 3104 -764 -6779 151 -9407 2973 1526 -5033 -9923 8813 1519 627 8390 -510 -9871 1376 335 -1670 -19 -234 7892 -8524 -690 6043 -2444 -4403 -5801 8190 7860 9494 -495 -52 6898 5624 7138 -9048 -8291 3082 9236 9970 -3444 3764 5122 -9404 4840 -3937 -3804 9502 -1936 6781 4547 669 2977 -8984 5924 363 1573 2094 2074 7237 -9332 -5547 -4431 7611 8476 -6160 9085 -38 1430 -1738 -8544 -2709 -7670 1062 -6261 -210 -2977 -2625 8692 -1426 -6109 -1542 6733 8753 -6992 -6338 2621 718 1084 -406 -8831 7038 5132 -9210 -5304 8223 8912 9977 -7723 4059 -8892 8568 7093 8009 -7165 6155 -9181 844 -3891 -3328 3238 7198 -3954 -514 7821 -1641 -8849 -607 -9480 2126 -8083 1817 -6116 -3877 2459 -5773 -8643 -7487 -8844 -614 9177 -3433 -4301 4428 7535 -6584 -278 -4061 -8745 -6857 -3300 -6727 2276 4460 -9231 -2756 5092 -2679 -3637 -8140 2924 5675 4100 -9887 -8449 4923 -7877 -8667 6800 8875 -4060
426 -2445 785 2077 1996 -5779 -7748 -6761 5970 8055 7565 -5824 -9173 7893 -5069 8923 7736 7553 8996 -4129 -4713 6673 2384 9972 -8815 7251 -1030 -5875 2912 7981 -8209 1579 -1423 8666 -6620 2428 -6695 2438 2668 7866 -3732 -2803 -3976 1449 2372 -2428 -3943 7531 -3099 8921 -1944 -4099 -7092 4179 6162 8684 -2018 1545 -3514 1418 8665 1608 -553 399 4899 -5995 -5278 3245 -5463 -7154 8865 5105 -2471 9728 4816 -1823 -542 -9569 5558 395 -7684 2619 -8132 4945 9102 9310 -3633 -9272 -5438 -9636 443 -3097 -1944 -8374 3216 -9239 -9476 -770 7829 -8170 9369 9190 1399 7130 -4741 -7725 4431 51 -3284 9520 -8147 7928 -3239 2929 5020 942 2672 -8751 -7176 -7629 -7261 2765 9664 -3869 -8325 -5599 1161 -635 -8878 1796 9113 119 -1865 7991 -3532 2088 2285 5140 4533 6095 -6506 -1782 -1981 -4844 730 1617 2755 -2433 -6607 -7277 -9107 8410 2402 5928 4889 -6788 -9396 -8784 -1723 -534 -4759 9047 -4583 1136 -4889 -8479 -1261 -2486 -9969 1933 7438 1840 -6832 -1127 9497 -2962 -5979 -4344 2211 -3351 -1759 3946 -7096 2546 5776 -8419 6445 -1091 -8695 -2013 -5643 -9092 2880 -6623 -5062 -773 6238 7209 -9979 -4629
-537 -8950 -1487 -9928 -2795 9393 4025 8942 -6283 2094 8764 3127 -4144 893 -3336 -2555 -1646 1543 9140 -8582 8456 -9114 -137 3669 9430 -8020 -8334 -5653 3496 -6895 1321 -7707 438 -8743 2979 2566 1849 2619 -7021 -9822 -5460 5863 -8422 6511 -5424 -9121 2946 -1565 4982 -2619 146 -5550 7189 6573 7952 -3050 7222 -7170 4185 -9294 -2463 9386 3280 8663 1272 -1023 -4464 -6015 -3808 8927 -2901 -1218 6983 6364 8215 -7661 1931 -6368 -1127 -8491 9290 3689 3981 -4206 5551 -2733 -7302 -7200 9233 -4237 -3135 7523 -3028 3102 488 -3554 2487 8751 -8309 -7591 -8138 5865 -3361 7751 120 -5511 5820 -5072 -2965 3859 385 -3896 -8705 -9282 -4859 9273 -2835 9997 8897 -6858 7784 -8215 -3990 -8522 2352 888 7593 -4191 -9882 -4256 -4529 4810 -3764 -3061 -6316 -4434 -1693 924 5314 5783 3936 -5160 -9457 7781 312 -1606 -6952 843 -6826 9520 -5964 2467 1532 -1176 -3454 -6964 2258 -7525 -5756 -9208 -5284 -6666 5133 5176 -337 3937 6591 4945 -1056 -2846 -2778 1298 -917 8344 7325 -1151 679 296 -6039 -9324 1838 -812 7455 -5683 -5186 -8565 1680 2993 47 2631 9049 6080 8296 -7479 8279 -7723 5507 6214 -6858 -5008
-359 -9109 -3162 5471 3933 -7080 -8844 -2764 5589 -3955 5539 -2883 -5006 3047 -642 -8994 -3156 -7825 -1293 -4702 2591 4641 3211 8147 -6192 -6743 2184 -2270 181 -2002 9360 -9182 3482 -6828 9663 1075 6618 7242 9379 9644 -5304 -4046 -5768 -826 -112 8142 2554 -3970 6848 1087 -9323 -564 5170 -9984 -678 6107 -1709 -3602 -4583 -9281 1224 5228 -8482 -9479 -3599 341 -4255 -9362 -4243 2717 9350 -8368 1393 5173 9645 631 171 5337 -7227 -250 4316 2914 5352 -2924 1299 999 8221 1381 5631 -2662 -342 -9967 -9356 -6987 -1315 3370 1337 -6811 6102 3678 -658 2755 7840 -4065 -5682 524 7029 -5864 -4314 2131 9600 -5470 278 -4526 -3888 7890 -165 -6813 -5146 -868 -711 -3538 -481 -8986 -3369 -8003 7527 1951 -6104 -5330 -9978 7613 2789 -6557 -9078 -5097 -3677 4212 7682 1159 3714 1927 -3921 4650 4141 8643 -3283 -415 -5394 6313 2339 7940 6319 -2700 9050 2931 -6608 4341 -9125 7620 -8755 -4461 -5560 9605 6715 -4905 -7764 -8471 -5867 4161 9236 -3632 2255 7401 3056 5785 8335 -9787 -7345 6983 2024 -6345 2795 -3896 -9956 4686 8843 3362 4045 1399 -8616 6502 7252 -5011 2706 -5477 -2286 -5259 1934 -3049
-7682 -6707 -2631 6484 1287 3243 -9049 3832 -9022 5699 9432 -8889 -3572 -3916 2236 1347 3553 -5993 5176 6145 -4874 -2994 1758 -6646 -7124 6699 -3246 1775 -3318 -5185 -1589 -8240 -8620 -8947 -7708 -5662 8112 -9445 -944 8963 -9012 6073 5313 -5687 5230 -8154 -2415 668 -8525 -8445 9643 -1397 -5901 -2704 -1361 -3024 -946 3383 5241 5671 8955 1065 653 530 -3579 -1071 -8735 -6846 -3240 7312 -6469 1945 -3877 2070 993 -8329 -8015 -5562 -8657 9772 -6959 -8630 2036 2152 4735 456 -4141 5447 3270 -7383 -9645 -2621 2672 3676 -4004 -7596 -6780 309 1876 -9261 -3841 4603 -2744 1894 -9847 -3007 2759 1810 6372 -7109 -7338 -8162 9741 -7971 747 -6191 -9192 -4691 -7249 9469 2185 -1600 -7048 1731 -4403 -7434 -3816 -2531 -7898 1132 -9772 -5735 -5953 9051 -4983 4585 2378 5993 -980 -3953 -8722 -2440 -6965 3529 3785 -6185 3239 -2345 -607 -7296 5035 -9813 7269 -4281 2434 -6923 2209 -6424 5039 9849 8391 3043 5818 -1185 9129 8774 1099 -8965 -2087 -1913 3070 9416 9684 -971 1744 -6550 -2367 -8619 9394 1878 -8376 1659 6704 7199 4531 51 2760 -4268 2602 -1646 -9938 587 -6388 8125 -793 789 4128 4240 9405 -8282
-6007 -822 -5256 555 1070 4717 -248 -5661 9332 -6459 -9566 4516 7998 3837 7966 1274 2341 -292 -7883 29 -9384 -2744 6906 5611 1994 9069 -696 5902 -4232 980 -5106 -3145 6456 3848 949 -4737 -4444 5825 4255 7522 8037 3138 -5645 6395 6303 1510 -800 -8711 6866 6480 -8980 -3839 5688 -4710 -9170 -4892 6620 -9134 -7210 2983 6280 1327 6892 -8115 4741 -7046 -6779 7888 8797 3686 -9140 -2103 -7931 4559 2177 7754 -3650 -7983 1832 501 -8995 -936 1425 -3499 -5150 -4738 6328 9371 -8353 -4486 -3331 5095 -77 2048 -6112 -6422 -5983 -8733 -1240 2592 7289 1767 -8703 6704 -8900 8613 -5531 2913 315 6842 -7067 5150 5268 -9008 -6950 7785 -3603 -4241 -9323 2134 861 4313 8918 -9588 4577 -403 -9524 5934 -147 3821 -3043 1000 -4068 5913 2044 -7136 3606 -1000 -6813 1569 9744 6409 -1825 5114 -9893 9505 6730 1788 6140 -4759 -9626 -405 -3263 -7529 4408 8837 -5814 -1660 9642 -3021 7642 -5940 1435 -9768 -9557 5250 -7986 -1373 4821 -4494 -1994 5965 826 8992 9639 3098 -9715 -5806 -4115 1917 5242 -4738 5920 6156 -265 -9454 9585 8872 6158 5732 -7641 -4374 7148 6229 -416 -615 -2393 644 -5031 -8137
3589 -4082 -9560 -6647 -6842 -6798 -1754 -7827 6974 -4608 -2079 371 8960 7663 5263 -690 9255 -8699 3529 5208 -6110 -2168 8767 9256 -837 798 544 1434 8802 5930 -4802 -4052 585 -7985 322 7630 8982 360 -566 7861 -4888 -2971 39 747 9463 -13 -7289 -1092 1327 886 -626 6021 -3463 1333 -3346 2393 4472 -8679 3988 -7143 -3530 -3986 -9479 -2668 -57 -9790 -5205 793 -400 9717 -1505 -769 -9188 -3907 5641 -8475 3606 4693 9155 -7474 -8254 1094 6621 -221 -7311 7919 -3957 9313 -8558 5070 9467 -6032 430 -337 7216 -3203 4964 4872 3708 -4277 -2628 -6069 9226 -4615 -4402 1290 -6309 1433 -2769 9212 -5773 -3746 7416 -1331 5790 -1905 -8611 -1576 -8519 -1112 8175 -4975 1747 -8253 -474 -4495 9843 1495 5287 5225 -9765 2213 -4768 6512 -7652 7310 -9092 9666 1266 -6422 1506 -2875 8918 6478 6393 773 877 8238 -7762 1595 5499 7872 5156 -6833 5789 2502 2531 9858 2838 3274 -9469 9042 -2885 -4436 1509 6501 -6184 -775 -4612 3572 4571 -7192 6330 -8477 3346 7808 6698 6847 5057 -2656 -4078 -5296 -2099 -3933 4438 -1832 -4726 2542 -1421 4624 6431 -138 -5293 -4365 2492 5085 -5155 -5340 -7149 -6890
7793 567 -5169 -464 2185 4679 -8238 -8490 -5738 -8634 4640 -7003 9839 -2035 -7262 5685 -3116 -8551 -9519 946 3883 -3996 -8554 -8266 -5114 3229 -5249 -2980 7680 4014 7275 -4645 -4838 7838 -3773 -7132 3871 4864 -1507 85 3596 4970 3289 -6370 -7797 -1456 -3784 -5482 -6786 1981 5794 -4311 -5082 5695 -8240 -7052 -8926 -6609 -9496 4342 1370 -4739 8094 -3303 -8720 -9111 5174 7672 5773 -5295 -3052 -1641 -7069 9395 7685 9949 5840 -9807 6302 -8055 -2971 5764 8072 -4218 5687 -6806 -7371 359 2444 8300 -1537 3673 -2358 -5752 -3837 -830 -978 2617 -1551 -2375 5132 -4997 3976 -8515 2265 -2098 -1152 -855 -222 6748 9013 -9929 5910 -676 -9064 7413 -7093 6544 8350 -7632 -417 -4098 -8017 344 -3433 3103 1475 7602 -7179 7396 782 1551 -4373 300 3047 3545 2651 6197 -2393 6540 121 2875 9096 -1004 -1009 8977 -101 -8934 6710 -3020 -5321 -592 -5545 -5869 2414 884 8296 9071 3031 -5963 -8234 -8048 2776 3754 3446 -2492 -1398 -3249 5809 -5547 6495 -9974 -9708 8316 -264 2489 -9963 -3806 -834 4850 5989 5020 -9262 7085 1940 -4631 4534 619 -4629 6302 -1589 5918 -3630 3357 -3313 6719 8203 5240 9724 -8147
5784 -1595 -2570 -5455 -223 -3804 7698 4509 -5970 3536 -3310 -226 82 4588 -3393 5506 8357 -9292 -7692 9189 -3424 376 8843 -1170 7328 5981 -9521 694 1899 -6999 3481 4382 8115 -4271 -3736 4581 -4783 -8290 6701 7267 -379 -9813 568 1660 6626 -4707 -170 7197 5211 9042 -8473 -7823 -950 8298 -5967 -2172 8149 3528 5416 9265 9440 -9332 6920 -5075 1142 -3425 3874 -4471 9832 598 8262 -313 483 6148 -7806 9919 -2325 -9616 368 5476 -4391 -6443 -3573 -9694 -5344 -1940 7797 -8707 5856 -8726 -7721 901 4777 -7880 9078 -152 8073 -1804 3191 -3759 3758 4201 -6526 7385 9790 -2230 -5828 827 -389 883 -8137 5949 9064 7485 -944 8811 9698 9494 -3017 -6399 -4535 6306 -8948 5214 -3636 3417 -2438 -2382 7765 9394 80 -6093 -3758 8886 6684 -9228 -4784 -2359 6128 2946 2176 8935 -6653 5860 -5439 369 468 4952 8873 3217 -2418 -4081 -6679 7560 -8466 -5823 -9306 4689 -9431 6864 -6864 -8333 511 4819 3823 -9643 -4160 -2723 -4167 -1190 6302 5127 -5864 2702 -516 5968 -3510 -1585 -3883 -9316 588 -24 -4712 847 -3656 -8377 9341 -7365 -5600 594 239 -7244 3733 2143 3840 939 674 -5647 -8703 -9977
8838 4397 9767 -7058 -7178 9632 -8787 7274 2899 1333 2369 -7183 5172 72 4045 4240 -9198 -6961 -9294 7479 1197 -4846 6393 -6767 -9719 -41 -959 6747 2662 1484 7316 -2359 -6185 53 -645 -8439 8640 -7615 325 -4368 9547 8917 -6012 9900 3551 834 6829 -8276 3344 -7677 -6065 6076 5837 5863 -3820 503 7671 1029 3990 7494 -7598 -1097 7036 4440 -4138 -6795 5461 2401 -8533 -7256 -195 6354 2756 -352 -7319 6761 6436 -1798 3386 -4277 -6440 -9327 1655 7832 -8313 -2577 -3098 -652 -8492 -4589 -3737 -1778 600 -1207 -690 -9964 -1819 7481 -5135 -1690 -8435 -1936 688 -9889 4537 5943 4361 9692 -3635 7814 3400 3081 1829 8573 -3287 71 -9883 4650 -5244 -3781 5211 553 -3599 -9274 -4403 -1005 -7145 -8147 1916 9359 8272 -4991 -6387 3474 3137 2806 8458 3303 -1416 9420 9720 -319 -1313 -7948 6669 -1409 -8713 -8804 6768 6985 7956 -6906 4871 -7596 -4750 -2441 -9068 1912 552 -5141 -4887 9285 5554 -2930 3792 3811 -3138 -3292 8909 -8492 578 7481 -1668 4692 -7928 -2500 -4389 -9828 -4561 8310 -8113 -5851 7518 4412 -3169 -3995 8305 2243 -1705 9345 -8709 6191 -8202 7153 -8554 5759 6921 1723 -7006 -8721
239 8057 -2020 -7089 -4108 -1729 2312 -3864 -2585 -6385 9664 7440 -1994 -1078 3828 -2318 -7283 470 -5257 -4559 9474 8508 -6778 2328 4539 4672 -83 -9067 -114 -9644 -3250 -560 5927 -6543 -425 8332 1973 -4168 -7606 9699 9872 4926 7393 -7042 -7581 -5261 715 8574 -7394 8686 7380 4062 7910 -1234 -9598 5409 -5801 -3418 1018 -2028 -6946 -9707 -8286 1819 -5204 -554 1801 -2409 4585 9480 1182 -4558 -2103 6563 -1906 -3866 7382 9444 -6179 6432 9871 4085 2091 3303 -999 3616 3791 -7723 -4476 -2763 7551 7145 -5161 -7426 -583 3840 -6261 -2546 -6783 -2307 2618 -3914 -9986 2393 -3525 -4516 6040 -8172 -9417 -4221 -9728 -2278 6820 -8846 9932 3370 -9567 -7162 -4911 8949 5582 9019 -8774 -3588 -5431 5610 8447 6692 -561 -4845 8584 7973 5450 -6091 6261 3222 -8768 6083 -2468 -2223 -7006 5001 1465 9292 65 -1522 5034 -4640 1804 -3618 2714 -3448 6344 -7480 9499 9899 -4711 3762 3879 3536 9773 695 5956 4490 -832 -4520 -3329 -7406 -8111 8682 2483 9890 1677 5965 3369 -7163 9618 5542 -7968 9734 3683 8732 -2515 -6085 9896 -9814 -8855 2148 7635 1282 7778 7962 9657 3043 4370 -9415 -863 7233 -910 5895
-3133 -2453 -8644 -5169 -5453 -3129 -6379 869 2307 -7869 2647 504 4638 -8334 -3806 -8633 -9766 -1326 -1265 6731 3199 286 -2480 7944 -3050 -9667 9092 8140 6882 -9437 -3436 -3305 6863 -2379 -4635 1910 -4399 -8811 1765 5019 -3559 2124 8686 -4683 4192 -1101 -529 1166 -60 -6252 8359 5587 9303 6246 -1387 922 -3322 9872 -9274 3249 707 6808 -9512 -7044 -1991 2684 7062 -4091 8136 7910 -9962 -6114 5786 -7426 5220 3855 6175 -5402 -8032 6918 -1376 -8657 -5837 2224 -990 -6971 -1713 3046 -6230 82 -1885 7215 3790 -5158 -874 656 3233 -7023 -6263 3841 5071 -8829 -7293 2342 -2296 -6859 2866 8111 -8835 -6349 8588 -5401 -3928 -4329 -4269 1920 2342 -8374 -8409 -3138 -1305 8874 -911 1726 4294 5890 8411 -8171 -7828 2230 -1293 -3992 -1050 4099 419 -2986 -5442 8089 -8476 -3432 4399 -5115 6471 6629 7377 8254 7696 -4833 -4248 -4539 -9557 -899 -9130 -8937 5466 -6083 -1262 5890 2322 -7979 -7787 993 -3555 -2614 -823 5714 22 -1819 2592 7039 -7177 -1395 -1284 9580 -3836 -3176 9084 8117 -1273 -4375 9017 -7134 9339 -2882 -9579 -2761 -3280 -730 7517 9538 1868 -517 2913 -4525 6943 3772 4476 6427 1347 -8285
5545 1871 -544 -1411 -4488 -112 -564 -3238 5774 -2608 4670 -2030 6017 4908 9942 -6022 -3314 -8119 -8264 -7801 -8481 8763 2142 4217 5149 -4007 -2122 -9567 3090 -863 -8652 8779 2824 -5513 2302 -5820 2599 7754 849 3259 -615 786 -5586 -8312 -8765 1325 1340 -9325 9368 -9611 5069 -8386 -1058 -1375 8985 7795 7971 3715 3879 -1766 -6092 6249 4589 -5086 6237 9124 -4581 -9686 -2139 -5615 6423 7445 -6538 7275 -1962 2839 5066 -5564 4963 -9874 -8969 -4697 2551 -4835 -7259 -1567 2271 -51 8477 4887 -5642 5200 -9895 -2948 8145 -9743 2103 2808 9483 4886 -3959 -1124 1487 3908 8862 -8616 -7498 -505 -5452 1934 -5814 -4308 -3405 9149 2488 -8548 -4931 -5045 8171 5510 8027 -764 -6585 -6898 8589 4244 -6961 8697 143 -9004 9344 718 1538 -8140 936 5194 2943 -597 -4823 4755 8749 3911 -6602 -3502 -6948 -4614 2963 1841 -7882 382 -6837 3798 -7628 8451 1833 -5883 -8745 -2528 -4961 -4123 -4050 253 -7967 -1634 -9060 9304 442 5225 -2070 -436 -6080 6395 8436 -4467 -9463 -8864 7489 3540 -9159 452 -3223 -4129 5426 -3776 -4654 -7944 6791 9218 9300 236 -7408 -7313 1829 -2199 -6673 5740 7660 -4419 -3619 2619
-3160 1306 554 2916 -2961 -1516 5629 8878 1599 -5410 -6675 -9927 -8646 8275 -2706 7368 8144 -6047 -4712 12 -6014 -1697 -925 -3658 1162 5388 7431 -345 657 880 5240 3166 3152 -4666 -2394 9192 6332 4391 -3369 -5444 8912 2696 1838 9729 -4274 6347 4494 -5645 3867 884 5125 -76 3506 8542 8527 -5499 -5004 -5846 1713 4106 -2252 -8419 6819 1558 -5947 -2690 -1164 6965 9727 -3463 -5265 -4417 6850 -1014 -9957 -5445 -3341 -1417 4876 -6726 -1403 4196 -697 -3332 9050 7480 4635 7588 -1551 -1948 -4572 -8091 4305 6778 -7020 8960 4207 -813 7720 6188 -322 -3849 1938 -240 328 -2155 -8207 -8992 -1594 1304 9669 5982 -208 8757 -2360 -7310 -3264 4439 -4974 -5809 4489 -9780 6390 5776 -6088 9727 -5873 1300 6297 -2215 -4311 2331 1943 -9410 8700 3801 -8030 -9294 7517 1034 6173 -8905 -6596 4980 3968 -1845 5261 -1076 -7802 -317 -4161 -622 1049 -3212 3727 7538 6910 6990 -6771 -7355 -2888 3653 4537 8730 -6897 -579 -128 -144 6679 7897 -3503 786 3739 7908 -5659 7091 -2074 6518 5410 7388 -8519 8459 8979 6564 -8958 -5983 -9170 -896 7333 5253 4915 6910 9889 -3020 -8821 -4182 -3396 -9627 163 -3915
6876 -837 -4223 -4237 3290 -1155 -4409 3146 -9260 -411 5726 -3492 -5270 3535 8483 7953 4947 -7674 4438 -2838 -2866 -7359 2578 7387 -1211 -8972 6520 -3573 4572 -5563 -3339 582 -5027 -6529 8847 9784 7970 5976 5044 1430 8081 -285 -1193 -1990 -6425 -3259 -9877 -5948 -2086 -6216 -7524 8959 -8463 8803 6728 7197 9682 -1729 7107 7095 4734 -1924 2697 4465 -178 5229 -8393 4386 -3999 -3115 -462 -8743 4416 5432 5989 -6046 -1079 -2495 5909 -6445 6502 5493 -2037 1252 393 7458 3427 4819 -7519 -8744 -7440 7126 2643 -7882 8242 -2848 3133 -6516 7806 -6140 5368 8112 -5672 537 -6365 508 -6773 3701 4470 -9304 9256 7099 -2383 7178 -6483 -6178 7047 -4071 4736 2266 3459 9210 3510 -6052 -2223 -1779 -6990 -3720 821 2289 6430 -3323 -7673 8953 -2581 -6839 -5041 2265 -9224 3395 -9676 8611 -7848 -2099 -7659 5527 -5882 9435 2141 982 7164 5024 -6422 1263 6711 -5871 7140 -9657 5323 -7554 -1993 -405 4484 9487 6351 2183 9169 -711 604 1698 -9469 -9654 -6252 9234 -6648 7072 7188 2064 -1820 -9411 -7916 1781 3125 6669 -1289 490 -2599 5470 1378 175 -3904 -1835 2853 1622 -6190 -6016 7806 -6827 4003 -6616
764 -3659 5133 3198 -2657 -5315 -6821 7456 2331 -584 4792 4059 -9776 -8977 8229 -4131 -1609 2583 867 2019 -2851 5869 526 14 -4664 -4712 5795 6422 8142 8741 8886 -2393 -9372 4382 243 917 -836 945 -2406 -2453 5481 3492 2026 6367 7422 5427 1201 -5216 2367 6376 -5491 -7372 5622 755 -8819 3531 -4958 7777 7236 5900 -8014 -6070 8602 -9577 8454 4645 -8174 -7891 9697 6997 -270 -4677 7815 -2143 5227 8406 3247 3967 855 -8434 -6148 109 6093 -523 -9410 7518 8865 -7332 189 -9036 1239 -7147 -1582 6046 -7534 203 9351 1601 5706 -186 -4681 7292 -1467 -9873 1225 -2999 -6564 -7022 -2042 1981 1912 9500 -9521 -5673 4332 1877 -783 5672 4047 -668 3883 6294 -9862 -3499 2324 2220 2704 -4263 6509 8722 -162 2270 -2635 -9418 9705 -9166 6799 -570 -5333 5286 9027 5840 -5009 -1633 -1231 -8709 -7768 -5617 9307 -5016 9180 354 8608 1910 -807 -9908 -1065 7925 -405 -3646 7546 -1588 3302 -6200 2038 -5947 3909 -3025 4537 333 7117 4203 4261 -7208 -9875 -167 -9612 5571 -6319 434 -2297 -103 919 8022 -9152 -7745 7449 -3874 8000 5233 4350 -2135 -5617 -257 -1710 -7921 367 3215 -2812 1593
-6571 -4066 3494 8577 -660 4275 2889 6096 8958 -5809 -9614 1559 833 6164 -3960 -5165 7126 -2645 9607 3133 -8013 -8710 474 1171 -1594 -7410 9343 -5517 -483 -9440 -236 2942 -3525 -5624 4998 9294 -3184 -8287 9436 9467 8702 -8825 -5810 2617 7826 -4914 -6434 -8753 13 -4882 5179 2906 7302 5747 -3178 -7867 -3485 5827 -9374 -6050 -9014 6222 -9637 -1110 -4664 -9462 2714 2254 -8784 -8305 350 1492 7545 -4141 -3493 -9655 7984 3439 -9721 570 3343 -6571 -6403 2256 4676 -5640 4517 2656 4199 2795 2654 -4960 -7870 4391 -7650 -484 -3187 -9049 4350 8871 197 -6787 7830 6016 -5223 3364 -8918 5337 -954 8380 -6962 -5511 9024 421 192 1076 -932 -9027 -3974 7385 -6114 215 7242 4051 -591 -8770 5937 -8884 -9598 -1723 -8193 1003 -2748 5192 2552 7263 -4859 -7833 187 2029 -2647 1091 664 -9670 -544 -4736 -7633 -4682 -3555 -674 5332 6524 3824 1513 -5580 9560 3673 -9935 -3706 -7204 4637 -9803 695 9668 3597 9142 1606 4371 2207 3208 -1659 1252 -2658 -5094 -5895 -8997 4241 -8858 -4104 -6236 -4156 -8576 9775 -3617 8508 -915 -7706 2064 -7702 794 -6771 -2701 -3105 6392 -1352 -8911 3024 -8900 4941 8833
2487 9835 -1580 -9685 -4076 7929 7190 3596 5126 9847 -7137 -375 9685 -5924 -8806 -1030 3577 -1206 1987 9786 1001 -8664 5132 215 2627 -155 -9614 -9674 -580 -6388 -1600 -2965 -2525 8181 -5872 -2803 9147 8730 -6155 7893 2231 5554 -1756 -5586 5359 2148 -4054 -7711 4050 -8630 -4250 9127 6177 3799 -4526 -2607 -8315 4019 -3760 544 8024 -12 4450 9747 7741 -3614 -9213 -1330 6833 -5214 -2573 -1267 -4129 927 9704 -3825 8277 -4283 1871 -5481 -1250 -8783 6687 -8449 6757 -5967 -5897 -6231 -9089 3822 -2036 -6460 4142 4466 -8560 -4108 -7927 -7459 5689 1769 -4579 8934 5851 -6042 -8715 6117 5099 6799 3386 3933 5342 5064 -3367 -7996 7391 2830 8756 -9070 -6003 -3866 7087 7764 8025 -8274 3290 -2423 -4354 4399 6445 9535 1174 -2637 1382 -3964 -4269 -4021 -435 6291 3665 6224 -2642 -1364 1607 5745 -6487 -5570 9912 -8011 -6913 7954 7158 7097 -9870 2693 71 -2332 925 -8929 8078 5828 3960 -1281 797 -6428 328 -6487 -5365 1445 3640 633 1692 -2655 -9421 -3246 5341 -3637 9213 -3373 -544 296 4569 5861 5274 3021 4607 2603 -4187 -2667 3671 9029 4948 3875 -4549 243 4406 2597 5702 543 -6573 4371
-7937 -6843 -6465 1742 90 -2939 5567 -2486 -8520 3085 310 -6692 -8925 -9137 6014 9157 -7217 5035 -4212 7098 -5538 6189 -9681 -8722 -1396 8166 -4700 -8187 -7330 73 342 -8511 -7903 5737 1745 -4961 9407 910 9281 -7412 -986 4132 6308 5689 5578 637 -9684 -2949 2453 -2251 211 -2386 -573 -2819 -3604 8457 -1600 -1004 -6150 3752 3749 -5842 -6977 -2057 -5745 -4833 -3151 5528 5500 3763 8880 -9619 5510 8449 -5853 3344 -2223 4748 4011 -4545 -7380 1761 -7388 3151 -3628 5790 -635 -6491 7285 2512 257 7894 8106 -5235 8653 26 5506 -2798 1885 -3607 -1110 -3025 -2016 -4582 2489 465 -7630 7864 1724 -7263 6510 3305 -2482 -3634 1833 2557 858 -8537 -5960 1588 8140 -8018 -4656 846 8050 -5801 133 12 8359 -2082 8290 7812 6145 2706 5278 6437 -2602 9139 5941 3013 -5503 9520 107 142 433 9785 -702 3911 473 346 9652 -1423 -3210 1108 -7036 -5644 4313 4866 -3506 3599 2267 -1564 5417 3043 -9251 5776 5149 -3512 -8553 4713 -2901 -4643 -254 5960 -1831 -9576 6227 -9286 -2857 5153 -1832 2794 3910 -2662 1168 5024 -5036 6821 -1154 -4431 8862 -229 5024 -8217 3212 9447 -6008 6518 1322 -2813
5041 -3387 -6751 -5054 6350 2644 5905 7676 6163 6755 -2433 725 -2178 8002 2225 1878 -5420 -9640 1593 153 -2733 -6515 4184 4376 -8291 -7808 -6746 8212 4064 -1735 -2851 -8071 -3822 -8158 -1681 -588 -9436 -856 -6590 619 6556 -9807 419 -6436 -8479 -4240 -1274 1745 -2851 -2780 9113 -6904 -6191 1739 -3913 7678 7266 9395 2366 1116 -2719 -5416 19 -577 -8988 -291 4538 -9205 -5582 -2732 7214 -4742 778 5716 -85 4909 -7105 -3458 -369 -8782 3408 -1882 -5844 6861 -3137 6521 6768 -9731 -720 -8217 -2543 -2509 816 512 -5878 -541 -4994 -3415 -4567 6979 -2344 1623 3681 7901 4501 -1746 1040 2929 4305 -7465 -1281 4510 -2361 -4143 -6268 -5178 -645 3290 -3217 7749 -488 7522 -5930 -4200 -5110 -8548 -5164 6968 -4747 1472 -2609 5172 1223 -4541 -2015 3771 9373 -6438 179 -8101 -8457 -9935 4811 -4021 -2011 -4787 273 -3067 6414 -4769 -2171 -6102 9511 4231 7521 -2045 -7735 4134 5139 -3837 4526 7233 6634 -7772 7985 8252 738 7343 -1214 1319 -1587 -7902 -3188 -6598 -7535 9209 7424 -7247 1892 -4495 -7556 -7404 2135 7973 3369 8164 4312 -6228 4521 -4089 4616 5364 -4153 7844 1388 687 -510 4581 265 -8180
-656 -8984 -295 -7902 -8557 3685 -4913 831 8312 5384 -7475 486 -2487 -706 -5069 9797 -9891 1701 -2995 4376 -623 -7441 -7567 -4031 7799 -6762 448 -3907 8488 -3504 6745 -3595 -9085 -9232 -5958 -4271 1807 -4188 -2311 -1413 -4250 4920 -420 -6052 7993 -3240 -2964 2070 -4129 -3219 -8077 1703 7548 -1128 -9087 2002 -2959 2262 -7736 6708 -5061 -1213 -8830 -1241 -6919 6346 -4039 -4174 5383 -7830 -1953 -4165 8845 -2176 8089 -5066 -6215 9644 -8148 7085 -8144 -5788 1359 -1548 819 5907 -4192 -400 2954 7036 -1669 -374 -4533 7867 -7449 -3723 7254 5921 9574 -3740 -3517 3312 -5016 -9246 6054 5705 1464 -2264 -353 -8391 -6428 9186 3114 6293 -2144 9565 -1275 921 8401 -642 -6020 -3211 -3680 -103 7655 7849 7641 6998 -6200 -1493 5251 7330 -9640 -3177 -582 -191 -2078 -8202 -1064 7628 3312 6209 4549 -3080 -5137 -255 9878 6089 -2509 -5225 -2919 -8021 -4639 -6287 -8653 1591 2912 -5313 4927 8061 -2226 8814 -2097 4077 2655 -295 4200 -8348 -8453 2730 -2064 8474 -744 -1965 -2797 9707 -335 -749 8459 -2929 1751 -3651 2722 3683 -8671 5715 9400 5533 -8239 -4333 -4612 2584 795 -932 -4063 4836 1003 -2906 -4096 -8292
-5660 2488 2601 -6991 4904 -332 -702 -1622 6648 4016 -9145 -5864 -8300 -9433 4574 4450 1513 -802 -8878 -6456 -7016 -1894 7197 862 5995 -1590 4970 7972 -8842 -772 -727 -2647 -440 -1689 6681 -256 3456 -1260 8020 -1069 1172 -173 7309 3329 3116 7981 -5130 -497 7548 -2477 64 6018 -377 -5137 -9624 1967 -4920 5385 1683 -9999 9974 7927 -3410 1491 529 7921 8613 8553 -6474 -4053 -3030 4107 -2650 -6484 -6795 -8657 -8599 -8376 624 -7887 166 8750 -7954 1914 -8817 4510 -6160 8329 -8963 4847 9985 -3835 3584 -8756 -8370 -6896 -7988 -1725 -2866 9092 -2326 -6033 -1941 8067 -2180 6079 -6595 -9397 -4819 5308 3729 -1479 7785 -2966 -9346 8207 -9699 884 -997 -2192 2447 -4132 223 375 -7022 -94 -914 8885 8117 -3795 -2302 -3519 -6716 6249 -3902 -7941 4634 5696 8883 -1267 6268 3748 -3610 -6170 5371 351 -5169 -1600 9883 -8072 -8526 6950 8982 3425 8709 1630 -7923 4360 8598 7539 -3544 7589 -2248 1542 3499 -972 3053 9905 2144 7748 -7112 -4245 -4781 9007 -2999 4201 828 -3690 -6636 2674 7412 5412 8105 -5484 -3053 344 -3803 -5149 1092 -5129 6272 5028 -8930 9462 -6667 -6729 -5488 7819 -5447 -8654
-2603 -2368 1825 9961 -4581 -1368 -5294 3114 1220 3291 138 6192 9323 -9253 316 1996 2709 1356 7126 9707 -4135 -1149 -5883 -8266 -4052 7271 -7995 2979 -2123 -3850 -9303 5595 449 -4581 -1052 -537 8821 -5649 -9936 -858 7192 1997 -9582 -4209 5707 -2275 -4557 6783 2880 7215 -2748 2523 2255 -909 2391 8999 -1391 -4080 140 -6708 1208 -344 8673 3788 -3911 -3217 -2587 7900 4768 -3153 -3042 5319 -8010 -2036 -8376 4049 1882 1990 6361 6336 2177 2968 1228 2232 3691 -8110 9593 -4191 -7203 -4594 7996 -9127 -1017 -6372 5047 -6581 9721 4897 -1771 4771 5303 4994 435 -7178 4853 -9776 -199 1277 -4695 -414 4925 5494 -8308 -4835 3248 -5818 -4383 9153 -3022 -6023 -4735 -9874 -5698 -8069 7897 2389 2383 4004 -3653 -8268 8120 -8908 8675 -6431 -2933 4951 -9394 -3608 -4800 2445 116 5551 -3715 -4721 -5782 -401 8944 -2355 24 -5595 9261 -2672 2087 256 -6083 2864 -6205 8637 -4807 8679 2392 -2212 -73 -6216 -5371 8417 3868 -6343 -5928 -5525 2317 6693 3566 5284 7504 -8590 6867 -9186 -9952 -9307 -8334 5003 6935 4601 -4823 -6778 -1944 -5346 9898 -1130 4494 2845 -7963 -6522 6332 -5286 429 1539 4346 1611
7019 -5309 -8349 -1049 642 6239 -631 -7152 6240 550 -5492 558 -2927 -2447 6886 -2966 -86 -3978 -290 9131 -9127 2137 6570 -5235 -8458 -9153 6257 7639 -5555 9258 9034 1544 -8541 5801 2130 -3297 2563 4590 7158 8608 1226 -4400 2310 6253 4834 896 9217 -4473 4588 4647 -2705 3706 459 2522 -3737 -1041 5199 6429 -9320 -5175 4537 5800 2336 -1426 -8644 -7192 287 729 9413 9096 -9388 6024 -6273 -3369 -4523 -8014 -6043 1930 8159 1401 -5691 8516 -8793 6409 8389 6900 626 -8452 -4889 -7852 -8894 -2251 -785 -8098 -6612 -6346 -4338 1790 5183 1072 -4238 -1187 -5889 7699 -5311 -7750 -193 -5549 6565 4523 3383 9179 3012 5543 1526 5151 2037 699 4556 4081 520 4218 6774 -3079 9948 3763 3319 -7227 5680 4977 -8555 4897 -5732 875 -9359 -1103 5931 -8896 -9024 -5088 -6765 5580 -8309 -6361 -4560 -2489 -3827 9513 5857 -4364 -9699 -4246 -7131 4263 7535 8855 -6593 -3320 7468 -1338 -6748 -1296 9558 -2566 7591 -4472 4864 -8239 -798 -511 6859 -9935 5137 -1239 -9597 3990 -8162 8696 -409 -7699 -5105 -1888 1318 -3028 6129 2959 -3971 -8180 804 5373 -9626 -2327 -5062 -638 366 3497 5116 -1355 -6270 -4369
7193 -8006 9400 3245 5144 6555 -133 -2499 -6085 -523 2618 8075 -9208 -189 -829 -7458 8962 3984 8311 1183 -5005 1365 4134 9241 4561 3680 -5429 -2451 -1048 7016 -6759 -8464 1677 3984 -2868 -1473 4985 -7356 -8541 -7394 -3113 -2931 -8608 2950 -2455 -3036 -9787 8163 -627 8415 -5067 -7290 2842 -2022 5873 -6394 8566 2598 -9752 8410 -88 739 -1490 7905 4973 3871 -4272 1956 3429 -600 2662 -4417 7930 -5547 2433 -7323 7931 -5178 4583 209 -1265 -361 5616 -8483 -7820 2062 500 -9173 -9797 -9756 -3200 4802 -2510 4150 1573 3587 6155 -5207 -2641 2843 -9415 -9430 4285 5755 -1936 767 8338 4593 6768 8026 -7149 -7813 -5395 1158 3277 5133 1210 -4015 -9723 -4298 8322 1573 1533 -5333 -3185 -5618 -9768 -2185 1638 5751 5784 -2200 9632 9068 -9634 -8880 -4989 6346 4392 -961 159 6890 4376 9229 -411 7724 769 1573 -4530 9140 -1024 4335 -4101 2899 3010 718 9638 -1267 -6902 5636 -4889 -379 -1871 2517 216 -2915 7104 -7417 5937 -5722 -9892 2951 -3653 1904 1397 -2650 3061 -7303 5040 -8260 4374 -3302 -3328 -3383 -546 -3205 -8237 2406 -2227 -7137 -6201 -1881 -7274 -640 -3644 2771 -8526 8681 4888 6740
4078 -4249 7598 6403 -6140 -4167 -4634 -2096 7114 -6324 8127 8821 6602 -4529 -6133 4417 5954 -8037 -4748 -4329 -1601 -7957 1134 7212 798 2031 -1166 358 9277 -9473 -7059 -5151 2486 -9457 -7461 -3637 7826 8494 -9705 5967 -8464 5778 -3185 4126 -977 5864 -4307 9082 8127 -7720 4833 -2637 -8887 5766 746 4936 -4592 -3091 5769 8594 8932 -1463 -3329 -1845 1546 5299 4725 7400 -8794 -4048 2198 8113 8298 2905 3572 -1538 -589 5399 4359 -4887 7049 -6218 -4891 -243 -6436 -4113 6101 8794 6864 8005 -4677 -3425 1162 -402 -6886 -8062 -3824 2422 -1910 2054 -8525 -7621 -2592 5117 2666 123 -4165 -4301 8660 -3989 6987 620 101 -6941 -7600 -565 -8015 8655 8485 -4596 6878 -903 -1063 3911 6112 3404 7005 -795 7631 -122 -6148 -1539 2210 -2248 6257 4594 -6353 -5591 -3374 -4761 9076 2986 -6119 -867 999 5625 2732 7519 -1544 -5159 4583 4884 -2400 4052 -9753 -5737 -6518 9798 -2 3310 -4025 -8183 -5120 -3500 1247 1990 -6338 8773 8445 7737 9334 -9545 -1078 2184 -583 661 -3975 5425 7410 2519 -8009 -9661 9589 842 -6131 -9345 -248 -1250 -3855 -534 -4829 4549 5852 -2126 9412 6791 -5968 -2670 -8395 3879
-7567 5278 -5372 6760 -7504 -9423 -6744 -7888 -7037 5166 6759 -1941 -2673 -2901 -7361 -6889 -7629 -7067 -6805 -1184 2441 861 -8155 1763 4710 -9921 2127 -5532 44 -4612 -7434 6672 -1301 -3222 4203 1966 -3778 3819 -440 -926 5725 -5813 1541 -1042 5351 -4969 -8759 -4279 3901 -5455 7129 -307 -820 957 -9377 -9090 6710 3044 -8557 6312 -7025 -6374 9659 -8432 -4043 -5605 -1797 -7880 1154 2460 9657 -2268 8570 4696 2361 7158 -2530 -9862 2890 8252 -4987 -2372 5145 1359 512 -6394 -2021 -1616 -8032 -2219 -7781 5524 -6248 -9595 8419 -9618 -663 -7674 5813 -6742 -262 9911 1396 -5387 -7031 -1514 -3994 -8594 -9993 2490 2947 1143 -936 9826 -6109 7072 8538 2224 539 -4448 -7633 -7669 6109 7247 -8648 3890 8163 3097 977 7265 -7812 3049 7003 -5003 -9922 699 8914 -4820 7138 4801 188 6817 -2167 -1602 6283 2884 -396 -5061 -5445 -993 2482 -3637 4202 1321 6260 -1082 8953 -4120 -7113 -7007 5660 -761 -2731 -219 -1055 -3652 8737 9658 4949 -8591 -5823 -6161 1813 6677 -1060 -2540 -8302 6515 1566 2520 -8412 921 -5239 -6266 -1635 210 -2315 -5503 -7510 -821 2245 5878 7801 7520 -1009 5089 6277 8095 5302 6310
6958 5560 7514 -1333 -1157 4492 -4608 508 9077 -3724 -7112 -7190 1339 -7860 5021 -2878 -7179 -7315 5557 -8065 -7600 4466 8067 -8941 6772 -6019 -4417 2706 -4692 163 1971 -440 -1928 5732 -4656 -4616 6536 5554 -4858 666 -1088 -2652 8660 324 5750 3591 755 -7373 4579 -8769 -9867 -1188 108 -7813 -6514 7472 -9163 5087 -5766 -5428 -6410 9531 3134 5004 -7764 -9114 -2739 7940 1313 -1178 7104 3757 407 2999 -9358 9308 -8195 -4014 8291 8084 1951 7543 4080 9977 7639 -2699 -3270 9845 -2054 151 1643 -3550 240 3778 -2963 8956 4623 -1202 8864 -5197 -7989 -4991 4317 -901 6859 -1056 -9946 -4773 -459 -2412 7407 -6230 9803 -3789 -6216 -8521 -8501 1171 3372 -2781 -4378 -4064 -4590 -8536 -1427 9347 1664 7404 -3982 4990 -1187 1954 1209 280 49 6408 9785 7567 -5656 2153 -7612 1644 3111 8476 -2154 -2884 3665 4387 -9809 -853 -5299 -1677 -9011 -2714 4647 -2529 -7532 -9112 -3847 9745 5558 -2568 -5536 -479 4176 -2044 -9951 9111 -57 -5583 -8606 5080 -1589 4114 2878 -8565 8860 -5630 -9509 3207 6141 994 9791 -8869 -9745 112 7267 8775 3718 1217 2301 -8084 4177 -3621 2001 -7950 9952 1333 -1693 -3835
3167 -3298 2526 -2031 -1491 -1146 9216 -1971 -5568 3309 -4628 -2196 -8410 -131 -5250 -3778 -3230 -5227 -8521 -5914 4675 -4458 8810 -4769 749 1286 -9947 9401 -8431 -795 -2013 7992 -4867 5620 2563 7927 9711 -3257 -7947 -1693 3922 39 -6385 -609 4977 5760 265 -1646 -9442 5963 -2456 9419 1839 4688 9083 -5333 35 -8376 9685 2450 -419 -8355 4790 -2478 -4024 -8633 -1948 -9305 3547 -3962 -7961 7177 -6059 -1783 6321 -5652 -6631 744 -5959 866 -3350 4992 -3191 6600 1461 -3405 -569 -1305 9225 842 4466 -5239 5615 -4216 -2244 6508 4317 1294 8887 -9667 -5728 -2946 8338 -4174 -119 -975 3411 -4400 3325 7398 -5158 3770 4255 -1755 -7848 7931 5030 -8393 -1134 4911 -6971 -848 4200 2929 -5306 8607 -7328 -4893 5390 4563 3295 4819 -7762 -658 -4505 -5537 5413 8059 -8112 -9289 -7341 5358 6288 -2029 -8901 8844 -1610 -2047 807 -547 -2868 -6508 -7217 9803 3181 -5674 -550 115 -8842 1605 9151 -6383 -4004 -2043 -5842 7130 -7556 7074 -6822 -3785 619 1132 -880 -3437 8842 -3605 5771 3222 -5227 -5030 -2438 3907 -2485 -2569 -5748 364 -9104 -731 8700 5431 -4372 3739 -5387 4205 4317 -5383 -1710 5735 6232 -201
6091 -2500 1744 2006 -8335 4638 7731 -9928 -5173 4346 -2026 414 -2653 -2733 -5450 -7060 -2305 -9740 -645 4685 -6900 -783 1791 46 -2712 330 -2795 6333 -5092 7164 5012 9737 -2567 -4089 10 6830 -9249 -5143 3129 250 7442 2900 9800 3647 -7727 -670 -4715 6015 -1367 6503 648 9242 9114 9317 9041 -9444 -328 -2519 -4484 -4940 2003 4635 -3557 -378 7742 2387 -4204 -9962 3660 -8800 8765 -9292 209 6219 -463 -2695 7566 5956 1834 -6343 144 6688 2474 -4956 1709 632 9421 8776 6438 2259 8451 3307 -2574 3118 711 5342 -5520 6573 8553 6448 -9821 8050 -3091 4695 4429 -7856 -9941 -7086 4289 -9810 -2915 -6905 4764 4671 -5736 5063 -9432 9070 -3568 7855 -6978 -6404 5747 -6439 7531 5698 -6803 417 -9934 9152 -6925 -9183 -609 -7802 -3514 -2256 -714 779 -4163 -7641 -8500 -418 5587 4841 -9999 -2251 -7287 9402 -4656 8371 -9962 1175 5785 -9325 -9598 1836 3164 -4398 -2216 8808 -1631 9544 9943 5124 9726 9204 6544 6252 -1474 1737 9034 1299 -630 2182 4562 -8065 -616 7372 4410 -3063 7114 4312 -4335 3698 1841 5594 -7702 -8126 8937 -2426 -6177 -4532 -6155 4736 -9029 6418 9791 -8457 -833 2087
-3304 7400 4980 3436 4913 942 3746 -8739 3550 -4761 5654 -8700 6862 3658 8906 -4326 -5032 4320 -2054 -3857 4686 3413 -8184 5079 -9296 7178 -1946 9021 9361 -967 9190 8111 2098 9809 8007 1083 -2098 3190 4195 -3960 3633 -4888 7334 3391 -3289 2442 8591 -3304 8302 -9168 2401 -3207 -2240 2286 2630 6025 257 -8028 -757 2532 -4937 -4679 -2065 -3741 3997 -8934 473 6806 1132 -2582 -7004 7899 7394 -4184 9585 -5278 -9568 5355 -7766 -8311 -2899 -8814 6738 9692 -8414 6646 2873 9780 -601 -3752 -2178 4139 7005 -9994 6771 -7267 5738 -5395 825 -4324 2386 -6811 2632 8212 -2805 -6916 -9515 1391 -1416 797 3744 1193 8188 -4861 -7649 5792 4010 -3619 7167 6700 8978 -3385 5803 6369 9523 -2063 1009 -501 2922 -3646 6084 -7425 9182 7168 5877 -8445 -4055 -9156 -9409 1929 -3270 2850 4170 3666 -7763 5560 7077 2995 9027 7441 -1935 -1963 2883 9933 -9277 9059 -2927 3322 -7664 7083 1867 6827 -412 -7768 -2650 8383 -98 -3713 3092 2473 8490 -8560 3578 9162 1649 5296 -7197 -2115 -6708 9677 -31 8774 9440 -3054 816 -9458 -631 2671 1375 3981 4122 2055 -3146 1614 -6663 1811 -7307 7000 -2933 3174
4426 -1385 3980 7525 4106 2249 3819 -7115 -8472 9946 5128 -9654 7770 7343 578 -3764 -4738 -8279 1365 9429 6679 -6493 -4931 -9114 7851 6441 -7443 -7283 -1026 -387 7629 -4104 1117 -3651 -6512 8482 8474 -955 5029 2230 -1928 -5925 4309 5634 5518 564 -3597 7098 3482 1916 8943 -7803 9875 2338 2688 7421 1396 7378 -8545 6456 1052 2310 -9666 310 -3880 -6651 8575 1665 -4865 -3486 -564 -373 19 -6610 -8199 8495 -8422 -9876 7433 -7968 -2784 -465 6593 3300 606 -7537 6829 7139 -4066 -5925 -419 -9891 6794 5193 -3025 -9327 -7761 258 -7526 4249 -2358 -9725 -1571 8824 3002 9316 1974 74 -3375 -5932 -4777 -6498 3483 129 -4643 -1021 -4339 -482 6352 -2896 -2444 -3986 4932 -3921 -1660 -6379 -9719 -9845 4746 -8482 -502 -1270 -9666 -4918 -319 -9106 -4702 468 -4241 -7663 -6978 -471 8118 -1903 -1324 -1400 9363 -7811 -2876 -2092 -3193 -8346 1624 8444 -6974 4975 3680 9409 -2452 2287 -7715 6608 -4349 -7889 704 -8699 6877 3033 -6215 7967 2963 -5092 9974 -4507 -5172 0 5720 2445 -7930 8360 7437 4504 -5663 -4441 6974 3755 -949 -5518 -3409 -1861 5404 -1492 9289 9587 3051 9467 1492 -9867 -2273 3417
1535 -9235 2850 7876 4477 4939 3599 -78 -2082 2210 6291 -2955 1922 5955 7446 -8287 -8602 603 2355 5206 -5468 3341 6024 -8351 -4456 2160 -2951 7914 -9381 9571 -2009 -6154 -7776 7980 -3925 -9720 4322 2564 -5365 -3092 5639 -1794 -2772 -4132 -1842 2066 5274 1315 -4371 -5247 -3009 4169 -7018 2234 -3425 7238 -7309 -9725 2016 -8558 -2992 3638 -7732 459 6028 1237 -53 8990 2277 5132 -543 9168 -2787 7305 6685 -7445 246 -2434 474 -3283 1792 2606 -7062 -928 -2267 -1479 -9712 -1539 6325 76 5953 5565 -6616 9784 -5359 9299 5196 -2197 2370 3920 -1103 -8185 3332 7838 1326 -9515 1689 -8319 -8245 -5598 7944 3329 8499 2250 -3701 4903 3952 5617 3576 1535 -2592 3057 3238 3865 -1154 -930 -9457 -2404 3620 2090 -8998 9107 -6404 2788 7442 -3110 3119 -5030 1664 9236 3844 2312 1398 9028 9464 4413 295 4953 6865 -7431 6180 2448 9001 3175 -2725 1186 12 -527 8243 -8640 3738 8551 1358 -1170 -4736 4220 9033 -7862 1339 4290 -4864 8822 -4171 -1478 -5176 -2351 -7218 5698 4706 2314 -2849 8427 1343 5678 -2563 -489 -610 -4610 -1922 -9670 -5564 -6981 -6324 1157 -4187 -4148 5210 5375 -9573 539
7953 3239 -8503 -9833 3099 -4428 -663 -1643 4525 5420 6982 -99 -3446 -2500 5222 5736 7387 -392 -490 8931 -5241 6586 393 -8893 -5975 7065 -6731 -8413 -2643 -9967 -1831 1171 8776 5260 -1809 -1906 -7132 7287 2223 -9400 -9985 1597 1524 7920 -1675 5198 2247 9870 -639 854 -2436 7283 6451 5073 -6025 -5325 -6447 -8996 2549 -3397 4286 -617 9379 8294 -8644 -4778 2294 -6833 6379 -3102 7503 -8916 -6516 -7007 -9885 -4537 -2702 4712 1622 -8622 9803 8795 -4959 -8859 -7312 5791 2942 8254 -4959 1320 -8232 -7661 3452 -3741 1352 6579 3538 -6763 2048 148 6754 -5772 9460 -5189 -8526 9786 4364 -2605 583 -9120 -254 -5060 9990 6316 -6236 477 7908 -9844 6117 -1448 -5015 -6791 1863 -9861 3591 -6990 -6283 8104 6168 -3696 -4833 -6870 -2663 -3111 7528 9746 6000 -109 6793 9963 -4401 8601 -1783 7545 -5766 40 -2562 -8864 -6711 6550 1560 -4807 9039 3855 2858 -2178 -165 -1404 -7442 929 8552 9704 6505 -7915 2753 2027 -6035 -7023 7116 930 -8046 2284 6479 7385 -6276 -6599 -675 8556 -1279 -9786 -6799 -4127 -3373 8477 7609 4344 -6359 1572 3224 4505 -3421 -5402 -9445 -1771 375 -3642 -6896 -7252 -9667 5067
-9157 3110 3878 7736 5761 7188 1586 5033 -1997 340 -3622 2241 3215 -5285 9749 -2830 5520 4793 4432 2418 1033 -3386 -3986 5738 -1337 -1152 232 -2823 -3442 9104 7137 -6187 -3699 -8582 3527 -1226 1616 9780 -6948 7735 7300 2581 8000 1042 2876 8699 -6126 -722 6152 2908 -7859 4026 275 -6080 -1260 8355 4586 -920 880 -8829 -2223 2178 2707 -2053 -9710 4600 8013 -9677 -3637 -9412 1294 1136 1399 2589 -3775 4297 2581 5270 -4704 4162 -2435 -8154 -4434 -7858 -4403 -5034 5671 -6164 -2114 4137 -249 -8721 -9154 6893 1119 9341 -6955 1177 92 4881 7434 9534 2231 -5018 -5123 -9836 8423 -5426 4483 -7347 1398 -2630 -7922 -6528 4248 2932 -4405 7583 -3310 3668 -3791 -1383 -708 2347 -4493 6628 -7997 -9670 3096 -3497 -3035 -1468 5288 9561 7217 1218 -3100 1889 1517 6897 -3228 436 7812 3757 -3463 3423 -9140 7480 -8533 5445 8732 -2323 4470 -1324 -2578 7091 -4449 5456 -2227 -3128 9395 -5945 -6958 8276 -5980 4993 1799 2054 -966 3650 -8137 6241 -8814 -7550 2248 5048 7082 4424 7584 -4456 -7416 -9442 -9219 5473 80 7979 -2749 -9781 -5179 -2744 1242 2774 -8319 -1677 -2854 -910 7665 4249 -1381 -3835
-6654 3002 5583 5043 448 8756 -3281 8117 -778 7549 7520 -6389 8045 -1845 -3077 -436 -3338 4199 -5522 3707 -6640 6009 1755 2496 8667 1033 -3466 5172 9707 9165 -6807 3820 0 -3189 9889 -9219 5378 1135 -9066 1426 5067 3171 6125 -1476 8938 148 8577 -2608 2954 -1377 218 -1058 6986 -5958 -2047 -72 41 6667 8388 -4603 -1566 -9816 4202 -2653 -1957 -8846 856 -3782 1280 5999 113 -7934 -7427 7149 5063 -4334 -6204 -8100 -7602 5584 -2934 2893 5932 -269 4361 6259 7957 -8564 -2703 9023 -9150 3717 -4426 -9824 8891 -2327 8217 7896 2511 8688 1270 4310 6389 -54 -6791 4169 5384 9965 6395 -7063 1044 -960 4938 9671 7281 -3784 -9545 1406 -8974 6366 -1930 -6990 3861 1697 7209 -5276 6037 6677 -2811 4771 8998 5269 -6415 -9335 -1709 888 -7788 8935 4297 6135 1990 -3628 1334 -8825 -1065 -1183 -5769 -4484 7640 9715 7976 8401 3643 -4249 -3633 -4478 -6283 -7905 9591 4976 1796 -3976 3044 -5306 3283 -6161 8260 1116 -7374 9192 995 -3048 1601 -5419 4123 2020 -5242 -1525 3927 181 3470 -5033 6867 9081 -5694 -4208 -3615 5857 4779 4367 7379 -136 9872 -4517 -1511 7495 6627 5556 3322 3446
3539 3903 7726 882 -4464 -349 7764 8936 7306 -3592 1441 -1878 -9646 -9305 1418 -3416 3719 2206 2339 -4493 7835 -9625 3839 -2383 9079 9033 232 2524 -3595 4721 -6697 -4425 -8114 -5450 -941 250 -8469 2870 -6281 340 9055 -3505 310 4051 5830 -2337 -6262 -3070 3469 9411 -7466 -5677 -2777 6942 4728 -8408 -9067 -3002 -4283 -6846 -9172 -8330 -1237 -1557 9229 -1960 -2113 6124 -9593 -9467 6384 -5007 -1675 -4793 -4052 4225 5533 -102 -4860 9424 -7958 5769 -1254 3088 8489 -657 -416 7510 -9110 -351 -7449 6501 -2305 -7935 4240 1757 -8519 -613 1239 1906 5209 -5032 -125 -5268 -2793 9785 7381 -9418 -2639 2035 7319 -4802 2750 -6007 -2863 2477 2977 -2024 7595 -4476 -426 3696 5938 6514 8222 -7789 5325 3618 -2478 -8667 -3807 7157 9006 9736 -6566 -2850 2166 -6464 -4259 -8514 -3842 4765 5057 -9623 8724 1712 -5010 1951 -2740 -9788 7194 3960 -916 -436 5387 2907 -7790 3209 5297 258 6412 4243 -9819 8916 -9753 8532 -4430 -8222 -3721 2882 -348 4393 74 -2837 9580 2082 9667 -6925 -3434 -5866 446 6251 6473 2263 -4410 -6378 872 2792 5450 491 218 -5220 -4092 -80 -7652 -5309 7014 8401 6376 -6910
-8779 -5483 9215 6098 -1714 6072 2385 9567 -1364 -3757 -2635 7914 -8320 2251 7574 -6266 9249 2406 5133 -1824 -3982 3566 -667 -5366 -493 -9163 -242 -2548 5334 3158 -538 9425 7318 8539 -6529 3291 -6729 -8725 1044 -3142 4810 4893 4441 -2452 -8261 8081 9977 -8300 156 9277 -7983 -1452 5138 -2764 7682 5167 3360 864 -7482 2674 -2111 -4794 -2282 -5050 -3451 -8754 5486 8875 6821 5109 -4832 789 2566 3520 6791 -547 -5270 9925 -4797 -8057 3826 -1405 -4453 -4137 6571 -4301 9451 3912 8872 -1560 -7478 5876 933 5124 6174 9005 5326 152 -425 -6466 -4827 4805 1612 2470 -6442 -9138 -5424 5589 -8616 -397 -448 -511 -3071 3535 -564 110 3872 4534 -3579 4106 693 3965 -1232 -2311 -8259 -809 8761 -1024 -5354 8105 -4708 -6607 -8255 -6692 -7770 1136 2834 -9492 7173 -8256 4936 -8489 -9879 8031 9645 -182 -5640 7234 7664 -4905 -7963 4364 270 -6606 -6962 3162 2935 6479 6091 -6427 5073 1570 -6822 -3233 -5170 8851 -8229 -1135 5809 -1921 -1822 9079 1572 -306 5216 8374 -5649 -8367 8465 7759 9989 -7936 5827 3520 -7990 -8430 3504 4645 -8641 5668 -3987 -5309 1850 8253 3186 -3665 -7232 -1258 9721 2707
-1966 -6287 2384 6639 4133 -8001 -183 9233 5678 5946 6993 -8722 2730 -7526 1694 -8149 -2576 155 -2703 9783 -8362 -4520 425 9401 -8259 -6290 5004 1491 -6862 2406 7450 -8670 -412 6534 93 -8782 -3317 -5188 2346 -8417 1428 -1410 -7878 4093 -2047 5086 6747 2018 6272 8828 2288 -454 4772 7628 8543 -5007 -8177 8777 7400 -4357 -6261 9399 2311 5672 -7555 4666 -3130 -3262 279 6672 1346 7200 4425 4206 9810 -6400 7817 -3247 2332 618 9036 6603 -7400 -5932 -5157 -9354 972 4624 1403 -636 5033 7141 -8043 -4795 -6547 -8544 8727 -1562 -7328 6259 -470 -8009 5188 -4311 -95 -1153 -326 -347 -9650 -2957 -8062 -5036 -5239 991 9217 -7790 -4498 -6079 -6832 2797 -4641 175 -2602 -7293 6026 -8207 5734 -7210 6287 1550 -1370 -7289 -7384 4927 -1976 2490 -5886 -8807 5617 -8987 -3917 798 5912 5523 -3620 9111 7049 9533 -3531 1802 801 1784 -9788 -7843 -1698 -7990 -6731 -2 3831 -7911 5057 4730 -8819 -7175 2702 -1067 -4556 2283 3512 -2870 9276 459 8856 5283 9695 4021 6778 -2007 2081 4910 -3183 -2668 5563 7288 4536 -6277 9868 -9628 2334 -3693 4879 -3523 -9635 -7306 6172 -7608 -8404 -7752 5528 1321
-6380 -353 -2861 3154 -3176 2474 3066 9075 -9406 6711 4712 -5672 5846 4704 5061 5702 527 7774 -288 -9802 -6072 -3177 7216 -9760 791 2495 -8242 3068 -7622 -5098 -8327 -7603 -216 -117 6174 -1164 -9673 -8679 117 -1720 2017 7439 6171 -9819 -8162 -4173 7816 -5541 -9147 845 -6722 1264 -1078 -2317 5496 -8077 8651 8805 -9431 2544 -5492 -8658 -7327 9179 -7995 8372 -9212 -3075 8414 -29 7210 -3851 8430 6079 7626 -7250 -6771 1526 7055 3376 3195 -2661 -8476 -2748 3262 5047 -8057 -5575 2189 1263 -5641 1314 -9821 3301 5977 -7015 -3872 -2488 -9185 -2779 2944 6443 -2752 9495 508 -1666 4431 -3948 678 9569 9343 9489 -4517 9992 -2067 4656 -2732 -125 -4981 -9794 -1894 -6726 3021 -7027 8998 -6486 7304 9265 9053 -88 -4841 -2104 7321 4497 3054 5049 4152 -4040 9499 -9845 -9196 3606 4962 -8920 -1446 2228 -5499 -2543 -6111 -4888 3488 -2862 8050 -6820 8751 -2650 5486 -8229 315 7194 -1958 -4165 7006 -6579 -1775 -738 -4815 -1287 3021 -5877 4610 -3057 -7113 1719 7870 1555 -8448 -7340 7311 -4094 -8323 -2067 -9033 -7479 5137 306 9050 -7721 8327 8476 4854 -2611 658 -1798 -8764 -4759 4241 -1881 2932 -5743
-7875 5298 -7809 -6036 2642 -2002 -979 8236 -6782 1753 -5701 -8283 6779 7728 -8507 6521 -5349 -7756 5135 1472 1743 -1300 7659 3773 -7358 7376 -4543 1227 -6731 7020 788 -2032 -7028 -5042 8054 2662 -8670 1020 2584 6686 -2638 -4669 -6635 3255 688 -2975 9370 -303 3272 1791 3128 -1880 -4771 -8728 -7364 3938 8748 1347 1370 -2112 -5437 -1825 2514 -1099 -9696 -5082 9001 -6778 -5475 8076 -5800 1890 -6074 -1083 1165 8604 5514 -4729 -9331 6815 -1612 -9708 5302 -6838 -7755 2220 7328 -4684 -3376 4801 -2682 -4688 -152 4265 -2211 -8904 -4410 9003 1666 8892 -9093 -8132 8471 -5773 9878 7265 -9206 7156 -9683 6678 7369 2739 8068 6005 -5731 8776 5842 7356 -3656 7911 5043 2171 6481 -3933 7842 -6438 8471 5320 1963 -3360 2347 -7991 3175 -7952 -3311 8780 -1845 1378 1280 3219 496 3021 -7793 2067 -6601 -1247 8093 9272 -682 4714 5972 8569 1870 1053 -3067 490 9773 -55 6949 -2406 2253 4358 -4838 -6063 6291 9709 502 -7595 9071 -1951 1860 -2474 303 5780 -7289 -4548 -6418 4397 2914 9815 483 -8785 4702 -8303 9561 -2453 -8530 6330 3739 9582 -3206 -3418 -7392 -5354 -9137 909 6040 2166 -2179 -790
3861 7898 -4330 352 8584 -3680 6383 7065 3811 7909 -5958 -2576 5818 1089 2462 -2056 -221 7347 -2336 -6011 2583 416 9244 -6953 -8883 -4521 -907 -6068 7400 3804 -8990 -2884 -285 -2524 -5343 5388 -4064 -9927 6640 2598 7524 -5439 -8678 -437 2630 -7557 -2802 -915 -378 -7267 9246 2810 -759 212 7823 4263 1145 6409 5447 3873 -7686 -656 -5717 -8576 -1059 237 -988 114 -8548 9153 -4121 7685 3141 2741 -5884 -5824 9955 1289 -1997 5611 -4690 1254 -7480 -1564 9050 870 5166 -1897 -1089 3701 5518 -6536 -7698 -5128 -4025 -5257 5317 -6484 -7580 1448 -479 4850 -9986 784 9655 5304 4114 -3300 -5777 -5047 4264 3700 -5259 -6833 9247 6139 2799 5936 -28 -230 -1709 -1539 -241 -5069 -7582 8929 -5085 5397 -3178 4819 8833 -2784 -7525 1440 -262 2645 -6765 -5163 1384 -472 6345 -9481 3133 4675 8462 -678 5870 -2654 -8140 3261 -5434 -950 2316 -168 -488 8915 -2777 9720 -3920 -5803 -5532 7216 -9219 -7039 -3367 -7834 -580 -5084 8281 -2035 784 6530 4206 8740 7492 4780 -8460 -2835 92 9487 -3645 348 9552 -545 -272 -9381 3428 1795 -4550 -9199 -173 -9262 4746 8718 3835 -444 3861 5641 -5645 -6505
4425 7020 6895 -4766 -1954 7313 9348 -9040 -2920 1347 -768 -1151 1021 4752 -346 -142 6593 -7361 -7447 8621 -6450 1447 3297 9608 3556 -8724 -1673 -9303 7100 -3387 2499 6565 -2524 -8037 9810 -1926 1728 -8628 6931 -9827 2831 -2869 -6908 3824 -8815 7580 3806 -2441 167 -5205 2626 -231 2643 -5951 -4886 -5696 2933 -9328 4445 7318 -497 9533 -2064 -8914 2970 6951 -9333 1899 -6209 -3132 8314 -1072 -1864 8048 6926 5249 -3632 4412 9013 7553 -7060 178 -7101 -7046 7570 -3184 4403 9329 -1003 -6131 -5148 -4864 2305 4163 9302 1587 -8887 6744 4427 2627 8435 687 5579 977 -4940 9062 8792 -1364 5411 -4569 -5307 -4797 3109 5653 -3456 -2692 4819 6575 8110 -8059 -1535 9626 5338 -9925 -544 3582 880 -7560 8713 214 4358 -5008 8111 6900 7218 5490 3785 -2786 -2820 4662 -4163 -5659 2187 5641 -9414 7079 -555 4890 -8999 -9112 -4451 6453 -6718 9809 3086 3784 -3727 4285 -6553 7684 -7516 5289 -652 -8300 -1839 7083 2964 7197 1372 920 9556 -8079 7077 8738 -9475 -4165 5029 5661 2632 -1770 6143 -1775 -5144 3172 -9287 -3560 -3198 8858 -3588 4674 903 -1805 7713 -8570 1522 398 1499 3471 9538 -7488
-1341 8434 -6758 3694 -112 -5402 9900 6385 6085 835 1347 6861 -8970 8118 -9996 -4258 4698 -455 -8582 -82 -8654 -2856 62 -4837 -4269 -1208 -5682 3259 5970 -1504 3160 -5857 1612 -3057 -70 -9943 -1270 3703 2438 2229 -8406 -6330 3019 1906 3904 -5584 9120 -9419 -4797 -814 -3819 2536 7282 -2106 333 3547 -7247 -3122 9816 -4187 -7692 -4993 -3300 5613 -8399 -1214 -495 9977 -5176 -2223 -1936 3232 9146 371 -726 894 7787 1210 -5983 -262 8272 -4234 1404 3708 8918 -1627 5525 -3163 -65 -912 -2082 6186 3203 1957 -5695 7170 9104 -6553 -9285 -2660 3252 -3654 8519 8690 -1587 -1529 4028 -8307 -8239 9119 -3333 -7363 -9174 1081 -1516 -9935 -2716 8264 9825 739 8953 2632 5203 -410 786 -5178 -8772 8120 -4407 -6672 6654 384 4300 -4263 3412 -5386 1463 -5524 527 -2077 7722 -6395 2819 7822 2890 -5209 9634 4345 -130 -1304 -9161 4265 -6277 3254 -776 5304 -2539 -7135 9604 -8511 -7338 3079 -7560 -2617 -307 -312 9282 -3485 8786 1715 -849 -6659 -5135 7719 4470 -9956 9153 -8091 4082 6445 5292 -9502 8980 -5713 -2393 7024 -3940 -5849 9343 -5746 6455 -322 -5207 3654 6367 9902 -5526 3458 -6911 5864
-732 -4922 6421 9013 -5311 8463 4382 -5130 -323 4051 -1662 372 -1304 2655 115 -2886 6332 -7121 -8863 4175 -2103 7700 -211 -9787 -1915 395 1519 8106 9685 -2855 959 8777 4928 7158 8659 5298 -5976 -63 -8634 -2293 352 4876 3484 1963 -825 363 2286 1775 -3973 2691 -769 806 5534 -1204 -507 -2474 3255 3967 456 -9324 -6537 -2275 2220 9218 -9083 5505 9156 3944 -9850 524 9877 -3793 -7810 2908 7267 -9746 6263 -93 -5376 7622 -389 2387 -3972 4178 -7072 3307 -250 3714 3468 5039 9842 6326 -4033 -9761 -8655 -9919 8450 308 -8059 3082 150 -1488 8319 1397 6570 -9800 6035 491 -8073 5541 6380 1257 -7074 3260 -6403 -1370 -3613 7928 -2159 -8275 -1997 7383 -638 3091 -3152 3604 2409 6083 -1373 -7096 7596 -2301 5623 1173 2224 6447 8259 -3538 -2734 -5800 -9922 -5059 6426 -4846 8391 8988 5605 8042 5516 461 8169 8680 -3362 -6720 -5375 -1785 -7087 3886 -1534 5591 527 -7447 1420 -6474 60 -9851 662 -8776 -6191 8785 -4282 4937 2705 -5174 2335 -8553 -1756 5807 2386 -6283 8622 -1094 4243 9762 -6137 8716 -9963 6198 -4881 -531 4404 -8688 -6071 -492 8738 158 5614 -2965 -4758 -1264
-5128 -4347 6189 1731 2691 -7047 -5393 -9984 -9489 8951 -1825 -9404 9290 -6479 2434 -2565 -359 -395 -4030 9395 4736 -1834 8998 8031 -2270 -5260 -3573 8767 -5569 -7148 -204 619 9664 -8329 -5062 -9891 -4645 9346 -2103 1480 437 -2510 -1289 3871 -1485 -7071 -8873 -1212 -7412 3186 -4330 -210 6429 2871 5037 4581 2871 9539 288 -8394 -9888 -9073 2124 2936 4425 1975 3021 -1516 1985 -3379 3642 9309 502 -5305 6635 -8859 5211 3469 -3261 6244 -8960 -7499 -6008 -2404 5272 -4117 -6405 8632 -3457 -8642 -2971 7082 2219 -6352 -2460 -9783 -8899 8049 4957 6269 -4757 -3367 -5435 -1770 -1048 943 1707 8060 -9887 4121 -5335 -6195 5057 -1130 8020 -138 -5207 9338 8445 -9001 4671 1140 9594 -1906 2910 -9493 -6361 2099 -7436 -4502 -1549 -1127 -2902 -9505 1133 1556 -3371 -2035 8804 5407 -8572 9619 -2539 -4220 -9916 -2286 2238 -4368 7254 2894 -207 -969 893 -8315 -6406 -7447 -8655 -4996 4136 2244 -4354 3921 1386 9226 7941 5164 -6332 8665 5042 -6089 -6276 6273 -6739 -8714 -8369 7876 -107 1661 -7072 4046 6806 1444 -1086 7566 -2868 -4041 -1489 9863 -3455 -1860 2012 8774 -5549 -2965 8175 -4172 -4099 -441 3408 444
9615 1401 -4141 -3036 -9738 5254 -8501 -833 5427 4758 -7892 -6861 7435 -9254 -345 -7381 -8702 443 -8826 7148 -1331 6007 -9542 771 7197 -5817 -7882 9067 -2119 2518 8563 7347 -5364 4929 8141 9475 9343 7242 -1255 -5258 -9467 9782 4389 3265 -2696 -7423 -4302 3511 -1691 -8274 -795 2768 5950 -3485 -5553 -8512 988 -2305 -6454 -5242 -5024 5808 436 9998 -790 5654 -3323 3760 -5661 -850 -3371 6985 -7383 -3595 -7863 -5645 -7374 -413 2999 -7766 1313 -711 3088 -8355 6169 6483 -7275 9830 5463 -1662 -2889 -7904 -7036 1303 9277 5103 -1332 3846 8858 6372 -6301 -2341 -6271 7555 -3925 9638 333 2046 -5797 3445 6133 2896 3157 3526 764 4501 3642 -9759 4594 -258 8971 702 3046 -7034 -2606 4134 8435 5414 4881 -844 7056 -398 1153 9719 68 5585 -6107 -1311 6271 -1906 -3029 -4348 -2888 2759 5899 5050 5921 -3608 1830 9014 -8137 5381 -4595 5498 -6036 -2400 -689 2480 8598 1912 6926 -2672 4176 -7372 6939 9806 -7521 -166 -1030 -6945 6558 475 3027 3114 -1584 4050 -3634 -7988 -6622 -9631 -4248 -8949 7325 175 5571 2254 2468 9752 -6897 -7994 3439 -1536 3281 3968 -1539 5059 -8474 -2781 -5000 -981
4534 9455 -6860 -9275 6885 -1412 -7940 -7793 -3221 5097 -5798 -9515 -2317 -3993 6494 -9994 4654 -5617 -1712 -7628 -7668 1839 -3262 3228 4538 4394 9274 1736 904 6332 -6288 -9859 -6563 -2364 9107 3228 1694 -4101 -6506 -4158 2380 9682 5393 -3028 6253 3875 -5381 -6228 737 -9042 -1276 4581 9481 -3775 -8730 2081 -9949 9154 -7984 4317 -8318 3710 -7833 4059 4287 -2756 -411 7243 -9232 3446 -8556 -2427 363 6609 9507 -6003 -4812 5009 -4653 -4587 -7589 1250 -5999 -6960 -3788 -3011 3073 9319 8298 1033 -584 8946 1255 1119 3003 -8919 3174 -8936 4216 -9861 9451 883 9916 -3347 -201 983 -4755 -4532 6921 5289 2254 -8262 2849 -3321 4488 -9903 -6255 2783 8195 8865 -6534 -6430 4942 -7933 4288 -3645 6703 -9126 4599 -1693 -7292 9675 6623 7978 -4556 -7568 -1171 6763 9321 -6913 2009 5860 3211 3511 5019 1459 4224 -5227 -8879 -4458 -4252 2843 6150 2915 -1351 -6255 727 -6290 3338 2620 -8330 3856 -8591 -7551 3049 2100 3703 6855 -6841 8520 -4097 -5902 -4911 5352 -3693 -9555 8073 2824 -6595 2502 4846 8771 1832 735 1027 1132 -2096 3865 3894 -8313 -5540 -5452 -7641 5310 -9832 -987 5484 4014 -9167 534
-1325 4868 1544 8353 9991 5361 3085 -5145 6278 9138 -1185 6292 745 7841 7654 9593 2286 -5556 4699 7990 -5424 5523 -432 -1058 105 -3312 122 8502 6241 -2226 721 -4431 -6394 -8105 -8354 6963 171 -9337 6624 1925 -7906 8202 -8386 -9954 -8386 780 6870 -3073 -2296 -7285 6876 7789 53 -7206 -4694 -4539 -8135 -7987 -225 5019 -6857 3105 8390 -5218 -7495 4471 796 -6006 -5991 -6584 -8931 -350 9262 -8350 -7634 4266 -7778 -7090 2675 3704 -382 -805 5341 -198 -8333 -8279 7558 -8403 -5502 -6597 4551 -3019 2781 7627 -4267 3584 -5463 -9445 644 -4682 -7974 8020 160 3598 7082 1551 611 -4043 9219 -9393 -1509 914 8366 9864 9818 -620 -5588 -8333 7146 3703 7075 9085 6961 -5550 8434 -3244 2501 -7660 7974 299 5777 -9417 4128 54 -6494 -2840 -8809 4425 -7457 7866 -8882 -4204 -9616 8583 -4541 6291 2688 -5543 -3204 -1687 -1924 8767 9818 -4775 -3660 3593 -1946 -187 -7288 -724 7282 9454 -1649 -9079 -742 3615 -6513 -9437 7807 -5581 2028 314 3180 -4495 7200 -1435 -8288 -3753 -4729 2877 3418 -5409 -305 -564 4489 8756 -1714 -9762 6867 -9042 8480 6735 5478 1698 -8782 -4738 -5827 2965 2800 -9592
-7246 4864 -7996 -4993 -8746 -2098 -7964 -8374 730 6837 3381 -9324 -5638 4258 5933 513 2935 -2226 -3348 6713 773 -4591 5265 -1761 3393 3770 -833 8514 7418 1452 -6487 1110 5772 7350 -5334 3959 2540 -9624 2765 -4723 78 6104 3618 -4625 4898 -600 4357 -1128 -222 -1056 -9322 2943 -8676 6571 -8326 713 9816 7376 9383 9285 1520 -5927 -443 -1378 6922 5168 -2889 -647 8500 4063 7404 9001 -2519 1877 -5543 -3016 4935 -9229 5451 -310 -8122 867 3538 1983 3628 -456 8 7394 -9975 5666 -9343 5800 -6029 6017 9780 8578 12 -6388 -1366 1822 -1103 3579 7221 1147 5403 4642 -6097 -134 -6490 -4542 -2048 -4476 1342 7670 6456 -5268 -9458 -3912 5185 -8666 -5534 4229 8109 -2070 -3714 9999 -873 265 -1453 4614 4942 9417 -2395 7391 -7339 3152 8290 -8290 9272 -552 -5347 6236 1246 -9094 2695 6351 -7833 -8166 -5635 -6310 -7321 -59 5821 9163 -2011 -9278 8109 6343 -3880 -4916 -5077 1214 -7094 -8506 967 -2911 2296 -9987 8247 3771 2720 -9586 6914 601 -2923 3084 -7228 9732 -1019 1623 -4683 -9851 -7816 1147 4788 2362 -9220 2214 2737 -3219 -2951 -914 2269 5999 -4065 -9410 -9175 7443 -7715 9560
-2476 4470 5211 4973 1710 6546 -8353 -1802 6080 3193 -9673 -9815 -4127 354 5232 4176 9783 -4159 3139 -4599 -6145 -5710 8734 -8166 -490 6442 -4787 2208 -1781 -6530 -8290 9514 -6524 -6226 -5001 8976 -6438 -1477 -7509 -869 9758 4027 -731 6775 9944 6064 -2535 -7993 101 4561 -8448 8536 6469 -5491 -8520 578 -5366 6431 -1412 -5337 2836 -243 9184 362 6035 -7341 954 2072 -4811 7207 -7922 2983 335 -9407 -8489 -940 -5619 -3165 -7511 -8333 6931 4871 -830 8171 -4466 9331 -1517 -223 -8232 -7890 -403 -938 1639 -4983 836 -4320 9295 -8486 3074 -3510 581 -5429 9891 -262 -2236 6393 -779 -4604 4011 -1205 -4556 8351 5715 -5820 86 3094 -4747 -4337 6523 8596 2573 -1730 -4769 5972 -8574 -8676 3588 -2653 -7414 -4911 9249 651 -3208 322 -9657 3812 -771 6529 -7070 -1373 5223 -7977 7396 5688 8109 -5130 -3245 4714 670 6041 1671 -4788 -6814 7466 7521 8117 -3281 -2049 1618 -8384 -8486 -5000 242 -9386 -3766 -9318 7400 -9906 -3020 1690 -3398 -3209 -8582 -8546 -3574 -3452 7280 9229 8182 4534 135 -613 7585 6764 -1628 6195 1700 -8066 6814 8144 -1077 -761 -8822 -457 -5053 -3824 -6909 2852 -9074 -5783
-3801 -8395 4060 -4348 8950 1142 -1754 -9677 -7241 6099 -7728 9124 2726 -6762 -9568 -6292 6833 -2258 6774 -8950 8932 8421 -8571 -8725 3081 8326 3916 4859 1941 7985 548 1230 1339 9678 119 8839 -7087 -3761 3295 -1684 5285 -981 4788 -649 3490 -3442 -9373 2351 6244 5906 -5455 6903 2694 8592 4097 -433 -1655 8344 -2687 5770 4243 7679 4082 2343 75 -9453 -3237 -3301 -6201 -5 -4591 -7462 -6476 -4704 -8705 1901 3210 1243 -2615 -3725 2634 5088 3427 -5627 -2380 1826 6469 -7936 2661 7840 -7958 3353 -3221 7718 9410 8252 -8455 -9832 7073 9302 -485 1648 -782 8569 887 3025 -480 2073 -9784 -5008 -7869 -3416 1224 -3195 4040 -2599 -2296 2941 -1455 -3482 8665 3415 9834 8434 6077 -91 8133 5425 -9996 3509 -1609 -2332 9625 -3715 3880 8115 -7734 -4017 9317 2509 -5997 -359 -7452 -2812 -8663 -5892 -1462 7137 4736 -4471 -6313 6024 -4504 -746 -5152 5811 -5953 -8358 -4301 -6142 6577 5039 -5341 -9735 3980 7145 -1665 6751 -4358 -1127 7177 5792 -5733 6974 -6965 3571 5628 8552 3559 -8768 -4200 -9398 2810 8320 463 5723 -7165 -6087 -107 -8826 1555 -1016 6122 6099 5729 -6225 1107 -5801 9060 9354
759 -1243 -3968 -1260 7161 2161 -6797 -1040 -5433 1624 6205 -7664 7054 749 -7658 6911 -9613 2808 5693 -1151 -5468 -7727 1030 -3134 -187 -9361 -5967 -6406 -6695 9735 9487 -7703 -1076 1351 -5614 322 9668 -1625 -7724 -530 -7955 -7100 -4085 1336 -1263 2162 -808 -5865 -9147 8442 2771 -6182 6283 -4771 -7462 1029 1055 2632 8480 6488 -5815 3241 6727 -366 1380 2742 -2530 -2472 9452 6445 1457 -4761 257 8644 8987 -3766 3628 -3653 -7801 140 -9285 -3272 -8770 8916 4157 -4523 -1750 -4659 467 5445 -5591 9457 587 7122 4507 -9935 -4629 -5329 -4337 7551 8175 9352 -5679 -8914 -2046 -7261 1355 -1466 -7325 9357 -9711 5622 6891 -8893 -9621 -7079 -7688 1367 8454 5697 8891 1072 -2783 -6489 7578 -9429 4863 -5446 -4229 -3390 -6849 -2904 7789 490 -8808 -3613 5388 3199 -1116 4871 -1581 -9116 5780 -5938 -5355 1780 5557 -7037 -7185 -4244 414 8939 5054 4832 3738 8635 2286 -7470 6119 -4151 -6474 -3796 -4957 3805 2058 3735 -5733 -7964 -1752 4961 -6550 -8781 7067 -3218 -7878 2034 -5948 -1227 -3163 -6588 -8238 -8800 9844 4260 8504 -6857 3390 -1319 18 -208 426 2552 3614 4815 -499 5346 -1371 -9911 -2535 -6993
3508 1368 -972 -4837 -3738 -1997 2262 8089 3181 2163 3260 1431 7468 -5635 5711 7507 6416 5180 -5463 7961 4002 -5931 7750 7048 -9305 -7269 521 -6284 -2373 -142 7293 5402 7477 42 -6520 -1597 -5226 -6894 9209 -3671 1502 3206 -3693 8628 7214 6371 3169 -5402 -2310 5296 -4248 2917 159 -5608 7013 9801 -3212 6929 -4797 -336 451 -4194 7593 4879 -2127 2485 3229 756 -4065 -6820 7463 -5334 -9144 -3494 -4466 5912 6519 -5520 -2759 9134 -3895 3853 5195 7737 -8134 239 2233 -6432 -6028 6277 7765 1849 1772 3273 -6501 -6015 1670 6558 -3783 -108 9218 2325 59 -1104 8261 9470 2659 880 9507 8930 840 3861 -9620 4095 -3198 -5634 -1038 -7182 3970 8546 9394 -7158 -2841 8571 -6355 -1828 5509 761 8694 -7108 -9637 -422 4346 -2944 -5154 -2921 4970 5803 -7313 1754 2605 6844 2131 -389 -2115 151 6149 -4493 -9671 2348 -7783 -8793 -6796 -8695 -1529 -3602 5268 -1536 -6269 -1557 1499 -1811 7776 -1445 7221 7887 9444 -9800 -3986 -6557 -3867 4964 6025 -5865 -8174 4658 -1750 -7214 -7589 -6222 1104 -2001 9566 -5357 -2968 -9281 -3643 6308 539 8991 -2624 9632 -6814 719 -2283 9208 -7900 6575 9670 -5135
8654 -1309 -7576 -5539 -6881 8736 4548 8303 5417 7263 8106 2660 5338 -736 -1745 -5194 -6952 4264 -97 -7692 6243 -3934 -3549 4756 -5980 7290 -314 9766 52 4080 6585 -3285 3274 4748 -6936 555 6463 94 -8914 1899 9578 1619 540 -7003 -3470 -8241 -7577 -3986 -9538 1601 6129 5755 8680 5203 -8944 -2136 -9179 -9634 -5399 2617 -8120 -2612 3481 -4494 -1099 2618 8819 2243 -9051 -3644 5530 4984 2886 -6797 -1267 -5734 154 1163 9172 -5640 -5746 7497 -9381 -5945 911 -2547 -5570 -7273 202 -1207 3757 -5520 4839 6494 4033 5009 1598 -5683 5320 -6160 6648 3086 6808 9486 -2777 -2387 7916 5440 3679 -1050 9538 7292 9926 -2218 1892 -4281 5559 -9443 3850 -75 -3 7385 -718 -9751 8887 -8786 127 5365 8207 6476 8560 3525 -1569 7543 4732 -7014 -4680 9433 4263 -2452 891 6943 1454 -7341 7885 -9107 -4174 7874 5593 645 -946 -9353 1823 -9885 -1247 6561 -3241 -9324 -1716 -5879 -7999 -4972 -3450 1798 -1327 -9425 4049 -6874 -8473 10000 -7072 7049 -7179 -3812 -3294 -6887 -4488 7253 -9802 -2963 2062 5497 1906 -938 -585 9217 3734 -4184 6880 6523 4495 7157 -2256 -8446 9581 7065 -6621 -8529 -9947 8168
